ISO-10303-21;
HEADER;
/* Generated by software containing ST-Developer
 * from STEP Tools, Inc. (www.steptools.com) 
 */

FILE_DESCRIPTION(
/* description */ (''),
/* implementation_level */ '2;1');

FILE_NAME(
/* name */ 'demonbeater case.step',
/* time_stamp */ '2025-11-24T21:04:08-08:00',
/* author */ (''),
/* organization */ (''),
/* preprocessor_version */ 'ST-DEVELOPER v20.1',
/* originating_system */ 'Autodesk Translation Framework v14.21.0.0',
/* authorisation */ '');

FILE_SCHEMA (('AUTOMOTIVE_DESIGN { 1 0 10303 214 3 1 1 }'));
ENDSEC;

DATA;
#10=MECHANICAL_DESIGN_GEOMETRIC_PRESENTATION_REPRESENTATION('',(#551,#552),
#12099);
#11=ITEM_DEFINED_TRANSFORMATION($,$,#6129,#6345);
#12=ITEM_DEFINED_TRANSFORMATION($,$,#6184,#6346);
#13=(
REPRESENTATION_RELATIONSHIP($,$,#12113,#12112)
REPRESENTATION_RELATIONSHIP_WITH_TRANSFORMATION(#11)
SHAPE_REPRESENTATION_RELATIONSHIP()
);
#14=(
REPRESENTATION_RELATIONSHIP($,$,#12114,#12112)
REPRESENTATION_RELATIONSHIP_WITH_TRANSFORMATION(#12)
SHAPE_REPRESENTATION_RELATIONSHIP()
);
#15=CONTEXT_DEPENDENT_SHAPE_REPRESENTATION(#13,#12110);
#16=CONTEXT_DEPENDENT_SHAPE_REPRESENTATION(#14,#12111);
#17=NEXT_ASSEMBLY_USAGE_OCCURRENCE('demon beater:1','demon beater:1',
'demon beater:1',#12116,#12117,'demon beater:1');
#18=NEXT_ASSEMBLY_USAGE_OCCURRENCE('demonbeater top:1',
'demonbeater top:1','demonbeater top:1',#12116,#12118,
'demonbeater top:1');
#19=B_SPLINE_CURVE_WITH_KNOTS('',3,(#7434,#7435,#7436,#7437,#7438),
 .UNSPECIFIED.,.F.,.F.,(4,1,4),(0.,0.011868617993116,0.0234364482680771),
 .UNSPECIFIED.);
#20=B_SPLINE_CURVE_WITH_KNOTS('',3,(#7442,#7443,#7444,#7445,#7446),
 .UNSPECIFIED.,.F.,.F.,(4,1,4),(0.,0.011868617993116,0.0234364482680771),
 .UNSPECIFIED.);
#21=B_SPLINE_CURVE_WITH_KNOTS('',3,(#7459,#7460,#7461,#7462,#7463),
 .UNSPECIFIED.,.F.,.F.,(4,1,4),(0.,0.0128757741799858,0.025864312939229),
 .UNSPECIFIED.);
#22=B_SPLINE_CURVE_WITH_KNOTS('',3,(#7466,#7467,#7468,#7469,#7470),
 .UNSPECIFIED.,.F.,.F.,(4,1,4),(0.,0.0128757741799858,0.025864312939229),
 .UNSPECIFIED.);
#23=B_SPLINE_CURVE_WITH_KNOTS('',3,(#7482,#7483,#7484,#7485,#7486),
 .UNSPECIFIED.,.F.,.F.,(4,1,4),(0.,0.0122255714081288,0.0219534680896099),
 .UNSPECIFIED.);
#24=B_SPLINE_CURVE_WITH_KNOTS('',3,(#7489,#7490,#7491,#7492,#7493),
 .UNSPECIFIED.,.F.,.F.,(4,1,4),(0.,0.0122255714081288,0.0219534680896099),
 .UNSPECIFIED.);
#25=B_SPLINE_CURVE_WITH_KNOTS('',3,(#7510,#7511,#7512,#7513,#7514),
 .UNSPECIFIED.,.F.,.F.,(4,1,4),(0.,0.0119829925790358,0.025087052442494),
 .UNSPECIFIED.);
#26=B_SPLINE_CURVE_WITH_KNOTS('',3,(#7515,#7516,#7517,#7518,#7519),
 .UNSPECIFIED.,.F.,.F.,(4,1,4),(0.,0.0119829925790358,0.025087052442494),
 .UNSPECIFIED.);
#27=B_SPLINE_CURVE_WITH_KNOTS('',3,(#7532,#7533,#7534,#7535,#7536),
 .UNSPECIFIED.,.F.,.F.,(4,1,4),(0.,0.00948155932311029,0.018335898508068),
 .UNSPECIFIED.);
#28=B_SPLINE_CURVE_WITH_KNOTS('',3,(#7540,#7541,#7542,#7543,#7544),
 .UNSPECIFIED.,.F.,.F.,(4,1,4),(0.,0.00948155932311029,0.018335898508068),
 .UNSPECIFIED.);
#29=B_SPLINE_CURVE_WITH_KNOTS('',3,(#7557,#7558,#7559,#7560,#7561),
 .UNSPECIFIED.,.F.,.F.,(4,1,4),(0.,0.0124750202466576,0.0251826178272371),
 .UNSPECIFIED.);
#30=B_SPLINE_CURVE_WITH_KNOTS('',3,(#7564,#7565,#7566,#7567,#7568),
 .UNSPECIFIED.,.F.,.F.,(4,1,4),(0.,0.0124750202466576,0.0251826178272371),
 .UNSPECIFIED.);
#31=B_SPLINE_CURVE_WITH_KNOTS('',3,(#7580,#7581,#7582,#7583,#7584),
 .UNSPECIFIED.,.F.,.F.,(4,1,4),(0.,0.0160987318344992,0.029702874478097),
 .UNSPECIFIED.);
#32=B_SPLINE_CURVE_WITH_KNOTS('',3,(#7587,#7588,#7589,#7590,#7591),
 .UNSPECIFIED.,.F.,.F.,(4,1,4),(0.,0.0160987318344992,0.029702874478097),
 .UNSPECIFIED.);
#33=B_SPLINE_CURVE_WITH_KNOTS('',3,(#7609,#7610,#7611,#7612,#7613),
 .UNSPECIFIED.,.F.,.F.,(4,1,4),(0.,0.00204653640351937,0.00491250597442105),
 .UNSPECIFIED.);
#34=B_SPLINE_CURVE_WITH_KNOTS('',3,(#7616,#7617,#7618,#7619,#7620),
 .UNSPECIFIED.,.F.,.F.,(4,1,4),(0.,0.00204653640351937,0.00491250597442105),
 .UNSPECIFIED.);
#35=B_SPLINE_CURVE_WITH_KNOTS('',3,(#7632,#7633,#7634,#7635,#7636),
 .UNSPECIFIED.,.F.,.F.,(4,1,4),(0.,0.0206425883547487,0.0447824182878318),
 .UNSPECIFIED.);
#36=B_SPLINE_CURVE_WITH_KNOTS('',3,(#7639,#7640,#7641,#7642,#7643),
 .UNSPECIFIED.,.F.,.F.,(4,1,4),(0.,0.0206425883547487,0.0447824182878318),
 .UNSPECIFIED.);
#37=B_SPLINE_CURVE_WITH_KNOTS('',3,(#7655,#7656,#7657,#7658,#7659),
 .UNSPECIFIED.,.F.,.F.,(4,1,4),(0.,0.0201431856526565,0.0394749918363325),
 .UNSPECIFIED.);
#38=B_SPLINE_CURVE_WITH_KNOTS('',3,(#7662,#7663,#7664,#7665,#7666),
 .UNSPECIFIED.,.F.,.F.,(4,1,4),(0.,0.0201431856526565,0.0394749918363325),
 .UNSPECIFIED.);
#39=B_SPLINE_CURVE_WITH_KNOTS('',3,(#7678,#7679,#7680,#7681,#7682),
 .UNSPECIFIED.,.F.,.F.,(4,1,4),(0.,0.0197990403243569,0.0405598210135952),
 .UNSPECIFIED.);
#40=B_SPLINE_CURVE_WITH_KNOTS('',3,(#7685,#7686,#7687,#7688,#7689),
 .UNSPECIFIED.,.F.,.F.,(4,1,4),(0.,0.0197990403243569,0.0405598210135952),
 .UNSPECIFIED.);
#41=B_SPLINE_CURVE_WITH_KNOTS('',3,(#7701,#7702,#7703,#7704,#7705),
 .UNSPECIFIED.,.F.,.F.,(4,1,4),(0.,0.0246065065546252,0.0456743977726204),
 .UNSPECIFIED.);
#42=B_SPLINE_CURVE_WITH_KNOTS('',3,(#7708,#7709,#7710,#7711,#7712),
 .UNSPECIFIED.,.F.,.F.,(4,1,4),(0.,0.0246065065546252,0.0456743977726204),
 .UNSPECIFIED.);
#43=B_SPLINE_CURVE_WITH_KNOTS('',3,(#7724,#7725,#7726,#7727,#7728),
 .UNSPECIFIED.,.F.,.F.,(4,1,4),(0.,0.0205133616153505,0.0443170446075658),
 .UNSPECIFIED.);
#44=B_SPLINE_CURVE_WITH_KNOTS('',3,(#7731,#7732,#7733,#7734,#7735),
 .UNSPECIFIED.,.F.,.F.,(4,1,4),(0.,0.0205133616153505,0.0443170446075658),
 .UNSPECIFIED.);
#45=B_SPLINE_CURVE_WITH_KNOTS('',3,(#7747,#7748,#7749,#7750,#7751),
 .UNSPECIFIED.,.F.,.F.,(4,1,4),(0.,0.0216848537741956,0.041468094662507),
 .UNSPECIFIED.);
#46=B_SPLINE_CURVE_WITH_KNOTS('',3,(#7754,#7755,#7756,#7757,#7758),
 .UNSPECIFIED.,.F.,.F.,(4,1,4),(0.,0.0216848537741956,0.041468094662507),
 .UNSPECIFIED.);
#47=B_SPLINE_CURVE_WITH_KNOTS('',3,(#7770,#7771,#7772,#7773,#7774),
 .UNSPECIFIED.,.F.,.F.,(4,1,4),(0.,0.0154892963961597,0.0328831165881133),
 .UNSPECIFIED.);
#48=B_SPLINE_CURVE_WITH_KNOTS('',3,(#7777,#7778,#7779,#7780,#7781),
 .UNSPECIFIED.,.F.,.F.,(4,1,4),(0.,0.0154892963961597,0.0328831165881133),
 .UNSPECIFIED.);
#49=B_SPLINE_CURVE_WITH_KNOTS('',3,(#7793,#7794,#7795,#7796,#7797),
 .UNSPECIFIED.,.F.,.F.,(4,1,4),(0.,0.016142505092186,0.0312386997513778),
 .UNSPECIFIED.);
#50=B_SPLINE_CURVE_WITH_KNOTS('',3,(#7800,#7801,#7802,#7803,#7804),
 .UNSPECIFIED.,.F.,.F.,(4,1,4),(0.,0.016142505092186,0.0312386997513778),
 .UNSPECIFIED.);
#51=B_SPLINE_CURVE_WITH_KNOTS('',3,(#7821,#7822,#7823,#7824,#7825),
 .UNSPECIFIED.,.F.,.F.,(4,1,4),(0.,0.00942993052805096,0.0206526028400601),
 .UNSPECIFIED.);
#52=B_SPLINE_CURVE_WITH_KNOTS('',3,(#7826,#7827,#7828,#7829,#7830),
 .UNSPECIFIED.,.F.,.F.,(4,1,4),(0.,0.00942993052805096,0.0206526028400601),
 .UNSPECIFIED.);
#53=B_SPLINE_CURVE_WITH_KNOTS('',3,(#7844,#7845,#7846,#7847,#7848),
 .UNSPECIFIED.,.F.,.F.,(4,1,4),(0.,0.0128977996309187,0.0257747312316955),
 .UNSPECIFIED.);
#54=B_SPLINE_CURVE_WITH_KNOTS('',3,(#7852,#7853,#7854,#7855,#7856),
 .UNSPECIFIED.,.F.,.F.,(4,1,4),(0.,0.0128977996309187,0.0257747312316955),
 .UNSPECIFIED.);
#55=B_SPLINE_CURVE_WITH_KNOTS('',3,(#7869,#7870,#7871,#7872,#7873),
 .UNSPECIFIED.,.F.,.F.,(4,1,4),(0.,0.0128898548592482,0.0256524935911536),
 .UNSPECIFIED.);
#56=B_SPLINE_CURVE_WITH_KNOTS('',3,(#7876,#7877,#7878,#7879,#7880),
 .UNSPECIFIED.,.F.,.F.,(4,1,4),(0.,0.0128898548592482,0.0256524935911536),
 .UNSPECIFIED.);
#57=B_SPLINE_CURVE_WITH_KNOTS('',3,(#7892,#7893,#7894,#7895,#7896),
 .UNSPECIFIED.,.F.,.F.,(4,1,4),(0.,0.0178613525135398,0.0324125242882438),
 .UNSPECIFIED.);
#58=B_SPLINE_CURVE_WITH_KNOTS('',3,(#7899,#7900,#7901,#7902,#7903),
 .UNSPECIFIED.,.F.,.F.,(4,1,4),(0.,0.0178613525135398,0.0324125242882438),
 .UNSPECIFIED.);
#59=B_SPLINE_CURVE_WITH_KNOTS('',3,(#7915,#7916,#7917,#7918,#7919),
 .UNSPECIFIED.,.F.,.F.,(4,1,4),(0.,0.0148388053239467,0.033624934909448),
 .UNSPECIFIED.);
#60=B_SPLINE_CURVE_WITH_KNOTS('',3,(#7922,#7923,#7924,#7925,#7926),
 .UNSPECIFIED.,.F.,.F.,(4,1,4),(0.,0.0148388053239467,0.033624934909448),
 .UNSPECIFIED.);
#61=B_SPLINE_CURVE_WITH_KNOTS('',3,(#7938,#7939,#7940,#7941,#7942),
 .UNSPECIFIED.,.F.,.F.,(4,1,4),(0.,0.0128278610989028,0.0257307441116067),
 .UNSPECIFIED.);
#62=B_SPLINE_CURVE_WITH_KNOTS('',3,(#7945,#7946,#7947,#7948,#7949),
 .UNSPECIFIED.,.F.,.F.,(4,1,4),(0.,0.0128278610989028,0.0257307441116067),
 .UNSPECIFIED.);
#63=B_SPLINE_CURVE_WITH_KNOTS('',3,(#7961,#7962,#7963,#7964,#7965),
 .UNSPECIFIED.,.F.,.F.,(4,1,4),(0.,0.0129000485797418,0.0258004444921864),
 .UNSPECIFIED.);
#64=B_SPLINE_CURVE_WITH_KNOTS('',3,(#7968,#7969,#7970,#7971,#7972),
 .UNSPECIFIED.,.F.,.F.,(4,1,4),(0.,0.0129000485797418,0.0258004444921864),
 .UNSPECIFIED.);
#65=B_SPLINE_CURVE_WITH_KNOTS('',3,(#7984,#7985,#7986,#7987,#7988),
 .UNSPECIFIED.,.F.,.F.,(4,1,4),(0.,0.0183926208011831,0.0330840166118242),
 .UNSPECIFIED.);
#66=B_SPLINE_CURVE_WITH_KNOTS('',3,(#7991,#7992,#7993,#7994,#7995),
 .UNSPECIFIED.,.F.,.F.,(4,1,4),(0.,0.0183926208011831,0.0330840166118242),
 .UNSPECIFIED.);
#67=B_SPLINE_CURVE_WITH_KNOTS('',3,(#8006,#8007,#8008,#8009,#8010),
 .UNSPECIFIED.,.F.,.F.,(4,1,4),(0.,0.0146574279350083,0.0330373767132112),
 .UNSPECIFIED.);
#68=B_SPLINE_CURVE_WITH_KNOTS('',3,(#8011,#8012,#8013,#8014,#8015),
 .UNSPECIFIED.,.F.,.F.,(4,1,4),(0.,0.0146574279350083,0.0330373767132112),
 .UNSPECIFIED.);
#69=B_SPLINE_CURVE_WITH_KNOTS('',3,(#8028,#8029,#8030,#8031,#8032),
 .UNSPECIFIED.,.F.,.F.,(4,1,4),(0.,0.0209518724172922,0.0405651316742328),
 .UNSPECIFIED.);
#70=B_SPLINE_CURVE_WITH_KNOTS('',3,(#8036,#8037,#8038,#8039,#8040),
 .UNSPECIFIED.,.F.,.F.,(4,1,4),(0.,0.0209518724172922,0.0405651316742328),
 .UNSPECIFIED.);
#71=B_SPLINE_CURVE_WITH_KNOTS('',3,(#8053,#8054,#8055,#8056,#8057),
 .UNSPECIFIED.,.F.,.F.,(4,1,4),(0.,0.0135258204904707,0.0272989595996955),
 .UNSPECIFIED.);
#72=B_SPLINE_CURVE_WITH_KNOTS('',3,(#8060,#8061,#8062,#8063,#8064),
 .UNSPECIFIED.,.F.,.F.,(4,1,4),(0.,0.0135258204904707,0.0272989595996955),
 .UNSPECIFIED.);
#73=B_SPLINE_CURVE_WITH_KNOTS('',3,(#8076,#8077,#8078,#8079,#8080),
 .UNSPECIFIED.,.F.,.F.,(4,1,4),(0.,0.0131806611147135,0.0264489952433235),
 .UNSPECIFIED.);
#74=B_SPLINE_CURVE_WITH_KNOTS('',3,(#8083,#8084,#8085,#8086,#8087),
 .UNSPECIFIED.,.F.,.F.,(4,1,4),(0.,0.0131806611147135,0.0264489952433235),
 .UNSPECIFIED.);
#75=B_SPLINE_CURVE_WITH_KNOTS('',3,(#8099,#8100,#8101,#8102,#8103),
 .UNSPECIFIED.,.F.,.F.,(4,1,4),(0.,0.018803135199589,0.0338245305972217),
 .UNSPECIFIED.);
#76=B_SPLINE_CURVE_WITH_KNOTS('',3,(#8106,#8107,#8108,#8109,#8110),
 .UNSPECIFIED.,.F.,.F.,(4,1,4),(0.,0.018803135199589,0.0338245305972217),
 .UNSPECIFIED.);
#77=B_SPLINE_CURVE_WITH_KNOTS('',3,(#8122,#8123,#8124,#8125,#8126),
 .UNSPECIFIED.,.F.,.F.,(4,1,4),(0.,0.0204807741863958,0.0438387677782047),
 .UNSPECIFIED.);
#78=B_SPLINE_CURVE_WITH_KNOTS('',3,(#8129,#8130,#8131,#8132,#8133),
 .UNSPECIFIED.,.F.,.F.,(4,1,4),(0.,0.0204807741863958,0.0438387677782047),
 .UNSPECIFIED.);
#79=B_SPLINE_CURVE_WITH_KNOTS('',3,(#8145,#8146,#8147,#8148,#8149),
 .UNSPECIFIED.,.F.,.F.,(4,1,4),(0.,0.0206897670095381,0.0403351274832854),
 .UNSPECIFIED.);
#80=B_SPLINE_CURVE_WITH_KNOTS('',3,(#8152,#8153,#8154,#8155,#8156),
 .UNSPECIFIED.,.F.,.F.,(4,1,4),(0.,0.0206897670095381,0.0403351274832854),
 .UNSPECIFIED.);
#81=B_SPLINE_CURVE_WITH_KNOTS('',3,(#8168,#8169,#8170,#8171,#8172),
 .UNSPECIFIED.,.F.,.F.,(4,1,4),(0.,0.0179966268573557,0.0368617655930849),
 .UNSPECIFIED.);
#82=B_SPLINE_CURVE_WITH_KNOTS('',3,(#8175,#8176,#8177,#8178,#8179),
 .UNSPECIFIED.,.F.,.F.,(4,1,4),(0.,0.0179966268573557,0.0368617655930849),
 .UNSPECIFIED.);
#83=B_SPLINE_CURVE_WITH_KNOTS('',3,(#8191,#8192,#8193,#8194,#8195),
 .UNSPECIFIED.,.F.,.F.,(4,1,4),(0.,0.0266033098814599,0.0489311982863448),
 .UNSPECIFIED.);
#84=B_SPLINE_CURVE_WITH_KNOTS('',3,(#8198,#8199,#8200,#8201,#8202),
 .UNSPECIFIED.,.F.,.F.,(4,1,4),(0.,0.0266033098814599,0.0489311982863448),
 .UNSPECIFIED.);
#85=B_SPLINE_CURVE_WITH_KNOTS('',3,(#8213,#8214,#8215,#8216,#8217),
 .UNSPECIFIED.,.F.,.F.,(4,1,4),(0.,0.0207395441352251,0.0452935726203659),
 .UNSPECIFIED.);
#86=B_SPLINE_CURVE_WITH_KNOTS('',3,(#8218,#8219,#8220,#8221,#8222),
 .UNSPECIFIED.,.F.,.F.,(4,1,4),(0.,0.0207395441352251,0.0452935726203659),
 .UNSPECIFIED.);
#87=B_SPLINE_CURVE_WITH_KNOTS('',3,(#8244,#8245,#8246,#8247,#8248),
 .UNSPECIFIED.,.F.,.F.,(4,1,4),(0.,0.0105376434423368,0.021767849882549),
 .UNSPECIFIED.);
#88=B_SPLINE_CURVE_WITH_KNOTS('',3,(#8251,#8252,#8253,#8254,#8255),
 .UNSPECIFIED.,.F.,.F.,(4,1,4),(0.,0.0105376434423368,0.021767849882549),
 .UNSPECIFIED.);
#89=B_SPLINE_CURVE_WITH_KNOTS('',3,(#8267,#8268,#8269,#8270,#8271),
 .UNSPECIFIED.,.F.,.F.,(4,1,4),(0.,0.00598001021668647,0.0123415874868797),
 .UNSPECIFIED.);
#90=B_SPLINE_CURVE_WITH_KNOTS('',3,(#8274,#8275,#8276,#8277,#8278),
 .UNSPECIFIED.,.F.,.F.,(4,1,4),(0.,0.00598001021668647,0.0123415874868797),
 .UNSPECIFIED.);
#91=B_SPLINE_CURVE_WITH_KNOTS('',3,(#8290,#8291,#8292,#8293,#8294),
 .UNSPECIFIED.,.F.,.F.,(4,1,4),(0.,0.00580142465960012,0.0115974235857978),
 .UNSPECIFIED.);
#92=B_SPLINE_CURVE_WITH_KNOTS('',3,(#8297,#8298,#8299,#8300,#8301),
 .UNSPECIFIED.,.F.,.F.,(4,1,4),(0.,0.00580142465960012,0.0115974235857978),
 .UNSPECIFIED.);
#93=B_SPLINE_CURVE_WITH_KNOTS('',3,(#8313,#8314,#8315,#8316,#8317),
 .UNSPECIFIED.,.F.,.F.,(4,1,4),(0.,0.00738655993225624,0.014212936065406),
 .UNSPECIFIED.);
#94=B_SPLINE_CURVE_WITH_KNOTS('',3,(#8320,#8321,#8322,#8323,#8324),
 .UNSPECIFIED.,.F.,.F.,(4,1,4),(0.,0.00738655993225624,0.014212936065406),
 .UNSPECIFIED.);
#95=B_SPLINE_CURVE_WITH_KNOTS('',3,(#8342,#8343,#8344,#8345,#8346),
 .UNSPECIFIED.,.F.,.F.,(4,1,4),(0.,0.00950424388217924,0.0200326004354377),
 .UNSPECIFIED.);
#96=B_SPLINE_CURVE_WITH_KNOTS('',3,(#8349,#8350,#8351,#8352,#8353),
 .UNSPECIFIED.,.F.,.F.,(4,1,4),(0.,0.00950424388217924,0.0200326004354377),
 .UNSPECIFIED.);
#97=B_SPLINE_CURVE_WITH_KNOTS('',3,(#8365,#8366,#8367,#8368,#8369),
 .UNSPECIFIED.,.F.,.F.,(4,1,4),(0.,0.00628060641540903,0.0125264107191754),
 .UNSPECIFIED.);
#98=B_SPLINE_CURVE_WITH_KNOTS('',3,(#8372,#8373,#8374,#8375,#8376),
 .UNSPECIFIED.,.F.,.F.,(4,1,4),(0.,0.00628060641540903,0.0125264107191754),
 .UNSPECIFIED.);
#99=B_SPLINE_CURVE_WITH_KNOTS('',3,(#8388,#8389,#8390,#8391,#8392),
 .UNSPECIFIED.,.F.,.F.,(4,1,4),(0.,0.0113681127944793,0.0193357678563734),
 .UNSPECIFIED.);
#100=B_SPLINE_CURVE_WITH_KNOTS('',3,(#8395,#8396,#8397,#8398,#8399),
 .UNSPECIFIED.,.F.,.F.,(4,1,4),(0.,0.0113681127944793,0.0193357678563734),
 .UNSPECIFIED.);
#101=B_SPLINE_CURVE_WITH_KNOTS('',3,(#8434,#8435,#8436,#8437,#8438),
 .UNSPECIFIED.,.F.,.F.,(4,1,4),(0.,0.0118686473147246,0.0234364651507662),
 .UNSPECIFIED.);
#102=B_SPLINE_CURVE_WITH_KNOTS('',3,(#8442,#8443,#8444,#8445,#8446),
 .UNSPECIFIED.,.F.,.F.,(4,1,4),(0.,0.0118686473147246,0.0234364651507662),
 .UNSPECIFIED.);
#103=B_SPLINE_CURVE_WITH_KNOTS('',3,(#8459,#8460,#8461,#8462,#8463),
 .UNSPECIFIED.,.F.,.F.,(4,1,4),(0.,0.0128757741799858,0.0258643275244828),
 .UNSPECIFIED.);
#104=B_SPLINE_CURVE_WITH_KNOTS('',3,(#8466,#8467,#8468,#8469,#8470),
 .UNSPECIFIED.,.F.,.F.,(4,1,4),(0.,0.0128757741799858,0.0258643275244828),
 .UNSPECIFIED.);
#105=B_SPLINE_CURVE_WITH_KNOTS('',3,(#8482,#8483,#8484,#8485,#8486),
 .UNSPECIFIED.,.F.,.F.,(4,1,4),(0.,0.0122255656714168,0.0219534482470166),
 .UNSPECIFIED.);
#106=B_SPLINE_CURVE_WITH_KNOTS('',3,(#8489,#8490,#8491,#8492,#8493),
 .UNSPECIFIED.,.F.,.F.,(4,1,4),(0.,0.0122255656714168,0.0219534482470166),
 .UNSPECIFIED.);
#107=B_SPLINE_CURVE_WITH_KNOTS('',3,(#8510,#8511,#8512,#8513,#8514),
 .UNSPECIFIED.,.F.,.F.,(4,1,4),(0.,0.0119829925790358,0.025087052442494),
 .UNSPECIFIED.);
#108=B_SPLINE_CURVE_WITH_KNOTS('',3,(#8515,#8516,#8517,#8518,#8519),
 .UNSPECIFIED.,.F.,.F.,(4,1,4),(0.,0.0119829925790358,0.025087052442494),
 .UNSPECIFIED.);
#109=B_SPLINE_CURVE_WITH_KNOTS('',3,(#8532,#8533,#8534,#8535,#8536),
 .UNSPECIFIED.,.F.,.F.,(4,1,4),(0.,0.00948155932311029,0.0183359118101495),
 .UNSPECIFIED.);
#110=B_SPLINE_CURVE_WITH_KNOTS('',3,(#8540,#8541,#8542,#8543,#8544),
 .UNSPECIFIED.,.F.,.F.,(4,1,4),(0.,0.00948155932311029,0.0183359118101495),
 .UNSPECIFIED.);
#111=B_SPLINE_CURVE_WITH_KNOTS('',3,(#8557,#8558,#8559,#8560,#8561),
 .UNSPECIFIED.,.F.,.F.,(4,1,4),(0.,0.0124750080248292,0.0251826056054086),
 .UNSPECIFIED.);
#112=B_SPLINE_CURVE_WITH_KNOTS('',3,(#8564,#8565,#8566,#8567,#8568),
 .UNSPECIFIED.,.F.,.F.,(4,1,4),(0.,0.0124750080248292,0.0251826056054086),
 .UNSPECIFIED.);
#113=B_SPLINE_CURVE_WITH_KNOTS('',3,(#8580,#8581,#8582,#8583,#8584),
 .UNSPECIFIED.,.F.,.F.,(4,1,4),(0.,0.0160987346520601,0.0297028540122675),
 .UNSPECIFIED.);
#114=B_SPLINE_CURVE_WITH_KNOTS('',3,(#8587,#8588,#8589,#8590,#8591),
 .UNSPECIFIED.,.F.,.F.,(4,1,4),(0.,0.0160987346520601,0.0297028540122675),
 .UNSPECIFIED.);
#115=B_SPLINE_CURVE_WITH_KNOTS('',3,(#8609,#8610,#8611,#8612,#8613),
 .UNSPECIFIED.,.F.,.F.,(4,1,4),(0.,0.00204653621728297,0.00491250658634497),
 .UNSPECIFIED.);
#116=B_SPLINE_CURVE_WITH_KNOTS('',3,(#8616,#8617,#8618,#8619,#8620),
 .UNSPECIFIED.,.F.,.F.,(4,1,4),(0.,0.00204653621728297,0.00491250658634497),
 .UNSPECIFIED.);
#117=B_SPLINE_CURVE_WITH_KNOTS('',3,(#8632,#8633,#8634,#8635,#8636),
 .UNSPECIFIED.,.F.,.F.,(4,1,4),(0.,0.0206426182683879,0.0447824460698231),
 .UNSPECIFIED.);
#118=B_SPLINE_CURVE_WITH_KNOTS('',3,(#8639,#8640,#8641,#8642,#8643),
 .UNSPECIFIED.,.F.,.F.,(4,1,4),(0.,0.0206426182683879,0.0447824460698231),
 .UNSPECIFIED.);
#119=B_SPLINE_CURVE_WITH_KNOTS('',3,(#8655,#8656,#8657,#8658,#8659),
 .UNSPECIFIED.,.F.,.F.,(4,1,4),(0.,0.0201431856526565,0.0394749918363325),
 .UNSPECIFIED.);
#120=B_SPLINE_CURVE_WITH_KNOTS('',3,(#8662,#8663,#8664,#8665,#8666),
 .UNSPECIFIED.,.F.,.F.,(4,1,4),(0.,0.0201431856526565,0.0394749918363325),
 .UNSPECIFIED.);
#121=B_SPLINE_CURVE_WITH_KNOTS('',3,(#8678,#8679,#8680,#8681,#8682),
 .UNSPECIFIED.,.F.,.F.,(4,1,4),(0.,0.0197990281186593,0.0405598088078976),
 .UNSPECIFIED.);
#122=B_SPLINE_CURVE_WITH_KNOTS('',3,(#8685,#8686,#8687,#8688,#8689),
 .UNSPECIFIED.,.F.,.F.,(4,1,4),(0.,0.0197990281186593,0.0405598088078976),
 .UNSPECIFIED.);
#123=B_SPLINE_CURVE_WITH_KNOTS('',3,(#8701,#8702,#8703,#8704,#8705),
 .UNSPECIFIED.,.F.,.F.,(4,1,4),(0.,0.0246065076234771,0.0456743913512264),
 .UNSPECIFIED.);
#124=B_SPLINE_CURVE_WITH_KNOTS('',3,(#8708,#8709,#8710,#8711,#8712),
 .UNSPECIFIED.,.F.,.F.,(4,1,4),(0.,0.0246065076234771,0.0456743913512264),
 .UNSPECIFIED.);
#125=B_SPLINE_CURVE_WITH_KNOTS('',3,(#8724,#8725,#8726,#8727,#8728),
 .UNSPECIFIED.,.F.,.F.,(4,1,4),(0.,0.0205133540062312,0.0443170359055579),
 .UNSPECIFIED.);
#126=B_SPLINE_CURVE_WITH_KNOTS('',3,(#8731,#8732,#8733,#8734,#8735),
 .UNSPECIFIED.,.F.,.F.,(4,1,4),(0.,0.0205133540062312,0.0443170359055579),
 .UNSPECIFIED.);
#127=B_SPLINE_CURVE_WITH_KNOTS('',3,(#8747,#8748,#8749,#8750,#8751),
 .UNSPECIFIED.,.F.,.F.,(4,1,4),(0.,0.0216848978325568,0.0414681387208683),
 .UNSPECIFIED.);
#128=B_SPLINE_CURVE_WITH_KNOTS('',3,(#8754,#8755,#8756,#8757,#8758),
 .UNSPECIFIED.,.F.,.F.,(4,1,4),(0.,0.0216848978325568,0.0414681387208683),
 .UNSPECIFIED.);
#129=B_SPLINE_CURVE_WITH_KNOTS('',3,(#8770,#8771,#8772,#8773,#8774),
 .UNSPECIFIED.,.F.,.F.,(4,1,4),(0.,0.015489309733993,0.0328831003858201),
 .UNSPECIFIED.);
#130=B_SPLINE_CURVE_WITH_KNOTS('',3,(#8777,#8778,#8779,#8780,#8781),
 .UNSPECIFIED.,.F.,.F.,(4,1,4),(0.,0.015489309733993,0.0328831003858201),
 .UNSPECIFIED.);
#131=B_SPLINE_CURVE_WITH_KNOTS('',3,(#8793,#8794,#8795,#8796,#8797),
 .UNSPECIFIED.,.F.,.F.,(4,1,4),(0.,0.0161425110189961,0.031238695553215),
 .UNSPECIFIED.);
#132=B_SPLINE_CURVE_WITH_KNOTS('',3,(#8800,#8801,#8802,#8803,#8804),
 .UNSPECIFIED.,.F.,.F.,(4,1,4),(0.,0.0161425110189961,0.031238695553215),
 .UNSPECIFIED.);
#133=B_SPLINE_CURVE_WITH_KNOTS('',3,(#8821,#8822,#8823,#8824,#8825),
 .UNSPECIFIED.,.F.,.F.,(4,1,4),(0.,0.00942990009093686,0.0206525855131528),
 .UNSPECIFIED.);
#134=B_SPLINE_CURVE_WITH_KNOTS('',3,(#8826,#8827,#8828,#8829,#8830),
 .UNSPECIFIED.,.F.,.F.,(4,1,4),(0.,0.00942990009093686,0.0206525855131528),
 .UNSPECIFIED.);
#135=B_SPLINE_CURVE_WITH_KNOTS('',3,(#8844,#8845,#8846,#8847,#8848),
 .UNSPECIFIED.,.F.,.F.,(4,1,4),(0.,0.00285312639053318,0.00648803990553251),
 .UNSPECIFIED.);
#136=B_SPLINE_CURVE_WITH_KNOTS('',3,(#8852,#8853,#8854,#8855,#8856),
 .UNSPECIFIED.,.F.,.F.,(4,1,4),(0.,0.00285312639053318,0.00648803990553251),
 .UNSPECIFIED.);
#137=B_SPLINE_CURVE_WITH_KNOTS('',3,(#8869,#8870,#8871,#8872,#8873),
 .UNSPECIFIED.,.F.,.F.,(4,1,4),(0.,0.00239154534838869,0.00484469289267238),
 .UNSPECIFIED.);
#138=B_SPLINE_CURVE_WITH_KNOTS('',3,(#8876,#8877,#8878,#8879,#8880),
 .UNSPECIFIED.,.F.,.F.,(4,1,4),(0.,0.00239154534838869,0.00484469289267238),
 .UNSPECIFIED.);
#139=B_SPLINE_CURVE_WITH_KNOTS('',3,(#8892,#8893,#8894,#8895,#8896),
 .UNSPECIFIED.,.F.,.F.,(4,1,4),(0.,0.00647625654904622,0.0102060923523274),
 .UNSPECIFIED.);
#140=B_SPLINE_CURVE_WITH_KNOTS('',3,(#8899,#8900,#8901,#8902,#8903),
 .UNSPECIFIED.,.F.,.F.,(4,1,4),(0.,0.00647625654904622,0.0102060923523274),
 .UNSPECIFIED.);
#141=B_SPLINE_CURVE_WITH_KNOTS('',3,(#8981,#8982,#8983,#8984,#8985),
 .UNSPECIFIED.,.F.,.F.,(4,1,4),(0.,0.00819506359847698,0.0219301506021373),
 .UNSPECIFIED.);
#142=B_SPLINE_CURVE_WITH_KNOTS('',3,(#8988,#8989,#8990,#8991,#8992),
 .UNSPECIFIED.,.F.,.F.,(4,1,4),(0.,0.00819506359847698,0.0219301506021373),
 .UNSPECIFIED.);
#143=B_SPLINE_CURVE_WITH_KNOTS('',3,(#9004,#9005,#9006,#9007,#9008),
 .UNSPECIFIED.,.F.,.F.,(4,1,4),(0.,0.00596877423392995,0.0115558973661642),
 .UNSPECIFIED.);
#144=B_SPLINE_CURVE_WITH_KNOTS('',3,(#9011,#9012,#9013,#9014,#9015),
 .UNSPECIFIED.,.F.,.F.,(4,1,4),(0.,0.00596877423392995,0.0115558973661642),
 .UNSPECIFIED.);
#145=B_SPLINE_CURVE_WITH_KNOTS('',3,(#9027,#9028,#9029,#9030,#9031),
 .UNSPECIFIED.,.F.,.F.,(4,1,4),(0.,0.0089370829248713,0.0160004330633629),
 .UNSPECIFIED.);
#146=B_SPLINE_CURVE_WITH_KNOTS('',3,(#9034,#9035,#9036,#9037,#9038),
 .UNSPECIFIED.,.F.,.F.,(4,1,4),(0.,0.0089370829248713,0.0160004330633629),
 .UNSPECIFIED.);
#147=B_SPLINE_CURVE_WITH_KNOTS('',3,(#9050,#9051,#9052,#9053,#9054),
 .UNSPECIFIED.,.F.,.F.,(4,1,4),(0.,0.00746863205056845,0.0140298141313337),
 .UNSPECIFIED.);
#148=B_SPLINE_CURVE_WITH_KNOTS('',3,(#9057,#9058,#9059,#9060,#9061),
 .UNSPECIFIED.,.F.,.F.,(4,1,4),(0.,0.00746863205056845,0.0140298141313337),
 .UNSPECIFIED.);
#149=B_SPLINE_CURVE_WITH_KNOTS('',3,(#9078,#9079,#9080,#9081,#9082),
 .UNSPECIFIED.,.F.,.F.,(4,1,4),(0.,0.00356004184152004,0.008119367352777),
 .UNSPECIFIED.);
#150=B_SPLINE_CURVE_WITH_KNOTS('',3,(#9083,#9084,#9085,#9086,#9087),
 .UNSPECIFIED.,.F.,.F.,(4,1,4),(0.,0.00356004184152004,0.008119367352777),
 .UNSPECIFIED.);
#151=B_SPLINE_CURVE_WITH_KNOTS('',3,(#9101,#9102,#9103,#9104,#9105),
 .UNSPECIFIED.,.F.,.F.,(4,1,4),(0.,0.0118685886715099,0.0234364562632644),
 .UNSPECIFIED.);
#152=B_SPLINE_CURVE_WITH_KNOTS('',3,(#9109,#9110,#9111,#9112,#9113),
 .UNSPECIFIED.,.F.,.F.,(4,1,4),(0.,0.0118685886715099,0.0234364562632644),
 .UNSPECIFIED.);
#153=B_SPLINE_CURVE_WITH_KNOTS('',3,(#9126,#9127,#9128,#9129,#9130),
 .UNSPECIFIED.,.F.,.F.,(4,1,4),(0.,0.0128758209535653,0.0258643742980623),
 .UNSPECIFIED.);
#154=B_SPLINE_CURVE_WITH_KNOTS('',3,(#9133,#9134,#9135,#9136,#9137),
 .UNSPECIFIED.,.F.,.F.,(4,1,4),(0.,0.0128758209535653,0.0258643742980623),
 .UNSPECIFIED.);
#155=B_SPLINE_CURVE_WITH_KNOTS('',3,(#9149,#9150,#9151,#9152,#9153),
 .UNSPECIFIED.,.F.,.F.,(4,1,4),(0.,0.0122255656714168,0.0219534482470166),
 .UNSPECIFIED.);
#156=B_SPLINE_CURVE_WITH_KNOTS('',3,(#9156,#9157,#9158,#9159,#9160),
 .UNSPECIFIED.,.F.,.F.,(4,1,4),(0.,0.0122255656714168,0.0219534482470166),
 .UNSPECIFIED.);
#157=B_SPLINE_CURVE_WITH_KNOTS('',3,(#9177,#9178,#9179,#9180,#9181),
 .UNSPECIFIED.,.F.,.F.,(4,1,4),(0.,0.0119829257802012,0.0250869986169361),
 .UNSPECIFIED.);
#158=B_SPLINE_CURVE_WITH_KNOTS('',3,(#9182,#9183,#9184,#9185,#9186),
 .UNSPECIFIED.,.F.,.F.,(4,1,4),(0.,0.0119829257802012,0.0250869986169361),
 .UNSPECIFIED.);
#159=B_SPLINE_CURVE_WITH_KNOTS('',3,(#9199,#9200,#9201,#9202,#9203),
 .UNSPECIFIED.,.F.,.F.,(4,1,4),(0.,0.00948150030793113,0.018335959211805),
 .UNSPECIFIED.);
#160=B_SPLINE_CURVE_WITH_KNOTS('',3,(#9207,#9208,#9209,#9210,#9211),
 .UNSPECIFIED.,.F.,.F.,(4,1,4),(0.,0.00948150030793113,0.018335959211805),
 .UNSPECIFIED.);
#161=B_SPLINE_CURVE_WITH_KNOTS('',3,(#9224,#9225,#9226,#9227,#9228),
 .UNSPECIFIED.,.F.,.F.,(4,1,4),(0.,0.012475056912178,0.0251825959418626),
 .UNSPECIFIED.);
#162=B_SPLINE_CURVE_WITH_KNOTS('',3,(#9231,#9232,#9233,#9234,#9235),
 .UNSPECIFIED.,.F.,.F.,(4,1,4),(0.,0.012475056912178,0.0251825959418626),
 .UNSPECIFIED.);
#163=B_SPLINE_CURVE_WITH_KNOTS('',3,(#9247,#9248,#9249,#9250,#9251),
 .UNSPECIFIED.,.F.,.F.,(4,1,4),(0.,0.0160987346520601,0.0297028540122675),
 .UNSPECIFIED.);
#164=B_SPLINE_CURVE_WITH_KNOTS('',3,(#9254,#9255,#9256,#9257,#9258),
 .UNSPECIFIED.,.F.,.F.,(4,1,4),(0.,0.0160987346520601,0.0297028540122675),
 .UNSPECIFIED.);
#165=B_SPLINE_CURVE_WITH_KNOTS('',3,(#9276,#9277,#9278,#9279,#9280),
 .UNSPECIFIED.,.F.,.F.,(4,1,4),(0.,0.00204653547342216,0.00491250584248416),
 .UNSPECIFIED.);
#166=B_SPLINE_CURVE_WITH_KNOTS('',3,(#9283,#9284,#9285,#9286,#9287),
 .UNSPECIFIED.,.F.,.F.,(4,1,4),(0.,0.00204653547342216,0.00491250584248416),
 .UNSPECIFIED.);
#167=B_SPLINE_CURVE_WITH_KNOTS('',3,(#9299,#9300,#9301,#9302,#9303),
 .UNSPECIFIED.,.F.,.F.,(4,1,4),(0.,0.0206425584412382,0.0447823862426734),
 .UNSPECIFIED.);
#168=B_SPLINE_CURVE_WITH_KNOTS('',3,(#9306,#9307,#9308,#9309,#9310),
 .UNSPECIFIED.,.F.,.F.,(4,1,4),(0.,0.0206425584412382,0.0447823862426734),
 .UNSPECIFIED.);
#169=B_SPLINE_CURVE_WITH_KNOTS('',3,(#9322,#9323,#9324,#9325,#9326),
 .UNSPECIFIED.,.F.,.F.,(4,1,4),(0.,0.0201431856526565,0.0394749918363325),
 .UNSPECIFIED.);
#170=B_SPLINE_CURVE_WITH_KNOTS('',3,(#9329,#9330,#9331,#9332,#9333),
 .UNSPECIFIED.,.F.,.F.,(4,1,4),(0.,0.0201431856526565,0.0394749918363325),
 .UNSPECIFIED.);
#171=B_SPLINE_CURVE_WITH_KNOTS('',3,(#9345,#9346,#9347,#9348,#9349),
 .UNSPECIFIED.,.F.,.F.,(4,1,4),(0.,0.0197990281186593,0.0405598088078976),
 .UNSPECIFIED.);
#172=B_SPLINE_CURVE_WITH_KNOTS('',3,(#9352,#9353,#9354,#9355,#9356),
 .UNSPECIFIED.,.F.,.F.,(4,1,4),(0.,0.0197990281186593,0.0405598088078976),
 .UNSPECIFIED.);
#173=B_SPLINE_CURVE_WITH_KNOTS('',3,(#9368,#9369,#9370,#9371,#9372),
 .UNSPECIFIED.,.F.,.F.,(4,1,4),(0.,0.0246065076234771,0.0456744213122575),
 .UNSPECIFIED.);
#174=B_SPLINE_CURVE_WITH_KNOTS('',3,(#9375,#9376,#9377,#9378,#9379),
 .UNSPECIFIED.,.F.,.F.,(4,1,4),(0.,0.0246065076234771,0.0456744213122575),
 .UNSPECIFIED.);
#175=B_SPLINE_CURVE_WITH_KNOTS('',3,(#9391,#9392,#9393,#9394,#9395),
 .UNSPECIFIED.,.F.,.F.,(4,1,4),(0.,0.0205133540062312,0.0443170359055579),
 .UNSPECIFIED.);
#176=B_SPLINE_CURVE_WITH_KNOTS('',3,(#9398,#9399,#9400,#9401,#9402),
 .UNSPECIFIED.,.F.,.F.,(4,1,4),(0.,0.0205133540062312,0.0443170359055579),
 .UNSPECIFIED.);
#177=B_SPLINE_CURVE_WITH_KNOTS('',3,(#9414,#9415,#9416,#9417,#9418),
 .UNSPECIFIED.,.F.,.F.,(4,1,4),(0.,0.0216848978325568,0.0414681387208683),
 .UNSPECIFIED.);
#178=B_SPLINE_CURVE_WITH_KNOTS('',3,(#9421,#9422,#9423,#9424,#9425),
 .UNSPECIFIED.,.F.,.F.,(4,1,4),(0.,0.0216848978325568,0.0414681387208683),
 .UNSPECIFIED.);
#179=B_SPLINE_CURVE_WITH_KNOTS('',3,(#9437,#9438,#9439,#9440,#9441),
 .UNSPECIFIED.,.F.,.F.,(4,1,4),(0.,0.015489309733993,0.0328831003858201),
 .UNSPECIFIED.);
#180=B_SPLINE_CURVE_WITH_KNOTS('',3,(#9444,#9445,#9446,#9447,#9448),
 .UNSPECIFIED.,.F.,.F.,(4,1,4),(0.,0.015489309733993,0.0328831003858201),
 .UNSPECIFIED.);
#181=B_SPLINE_CURVE_WITH_KNOTS('',3,(#9460,#9461,#9462,#9463,#9464),
 .UNSPECIFIED.,.F.,.F.,(4,1,4),(0.,0.0161424873118251,0.031238671846044),
 .UNSPECIFIED.);
#182=B_SPLINE_CURVE_WITH_KNOTS('',3,(#9467,#9468,#9469,#9470,#9471),
 .UNSPECIFIED.,.F.,.F.,(4,1,4),(0.,0.0161424873118251,0.031238671846044),
 .UNSPECIFIED.);
#183=B_SPLINE_CURVE_WITH_KNOTS('',3,(#9488,#9489,#9490,#9491,#9492),
 .UNSPECIFIED.,.F.,.F.,(4,1,4),(0.,0.00942990009093686,0.0206525855131528),
 .UNSPECIFIED.);
#184=B_SPLINE_CURVE_WITH_KNOTS('',3,(#9493,#9494,#9495,#9496,#9497),
 .UNSPECIFIED.,.F.,.F.,(4,1,4),(0.,0.00942990009093686,0.0206525855131528),
 .UNSPECIFIED.);
#185=B_SPLINE_CURVE_WITH_KNOTS('',3,(#9511,#9512,#9513,#9514,#9515),
 .UNSPECIFIED.,.F.,.F.,(4,1,4),(0.,0.00803928938664879,0.0187573510431039),
 .UNSPECIFIED.);
#186=B_SPLINE_CURVE_WITH_KNOTS('',3,(#9519,#9520,#9521,#9522,#9523),
 .UNSPECIFIED.,.F.,.F.,(4,1,4),(0.,0.00803928938664879,0.0187573510431039),
 .UNSPECIFIED.);
#187=B_SPLINE_CURVE_WITH_KNOTS('',3,(#9536,#9537,#9538,#9539,#9540),
 .UNSPECIFIED.,.F.,.F.,(4,1,4),(0.,0.00905826442291328,0.0178389445488154),
 .UNSPECIFIED.);
#188=B_SPLINE_CURVE_WITH_KNOTS('',3,(#9543,#9544,#9545,#9546,#9547),
 .UNSPECIFIED.,.F.,.F.,(4,1,4),(0.,0.00905826442291328,0.0178389445488154),
 .UNSPECIFIED.);
#189=B_SPLINE_CURVE_WITH_KNOTS('',3,(#9559,#9560,#9561,#9562,#9563),
 .UNSPECIFIED.,.F.,.F.,(4,1,4),(0.,0.010120010776043,0.0196582787888805),
 .UNSPECIFIED.);
#190=B_SPLINE_CURVE_WITH_KNOTS('',3,(#9566,#9567,#9568,#9569,#9570),
 .UNSPECIFIED.,.F.,.F.,(4,1,4),(0.,0.010120010776043,0.0196582787888805),
 .UNSPECIFIED.);
#191=B_SPLINE_CURVE_WITH_KNOTS('',3,(#9582,#9583,#9584,#9585,#9586),
 .UNSPECIFIED.,.F.,.F.,(4,1,4),(0.,0.00779353865029427,0.0173247612036027),
 .UNSPECIFIED.);
#192=B_SPLINE_CURVE_WITH_KNOTS('',3,(#9589,#9590,#9591,#9592,#9593),
 .UNSPECIFIED.,.F.,.F.,(4,1,4),(0.,0.00779353865029427,0.0173247612036027),
 .UNSPECIFIED.);
#193=B_SPLINE_CURVE_WITH_KNOTS('',3,(#9605,#9606,#9607,#9608,#9609),
 .UNSPECIFIED.,.F.,.F.,(4,1,4),(0.,0.00689546798687474,0.0138251244517016),
 .UNSPECIFIED.);
#194=B_SPLINE_CURVE_WITH_KNOTS('',3,(#9612,#9613,#9614,#9615,#9616),
 .UNSPECIFIED.,.F.,.F.,(4,1,4),(0.,0.00689546798687474,0.0138251244517016),
 .UNSPECIFIED.);
#195=B_SPLINE_CURVE_WITH_KNOTS('',3,(#9628,#9629,#9630,#9631,#9632),
 .UNSPECIFIED.,.F.,.F.,(4,1,4),(0.,0.00457809711123534,0.00921400085359179),
 .UNSPECIFIED.);
#196=B_SPLINE_CURVE_WITH_KNOTS('',3,(#9635,#9636,#9637,#9638,#9639),
 .UNSPECIFIED.,.F.,.F.,(4,1,4),(0.,0.00457809711123534,0.00921400085359179),
 .UNSPECIFIED.);
#197=B_SPLINE_CURVE_WITH_KNOTS('',3,(#9651,#9652,#9653,#9654,#9655),
 .UNSPECIFIED.,.F.,.F.,(4,1,4),(0.,0.0048716809320431,0.00951857157401271),
 .UNSPECIFIED.);
#198=B_SPLINE_CURVE_WITH_KNOTS('',3,(#9658,#9659,#9660,#9661,#9662),
 .UNSPECIFIED.,.F.,.F.,(4,1,4),(0.,0.0048716809320431,0.00951857157401271),
 .UNSPECIFIED.);
#199=B_SPLINE_CURVE_WITH_KNOTS('',3,(#9674,#9675,#9676,#9677,#9678),
 .UNSPECIFIED.,.F.,.F.,(4,1,4),(0.,0.00984956262249874,0.0165089949053322),
 .UNSPECIFIED.);
#200=B_SPLINE_CURVE_WITH_KNOTS('',3,(#9681,#9682,#9683,#9684,#9685),
 .UNSPECIFIED.,.F.,.F.,(4,1,4),(0.,0.00984956262249874,0.0165089949053322),
 .UNSPECIFIED.);
#201=B_SPLINE_CURVE_WITH_KNOTS('',3,(#9697,#9698,#9699,#9700,#9701),
 .UNSPECIFIED.,.F.,.F.,(4,1,4),(0.,0.0130934001794695,0.0309255535583771),
 .UNSPECIFIED.);
#202=B_SPLINE_CURVE_WITH_KNOTS('',3,(#9704,#9705,#9706,#9707,#9708),
 .UNSPECIFIED.,.F.,.F.,(4,1,4),(0.,0.0130934001794695,0.0309255535583771),
 .UNSPECIFIED.);
#203=B_SPLINE_CURVE_WITH_KNOTS('',3,(#9732,#9733,#9734,#9735,#9736),
 .UNSPECIFIED.,.F.,.F.,(4,1,4),(0.,0.00689005318535107,0.0139015627194834),
 .UNSPECIFIED.);
#204=B_SPLINE_CURVE_WITH_KNOTS('',3,(#9739,#9740,#9741,#9742,#9743),
 .UNSPECIFIED.,.F.,.F.,(4,1,4),(0.,0.00689005318535107,0.0139015627194834),
 .UNSPECIFIED.);
#205=B_SPLINE_CURVE_WITH_KNOTS('',3,(#9755,#9756,#9757,#9758,#9759),
 .UNSPECIFIED.,.F.,.F.,(4,1,4),(0.,0.0209647200345081,0.0325221712986336),
 .UNSPECIFIED.);
#206=B_SPLINE_CURVE_WITH_KNOTS('',3,(#9762,#9763,#9764,#9765,#9766),
 .UNSPECIFIED.,.F.,.F.,(4,1,4),(0.,0.0209647200345081,0.0325221712986336),
 .UNSPECIFIED.);
#207=B_SPLINE_CURVE_WITH_KNOTS('',3,(#9784,#9785,#9786,#9787,#9788),
 .UNSPECIFIED.,.F.,.F.,(4,1,4),(0.,0.00663564265950955,0.0170235950165593),
 .UNSPECIFIED.);
#208=B_SPLINE_CURVE_WITH_KNOTS('',3,(#9791,#9792,#9793,#9794,#9795),
 .UNSPECIFIED.,.F.,.F.,(4,1,4),(0.,0.00663564265950955,0.0170235950165593),
 .UNSPECIFIED.);
#209=B_SPLINE_CURVE_WITH_KNOTS('',3,(#9807,#9808,#9809,#9810,#9811),
 .UNSPECIFIED.,.F.,.F.,(4,1,4),(0.,0.00660517284229059,0.013881455193592),
 .UNSPECIFIED.);
#210=B_SPLINE_CURVE_WITH_KNOTS('',3,(#9814,#9815,#9816,#9817,#9818),
 .UNSPECIFIED.,.F.,.F.,(4,1,4),(0.,0.00660517284229059,0.013881455193592),
 .UNSPECIFIED.);
#211=B_SPLINE_CURVE_WITH_KNOTS('',3,(#9830,#9831,#9832,#9833,#9834),
 .UNSPECIFIED.,.F.,.F.,(4,1,4),(0.,0.0084027171171417,0.0153390393368581),
 .UNSPECIFIED.);
#212=B_SPLINE_CURVE_WITH_KNOTS('',3,(#9837,#9838,#9839,#9840,#9841),
 .UNSPECIFIED.,.F.,.F.,(4,1,4),(0.,0.0084027171171417,0.0153390393368581),
 .UNSPECIFIED.);
#213=B_SPLINE_CURVE_WITH_KNOTS('',3,(#9853,#9854,#9855,#9856,#9857),
 .UNSPECIFIED.,.F.,.F.,(4,1,4),(0.,0.0126373307315962,0.0229361594983378),
 .UNSPECIFIED.);
#214=B_SPLINE_CURVE_WITH_KNOTS('',3,(#9860,#9861,#9862,#9863,#9864),
 .UNSPECIFIED.,.F.,.F.,(4,1,4),(0.,0.0126373307315962,0.0229361594983378),
 .UNSPECIFIED.);
#215=B_SPLINE_CURVE_WITH_KNOTS('',3,(#9876,#9877,#9878,#9879,#9880),
 .UNSPECIFIED.,.F.,.F.,(4,1,4),(0.,0.0118403677044909,0.0250488259781403),
 .UNSPECIFIED.);
#216=B_SPLINE_CURVE_WITH_KNOTS('',3,(#9883,#9884,#9885,#9886,#9887),
 .UNSPECIFIED.,.F.,.F.,(4,1,4),(0.,0.0118403677044909,0.0250488259781403),
 .UNSPECIFIED.);
#217=B_SPLINE_CURVE_WITH_KNOTS('',3,(#9899,#9900,#9901,#9902,#9903),
 .UNSPECIFIED.,.F.,.F.,(4,1,4),(0.,0.00932445573186202,0.0198031650116329),
 .UNSPECIFIED.);
#218=B_SPLINE_CURVE_WITH_KNOTS('',3,(#9906,#9907,#9908,#9909,#9910),
 .UNSPECIFIED.,.F.,.F.,(4,1,4),(0.,0.00932445573186202,0.0198031650116329),
 .UNSPECIFIED.);
#219=B_SPLINE_CURVE_WITH_KNOTS('',3,(#9922,#9923,#9924,#9925,#9926),
 .UNSPECIFIED.,.F.,.F.,(4,1,4),(0.,0.0109427103481581,0.020482382214152),
 .UNSPECIFIED.);
#220=B_SPLINE_CURVE_WITH_KNOTS('',3,(#9929,#9930,#9931,#9932,#9933),
 .UNSPECIFIED.,.F.,.F.,(4,1,4),(0.,0.0109427103481581,0.020482382214152),
 .UNSPECIFIED.);
#221=B_SPLINE_CURVE_WITH_KNOTS('',3,(#9951,#9952,#9953,#9954,#9955),
 .UNSPECIFIED.,.F.,.F.,(4,1,4),(0.,0.00829163430820851,0.0188020702825614),
 .UNSPECIFIED.);
#222=B_SPLINE_CURVE_WITH_KNOTS('',3,(#9958,#9959,#9960,#9961,#9962),
 .UNSPECIFIED.,.F.,.F.,(4,1,4),(0.,0.00829163430820851,0.0188020702825614),
 .UNSPECIFIED.);
#223=B_SPLINE_CURVE_WITH_KNOTS('',3,(#9974,#9975,#9976,#9977,#9978),
 .UNSPECIFIED.,.F.,.F.,(4,1,4),(0.,0.011350692061289,0.0199492960815651),
 .UNSPECIFIED.);
#224=B_SPLINE_CURVE_WITH_KNOTS('',3,(#9981,#9982,#9983,#9984,#9985),
 .UNSPECIFIED.,.F.,.F.,(4,1,4),(0.,0.011350692061289,0.0199492960815651),
 .UNSPECIFIED.);
#225=B_SPLINE_CURVE_WITH_KNOTS('',3,(#9997,#9998,#9999,#10000,#10001),
 .UNSPECIFIED.,.F.,.F.,(4,1,4),(0.,0.00994456877221826,0.0222454838427513),
 .UNSPECIFIED.);
#226=B_SPLINE_CURVE_WITH_KNOTS('',3,(#10004,#10005,#10006,#10007,#10008),
 .UNSPECIFIED.,.F.,.F.,(4,1,4),(0.,0.00994456877221826,0.0222454838427513),
 .UNSPECIFIED.);
#227=B_SPLINE_CURVE_WITH_KNOTS('',3,(#10020,#10021,#10022,#10023,#10024),
 .UNSPECIFIED.,.F.,.F.,(4,1,4),(0.,0.009680748085778,0.0170694206031352),
 .UNSPECIFIED.);
#228=B_SPLINE_CURVE_WITH_KNOTS('',3,(#10027,#10028,#10029,#10030,#10031),
 .UNSPECIFIED.,.F.,.F.,(4,1,4),(0.,0.009680748085778,0.0170694206031352),
 .UNSPECIFIED.);
#229=B_SPLINE_CURVE_WITH_KNOTS('',3,(#10043,#10044,#10045,#10046,#10047),
 .UNSPECIFIED.,.F.,.F.,(4,1,4),(0.,0.00309610939069392,0.00481014139960877),
 .UNSPECIFIED.);
#230=B_SPLINE_CURVE_WITH_KNOTS('',3,(#10050,#10051,#10052,#10053,#10054),
 .UNSPECIFIED.,.F.,.F.,(4,1,4),(0.,0.00309610939069392,0.00481014139960877),
 .UNSPECIFIED.);
#231=B_SPLINE_CURVE_WITH_KNOTS('',3,(#10066,#10067,#10068,#10069,#10070),
 .UNSPECIFIED.,.F.,.F.,(4,1,4),(0.,0.0195822235766187,0.0334918391305592),
 .UNSPECIFIED.);
#232=B_SPLINE_CURVE_WITH_KNOTS('',3,(#10073,#10074,#10075,#10076,#10077),
 .UNSPECIFIED.,.F.,.F.,(4,1,4),(0.,0.0195822235766187,0.0334918391305592),
 .UNSPECIFIED.);
#233=B_SPLINE_CURVE_WITH_KNOTS('',3,(#10089,#10090,#10091,#10092,#10093),
 .UNSPECIFIED.,.F.,.F.,(4,1,4),(0.,0.00694815246745667,0.0166105806698183),
 .UNSPECIFIED.);
#234=B_SPLINE_CURVE_WITH_KNOTS('',3,(#10096,#10097,#10098,#10099,#10100),
 .UNSPECIFIED.,.F.,.F.,(4,1,4),(0.,0.00694815246745667,0.0166105806698183),
 .UNSPECIFIED.);
#235=B_SPLINE_CURVE_WITH_KNOTS('',3,(#10112,#10113,#10114,#10115,#10116),
 .UNSPECIFIED.,.F.,.F.,(4,1,4),(0.,0.00716920929113682,0.0146094782540889),
 .UNSPECIFIED.);
#236=B_SPLINE_CURVE_WITH_KNOTS('',3,(#10119,#10120,#10121,#10122,#10123),
 .UNSPECIFIED.,.F.,.F.,(4,1,4),(0.,0.00716920929113682,0.0146094782540889),
 .UNSPECIFIED.);
#237=B_SPLINE_CURVE_WITH_KNOTS('',3,(#10135,#10136,#10137,#10138,#10139),
 .UNSPECIFIED.,.F.,.F.,(4,1,4),(0.,0.00727803354501877,0.0143394170582915),
 .UNSPECIFIED.);
#238=B_SPLINE_CURVE_WITH_KNOTS('',3,(#10142,#10143,#10144,#10145,#10146),
 .UNSPECIFIED.,.F.,.F.,(4,1,4),(0.,0.00727803354501877,0.0143394170582915),
 .UNSPECIFIED.);
#239=B_SPLINE_CURVE_WITH_KNOTS('',3,(#10158,#10159,#10160,#10161,#10162),
 .UNSPECIFIED.,.F.,.F.,(4,1,4),(0.,0.00768937156602778,0.0151494927629033),
 .UNSPECIFIED.);
#240=B_SPLINE_CURVE_WITH_KNOTS('',3,(#10165,#10166,#10167,#10168,#10169),
 .UNSPECIFIED.,.F.,.F.,(4,1,4),(0.,0.00768937156602778,0.0151494927629033),
 .UNSPECIFIED.);
#241=B_SPLINE_CURVE_WITH_KNOTS('',3,(#10181,#10182,#10183,#10184,#10185),
 .UNSPECIFIED.,.F.,.F.,(4,1,4),(0.,0.0123005085597285,0.0249250246990258),
 .UNSPECIFIED.);
#242=B_SPLINE_CURVE_WITH_KNOTS('',3,(#10188,#10189,#10190,#10191,#10192),
 .UNSPECIFIED.,.F.,.F.,(4,1,4),(0.,0.0123005085597285,0.0249250246990258),
 .UNSPECIFIED.);
#243=B_SPLINE_CURVE_WITH_KNOTS('',3,(#10204,#10205,#10206,#10207,#10208),
 .UNSPECIFIED.,.F.,.F.,(4,1,4),(0.,0.0159841872860315,0.0293896408244768),
 .UNSPECIFIED.);
#244=B_SPLINE_CURVE_WITH_KNOTS('',3,(#10211,#10212,#10213,#10214,#10215),
 .UNSPECIFIED.,.F.,.F.,(4,1,4),(0.,0.0159841872860315,0.0293896408244768),
 .UNSPECIFIED.);
#245=B_SPLINE_CURVE_WITH_KNOTS('',3,(#10227,#10228,#10229,#10230,#10231),
 .UNSPECIFIED.,.F.,.F.,(4,1,4),(0.,0.0101709567743843,0.0207095454467148),
 .UNSPECIFIED.);
#246=B_SPLINE_CURVE_WITH_KNOTS('',3,(#10234,#10235,#10236,#10237,#10238),
 .UNSPECIFIED.,.F.,.F.,(4,1,4),(0.,0.0101709567743843,0.0207095454467148),
 .UNSPECIFIED.);
#247=B_SPLINE_CURVE_WITH_KNOTS('',3,(#10250,#10251,#10252,#10253,#10254),
 .UNSPECIFIED.,.F.,.F.,(4,1,4),(0.,0.0124832412355309,0.0232937295374388),
 .UNSPECIFIED.);
#248=B_SPLINE_CURVE_WITH_KNOTS('',3,(#10257,#10258,#10259,#10260,#10261),
 .UNSPECIFIED.,.F.,.F.,(4,1,4),(0.,0.0124832412355309,0.0232937295374388),
 .UNSPECIFIED.);
#249=B_SPLINE_CURVE_WITH_KNOTS('',3,(#10272,#10273,#10274,#10275,#10276),
 .UNSPECIFIED.,.F.,.F.,(4,1,4),(0.,0.00664650636638087,0.0139564603895903),
 .UNSPECIFIED.);
#250=B_SPLINE_CURVE_WITH_KNOTS('',3,(#10277,#10278,#10279,#10280,#10281),
 .UNSPECIFIED.,.F.,.F.,(4,1,4),(0.,0.00664650636638087,0.0139564603895903),
 .UNSPECIFIED.);
#251=B_SPLINE_CURVE_WITH_KNOTS('',3,(#10295,#10296,#10297,#10298,#10299),
 .UNSPECIFIED.,.F.,.F.,(4,1,4),(0.,0.0115565058541981,0.0239813285887546),
 .UNSPECIFIED.);
#252=B_SPLINE_CURVE_WITH_KNOTS('',3,(#10303,#10304,#10305,#10306,#10307),
 .UNSPECIFIED.,.F.,.F.,(4,1,4),(0.,0.0115565058541981,0.0239813285887546),
 .UNSPECIFIED.);
#253=B_SPLINE_CURVE_WITH_KNOTS('',3,(#10320,#10321,#10322,#10323,#10324),
 .UNSPECIFIED.,.F.,.F.,(4,1,4),(0.,0.0120271141928238,0.023401453875732),
 .UNSPECIFIED.);
#254=B_SPLINE_CURVE_WITH_KNOTS('',3,(#10327,#10328,#10329,#10330,#10331),
 .UNSPECIFIED.,.F.,.F.,(4,1,4),(0.,0.0120271141928238,0.023401453875732),
 .UNSPECIFIED.);
#255=B_SPLINE_CURVE_WITH_KNOTS('',3,(#10343,#10344,#10345,#10346,#10347),
 .UNSPECIFIED.,.F.,.F.,(4,1,4),(0.,0.0186142129141957,0.0329999956267186),
 .UNSPECIFIED.);
#256=B_SPLINE_CURVE_WITH_KNOTS('',3,(#10350,#10351,#10352,#10353,#10354),
 .UNSPECIFIED.,.F.,.F.,(4,1,4),(0.,0.0186142129141957,0.0329999956267186),
 .UNSPECIFIED.);
#257=B_SPLINE_CURVE_WITH_KNOTS('',3,(#10366,#10367,#10368,#10369,#10370),
 .UNSPECIFIED.,.F.,.F.,(4,1,4),(0.,0.0146314312767164,0.032963942268336),
 .UNSPECIFIED.);
#258=B_SPLINE_CURVE_WITH_KNOTS('',3,(#10373,#10374,#10375,#10376,#10377),
 .UNSPECIFIED.,.F.,.F.,(4,1,4),(0.,0.0146314312767164,0.032963942268336),
 .UNSPECIFIED.);
#259=B_SPLINE_CURVE_WITH_KNOTS('',3,(#10389,#10390,#10391,#10392,#10393),
 .UNSPECIFIED.,.F.,.F.,(4,1,4),(0.,0.0115564511846742,0.023981320058903),
 .UNSPECIFIED.);
#260=B_SPLINE_CURVE_WITH_KNOTS('',3,(#10396,#10397,#10398,#10399,#10400),
 .UNSPECIFIED.,.F.,.F.,(4,1,4),(0.,0.0115564511846742,0.023981320058903),
 .UNSPECIFIED.);
#261=B_SPLINE_CURVE_WITH_KNOTS('',3,(#10412,#10413,#10414,#10415,#10416),
 .UNSPECIFIED.,.F.,.F.,(4,1,4),(0.,0.0147808113506532,0.0285493241412202),
 .UNSPECIFIED.);
#262=B_SPLINE_CURVE_WITH_KNOTS('',3,(#10419,#10420,#10421,#10422,#10423),
 .UNSPECIFIED.,.F.,.F.,(4,1,4),(0.,0.0147808113506532,0.0285493241412202),
 .UNSPECIFIED.);
#263=B_SPLINE_CURVE_WITH_KNOTS('',3,(#10435,#10436,#10437,#10438,#10439),
 .UNSPECIFIED.,.F.,.F.,(4,1,4),(0.,0.016883983356225,0.028970317654883),
 .UNSPECIFIED.);
#264=B_SPLINE_CURVE_WITH_KNOTS('',3,(#10442,#10443,#10444,#10445,#10446),
 .UNSPECIFIED.,.F.,.F.,(4,1,4),(0.,0.016883983356225,0.028970317654883),
 .UNSPECIFIED.);
#265=B_SPLINE_CURVE_WITH_KNOTS('',3,(#10457,#10458,#10459,#10460,#10461),
 .UNSPECIFIED.,.F.,.F.,(4,1,4),(0.,0.0144263453838868,0.0320733877518617),
 .UNSPECIFIED.);
#266=B_SPLINE_CURVE_WITH_KNOTS('',3,(#10462,#10463,#10464,#10465,#10466),
 .UNSPECIFIED.,.F.,.F.,(4,1,4),(0.,0.0144263453838868,0.0320733877518617),
 .UNSPECIFIED.);
#267=B_SPLINE_CURVE_WITH_KNOTS('',3,(#10479,#10480,#10481,#10482,#10483),
 .UNSPECIFIED.,.F.,.F.,(4,1,4),(0.,0.0176276242504464,0.0353668339766041),
 .UNSPECIFIED.);
#268=B_SPLINE_CURVE_WITH_KNOTS('',3,(#10487,#10488,#10489,#10490,#10491),
 .UNSPECIFIED.,.F.,.F.,(4,1,4),(0.,0.0176276242504464,0.0353668339766041),
 .UNSPECIFIED.);
#269=B_SPLINE_CURVE_WITH_KNOTS('',3,(#10504,#10505,#10506,#10507,#10508),
 .UNSPECIFIED.,.F.,.F.,(4,1,4),(0.,0.0190161147532847,0.0373731171090843),
 .UNSPECIFIED.);
#270=B_SPLINE_CURVE_WITH_KNOTS('',3,(#10511,#10512,#10513,#10514,#10515),
 .UNSPECIFIED.,.F.,.F.,(4,1,4),(0.,0.0190161147532847,0.0373731171090843),
 .UNSPECIFIED.);
#271=B_SPLINE_CURVE_WITH_KNOTS('',3,(#10527,#10528,#10529,#10530,#10531),
 .UNSPECIFIED.,.F.,.F.,(4,1,4),(0.,0.025000884081743,0.0461321140440726),
 .UNSPECIFIED.);
#272=B_SPLINE_CURVE_WITH_KNOTS('',3,(#10534,#10535,#10536,#10537,#10538),
 .UNSPECIFIED.,.F.,.F.,(4,1,4),(0.,0.025000884081743,0.0461321140440726),
 .UNSPECIFIED.);
#273=B_SPLINE_CURVE_WITH_KNOTS('',3,(#10550,#10551,#10552,#10553,#10554),
 .UNSPECIFIED.,.F.,.F.,(4,1,4),(0.,0.0109707294588149,0.0224086539138961),
 .UNSPECIFIED.);
#274=B_SPLINE_CURVE_WITH_KNOTS('',3,(#10557,#10558,#10559,#10560,#10561),
 .UNSPECIFIED.,.F.,.F.,(4,1,4),(0.,0.0109707294588149,0.0224086539138961),
 .UNSPECIFIED.);
#275=B_SPLINE_CURVE_WITH_KNOTS('',3,(#10573,#10574,#10575,#10576,#10577),
 .UNSPECIFIED.,.F.,.F.,(4,1,4),(0.,0.00957594253379158,0.0199193919095455),
 .UNSPECIFIED.);
#276=B_SPLINE_CURVE_WITH_KNOTS('',3,(#10580,#10581,#10582,#10583,#10584),
 .UNSPECIFIED.,.F.,.F.,(4,1,4),(0.,0.00957594253379158,0.0199193919095455),
 .UNSPECIFIED.);
#277=B_SPLINE_CURVE_WITH_KNOTS('',3,(#10596,#10597,#10598,#10599,#10600),
 .UNSPECIFIED.,.F.,.F.,(4,1,4),(0.,0.00949766964875292,0.018740638177783),
 .UNSPECIFIED.);
#278=B_SPLINE_CURVE_WITH_KNOTS('',3,(#10603,#10604,#10605,#10606,#10607),
 .UNSPECIFIED.,.F.,.F.,(4,1,4),(0.,0.00949766964875292,0.018740638177783),
 .UNSPECIFIED.);
#279=B_SPLINE_CURVE_WITH_KNOTS('',3,(#10619,#10620,#10621,#10622,#10623),
 .UNSPECIFIED.,.F.,.F.,(4,1,4),(0.,0.00981087926589374,0.0195177934983778),
 .UNSPECIFIED.);
#280=B_SPLINE_CURVE_WITH_KNOTS('',3,(#10626,#10627,#10628,#10629,#10630),
 .UNSPECIFIED.,.F.,.F.,(4,1,4),(0.,0.00981087926589374,0.0195177934983778),
 .UNSPECIFIED.);
#281=B_SPLINE_CURVE_WITH_KNOTS('',3,(#10642,#10643,#10644,#10645,#10646),
 .UNSPECIFIED.,.F.,.F.,(4,1,4),(0.,0.0172241976149678,0.0341238063939455),
 .UNSPECIFIED.);
#282=B_SPLINE_CURVE_WITH_KNOTS('',3,(#10649,#10650,#10651,#10652,#10653),
 .UNSPECIFIED.,.F.,.F.,(4,1,4),(0.,0.0172241976149678,0.0341238063939455),
 .UNSPECIFIED.);
#283=B_SPLINE_CURVE_WITH_KNOTS('',3,(#10702,#10703,#10704,#10705,#10706),
 .UNSPECIFIED.,.F.,.F.,(4,1,4),(0.,0.0125752604542151,0.030227135393195),
 .UNSPECIFIED.);
#284=B_SPLINE_CURVE_WITH_KNOTS('',3,(#10709,#10710,#10711,#10712,#10713),
 .UNSPECIFIED.,.F.,.F.,(4,1,4),(0.,0.0125752604542151,0.030227135393195),
 .UNSPECIFIED.);
#285=B_SPLINE_CURVE_WITH_KNOTS('',3,(#10725,#10726,#10727,#10728,#10729),
 .UNSPECIFIED.,.F.,.F.,(4,1,4),(0.,0.0111188591734372,0.0220181052831408),
 .UNSPECIFIED.);
#286=B_SPLINE_CURVE_WITH_KNOTS('',3,(#10732,#10733,#10734,#10735,#10736),
 .UNSPECIFIED.,.F.,.F.,(4,1,4),(0.,0.0111188591734372,0.0220181052831408),
 .UNSPECIFIED.);
#287=B_SPLINE_CURVE_WITH_KNOTS('',3,(#10748,#10749,#10750,#10751,#10752),
 .UNSPECIFIED.,.F.,.F.,(4,1,4),(0.,0.00644906983011801,0.0133927702743653),
 .UNSPECIFIED.);
#288=B_SPLINE_CURVE_WITH_KNOTS('',3,(#10755,#10756,#10757,#10758,#10759),
 .UNSPECIFIED.,.F.,.F.,(4,1,4),(0.,0.00644906983011801,0.0133927702743653),
 .UNSPECIFIED.);
#289=B_SPLINE_CURVE_WITH_KNOTS('',3,(#10771,#10772,#10773,#10774,#10775),
 .UNSPECIFIED.,.F.,.F.,(4,1,4),(0.,0.00583243318318598,0.0118882115558941),
 .UNSPECIFIED.);
#290=B_SPLINE_CURVE_WITH_KNOTS('',3,(#10778,#10779,#10780,#10781,#10782),
 .UNSPECIFIED.,.F.,.F.,(4,1,4),(0.,0.00583243318318598,0.0118882115558941),
 .UNSPECIFIED.);
#291=B_SPLINE_CURVE_WITH_KNOTS('',3,(#10794,#10795,#10796,#10797,#10798),
 .UNSPECIFIED.,.F.,.F.,(4,1,4),(0.,0.00985009754002004,0.0170293851601502),
 .UNSPECIFIED.);
#292=B_SPLINE_CURVE_WITH_KNOTS('',3,(#10801,#10802,#10803,#10804,#10805),
 .UNSPECIFIED.,.F.,.F.,(4,1,4),(0.,0.00985009754002004,0.0170293851601502),
 .UNSPECIFIED.);
#293=B_SPLINE_CURVE_WITH_KNOTS('',3,(#10835,#10836,#10837,#10838,#10839),
 .UNSPECIFIED.,.F.,.F.,(4,1,4),(0.,0.00707618003954422,0.0179506074223295),
 .UNSPECIFIED.);
#294=B_SPLINE_CURVE_WITH_KNOTS('',3,(#10842,#10843,#10844,#10845,#10846),
 .UNSPECIFIED.,.F.,.F.,(4,1,4),(0.,0.00707618003954422,0.0179506074223295),
 .UNSPECIFIED.);
#295=B_SPLINE_CURVE_WITH_KNOTS('',3,(#10858,#10859,#10860,#10861,#10862),
 .UNSPECIFIED.,.F.,.F.,(4,1,4),(0.,0.0071678532283399,0.0148466156207944),
 .UNSPECIFIED.);
#296=B_SPLINE_CURVE_WITH_KNOTS('',3,(#10865,#10866,#10867,#10868,#10869),
 .UNSPECIFIED.,.F.,.F.,(4,1,4),(0.,0.0071678532283399,0.0148466156207944),
 .UNSPECIFIED.);
#297=B_SPLINE_CURVE_WITH_KNOTS('',3,(#10881,#10882,#10883,#10884,#10885),
 .UNSPECIFIED.,.F.,.F.,(4,1,4),(0.,0.00827626341914462,0.0155657189772619),
 .UNSPECIFIED.);
#298=B_SPLINE_CURVE_WITH_KNOTS('',3,(#10888,#10889,#10890,#10891,#10892),
 .UNSPECIFIED.,.F.,.F.,(4,1,4),(0.,0.00827626341914462,0.0155657189772619),
 .UNSPECIFIED.);
#299=B_SPLINE_CURVE_WITH_KNOTS('',3,(#10904,#10905,#10906,#10907,#10908),
 .UNSPECIFIED.,.F.,.F.,(4,1,4),(0.,0.00946739783721984,0.0184973662023927),
 .UNSPECIFIED.);
#300=B_SPLINE_CURVE_WITH_KNOTS('',3,(#10911,#10912,#10913,#10914,#10915),
 .UNSPECIFIED.,.F.,.F.,(4,1,4),(0.,0.00946739783721984,0.0184973662023927),
 .UNSPECIFIED.);
#301=B_SPLINE_CURVE_WITH_KNOTS('',3,(#10927,#10928,#10929,#10930,#10931),
 .UNSPECIFIED.,.F.,.F.,(4,1,4),(0.,0.0198603873112251,0.0403086275028518),
 .UNSPECIFIED.);
#302=B_SPLINE_CURVE_WITH_KNOTS('',3,(#10934,#10935,#10936,#10937,#10938),
 .UNSPECIFIED.,.F.,.F.,(4,1,4),(0.,0.0198603873112251,0.0403086275028518),
 .UNSPECIFIED.);
#303=B_SPLINE_CURVE_WITH_KNOTS('',3,(#10981,#10982,#10983,#10984,#10985),
 .UNSPECIFIED.,.F.,.F.,(4,1,4),(0.,0.00987211820901771,0.0229899710715712),
 .UNSPECIFIED.);
#304=B_SPLINE_CURVE_WITH_KNOTS('',3,(#10988,#10989,#10990,#10991,#10992),
 .UNSPECIFIED.,.F.,.F.,(4,1,4),(0.,0.00987211820901771,0.0229899710715712),
 .UNSPECIFIED.);
#305=B_SPLINE_CURVE_WITH_KNOTS('',3,(#11004,#11005,#11006,#11007,#11008),
 .UNSPECIFIED.,.F.,.F.,(4,1,4),(0.,0.00760179804411288,0.015543612562099),
 .UNSPECIFIED.);
#306=B_SPLINE_CURVE_WITH_KNOTS('',3,(#11011,#11012,#11013,#11014,#11015),
 .UNSPECIFIED.,.F.,.F.,(4,1,4),(0.,0.00760179804411288,0.015543612562099),
 .UNSPECIFIED.);
#307=B_SPLINE_CURVE_WITH_KNOTS('',3,(#11027,#11028,#11029,#11030,#11031),
 .UNSPECIFIED.,.F.,.F.,(4,1,4),(0.,0.00755174853733531,0.0150980167022002),
 .UNSPECIFIED.);
#308=B_SPLINE_CURVE_WITH_KNOTS('',3,(#11034,#11035,#11036,#11037,#11038),
 .UNSPECIFIED.,.F.,.F.,(4,1,4),(0.,0.00755174853733531,0.0150980167022002),
 .UNSPECIFIED.);
#309=B_SPLINE_CURVE_WITH_KNOTS('',3,(#11050,#11051,#11052,#11053,#11054),
 .UNSPECIFIED.,.F.,.F.,(4,1,4),(0.,0.00751125425941904,0.0164435335495559),
 .UNSPECIFIED.);
#310=B_SPLINE_CURVE_WITH_KNOTS('',3,(#11057,#11058,#11059,#11060,#11061),
 .UNSPECIFIED.,.F.,.F.,(4,1,4),(0.,0.00751125425941904,0.0164435335495559),
 .UNSPECIFIED.);
#311=B_SPLINE_CURVE_WITH_KNOTS('',3,(#11073,#11074,#11075,#11076,#11077),
 .UNSPECIFIED.,.F.,.F.,(4,1,4),(0.,0.0108023159410842,0.0191862424586348),
 .UNSPECIFIED.);
#312=B_SPLINE_CURVE_WITH_KNOTS('',3,(#11080,#11081,#11082,#11083,#11084),
 .UNSPECIFIED.,.F.,.F.,(4,1,4),(0.,0.0108023159410842,0.0191862424586348),
 .UNSPECIFIED.);
#313=B_SPLINE_CURVE_WITH_KNOTS('',3,(#11114,#11115,#11116,#11117,#11118),
 .UNSPECIFIED.,.F.,.F.,(4,1,4),(0.,0.0114236183459706,0.0260376953286716),
 .UNSPECIFIED.);
#314=B_SPLINE_CURVE_WITH_KNOTS('',3,(#11121,#11122,#11123,#11124,#11125),
 .UNSPECIFIED.,.F.,.F.,(4,1,4),(0.,0.0114236183459706,0.0260376953286716),
 .UNSPECIFIED.);
#315=B_SPLINE_CURVE_WITH_KNOTS('',3,(#11137,#11138,#11139,#11140,#11141),
 .UNSPECIFIED.,.F.,.F.,(4,1,4),(0.,0.0106594682347436,0.0209395184585093),
 .UNSPECIFIED.);
#316=B_SPLINE_CURVE_WITH_KNOTS('',3,(#11144,#11145,#11146,#11147,#11148),
 .UNSPECIFIED.,.F.,.F.,(4,1,4),(0.,0.0106594682347436,0.0209395184585093),
 .UNSPECIFIED.);
#317=B_SPLINE_CURVE_WITH_KNOTS('',3,(#11160,#11161,#11162,#11163,#11164),
 .UNSPECIFIED.,.F.,.F.,(4,1,4),(0.,0.00557903273378377,0.011559723478288),
 .UNSPECIFIED.);
#318=B_SPLINE_CURVE_WITH_KNOTS('',3,(#11167,#11168,#11169,#11170,#11171),
 .UNSPECIFIED.,.F.,.F.,(4,1,4),(0.,0.00557903273378377,0.011559723478288),
 .UNSPECIFIED.);
#319=B_SPLINE_CURVE_WITH_KNOTS('',3,(#11183,#11184,#11185,#11186,#11187),
 .UNSPECIFIED.,.F.,.F.,(4,1,4),(0.,0.0050590173864168,0.0103181697032474),
 .UNSPECIFIED.);
#320=B_SPLINE_CURVE_WITH_KNOTS('',3,(#11190,#11191,#11192,#11193,#11194),
 .UNSPECIFIED.,.F.,.F.,(4,1,4),(0.,0.0050590173864168,0.0103181697032474),
 .UNSPECIFIED.);
#321=B_SPLINE_CURVE_WITH_KNOTS('',3,(#11206,#11207,#11208,#11209,#11210),
 .UNSPECIFIED.,.F.,.F.,(4,1,4),(0.,0.00951343953283109,0.0160603948244822),
 .UNSPECIFIED.);
#322=B_SPLINE_CURVE_WITH_KNOTS('',3,(#11213,#11214,#11215,#11216,#11217),
 .UNSPECIFIED.,.F.,.F.,(4,1,4),(0.,0.00951343953283109,0.0160603948244822),
 .UNSPECIFIED.);
#323=B_SPLINE_CURVE_WITH_KNOTS('',3,(#11247,#11248,#11249,#11250,#11251),
 .UNSPECIFIED.,.F.,.F.,(4,1,4),(0.,0.0131083722657042,0.0294583938875668),
 .UNSPECIFIED.);
#324=B_SPLINE_CURVE_WITH_KNOTS('',3,(#11254,#11255,#11256,#11257,#11258),
 .UNSPECIFIED.,.F.,.F.,(4,1,4),(0.,0.0131083722657042,0.0294583938875668),
 .UNSPECIFIED.);
#325=B_SPLINE_CURVE_WITH_KNOTS('',3,(#11270,#11271,#11272,#11273,#11274),
 .UNSPECIFIED.,.F.,.F.,(4,1,4),(0.,0.0144732089484825,0.026991011341599),
 .UNSPECIFIED.);
#326=B_SPLINE_CURVE_WITH_KNOTS('',3,(#11277,#11278,#11279,#11280,#11281),
 .UNSPECIFIED.,.F.,.F.,(4,1,4),(0.,0.0144732089484825,0.026991011341599),
 .UNSPECIFIED.);
#327=B_SPLINE_CURVE_WITH_KNOTS('',3,(#11293,#11294,#11295,#11296,#11297),
 .UNSPECIFIED.,.F.,.F.,(4,1,4),(0.,0.0205875923328475,0.039907058920595),
 .UNSPECIFIED.);
#328=B_SPLINE_CURVE_WITH_KNOTS('',3,(#11300,#11301,#11302,#11303,#11304),
 .UNSPECIFIED.,.F.,.F.,(4,1,4),(0.,0.0205875923328475,0.039907058920595),
 .UNSPECIFIED.);
#329=B_SPLINE_CURVE_WITH_KNOTS('',3,(#11316,#11317,#11318,#11319,#11320),
 .UNSPECIFIED.,.F.,.F.,(4,1,4),(0.,0.00891745430738504,0.0180103921590244),
 .UNSPECIFIED.);
#330=B_SPLINE_CURVE_WITH_KNOTS('',3,(#11323,#11324,#11325,#11326,#11327),
 .UNSPECIFIED.,.F.,.F.,(4,1,4),(0.,0.00891745430738504,0.0180103921590244),
 .UNSPECIFIED.);
#331=B_SPLINE_CURVE_WITH_KNOTS('',3,(#11339,#11340,#11341,#11342,#11343),
 .UNSPECIFIED.,.F.,.F.,(4,1,4),(0.,0.0110578039925494,0.0206387761444211),
 .UNSPECIFIED.);
#332=B_SPLINE_CURVE_WITH_KNOTS('',3,(#11346,#11347,#11348,#11349,#11350),
 .UNSPECIFIED.,.F.,.F.,(4,1,4),(0.,0.0110578039925494,0.0206387761444211),
 .UNSPECIFIED.);
#333=B_SPLINE_CURVE_WITH_KNOTS('',3,(#11362,#11363,#11364,#11365,#11366),
 .UNSPECIFIED.,.F.,.F.,(4,1,4),(0.,0.00978510797394164,0.0201143326826968),
 .UNSPECIFIED.);
#334=B_SPLINE_CURVE_WITH_KNOTS('',3,(#11369,#11370,#11371,#11372,#11373),
 .UNSPECIFIED.,.F.,.F.,(4,1,4),(0.,0.00978510797394164,0.0201143326826968),
 .UNSPECIFIED.);
#335=B_SPLINE_CURVE_WITH_KNOTS('',3,(#11385,#11386,#11387,#11388,#11389),
 .UNSPECIFIED.,.F.,.F.,(4,1,4),(0.,0.00934733918083136,0.0188505621434413),
 .UNSPECIFIED.);
#336=B_SPLINE_CURVE_WITH_KNOTS('',3,(#11392,#11393,#11394,#11395,#11396),
 .UNSPECIFIED.,.F.,.F.,(4,1,4),(0.,0.00934733918083136,0.0188505621434413),
 .UNSPECIFIED.);
#337=B_SPLINE_CURVE_WITH_KNOTS('',3,(#11431,#11432,#11433,#11434,#11435),
 .UNSPECIFIED.,.F.,.F.,(4,1,4),(0.,0.01154339235753,0.0234625499219348),
 .UNSPECIFIED.);
#338=B_SPLINE_CURVE_WITH_KNOTS('',3,(#11439,#11440,#11441,#11442,#11443),
 .UNSPECIFIED.,.F.,.F.,(4,1,4),(0.,0.01154339235753,0.0234625499219348),
 .UNSPECIFIED.);
#339=B_SPLINE_CURVE_WITH_KNOTS('',3,(#11456,#11457,#11458,#11459,#11460),
 .UNSPECIFIED.,.F.,.F.,(4,1,4),(0.,0.012380761252847,0.0242585236905883),
 .UNSPECIFIED.);
#340=B_SPLINE_CURVE_WITH_KNOTS('',3,(#11463,#11464,#11465,#11466,#11467),
 .UNSPECIFIED.,.F.,.F.,(4,1,4),(0.,0.012380761252847,0.0242585236905883),
 .UNSPECIFIED.);
#341=B_SPLINE_CURVE_WITH_KNOTS('',3,(#11479,#11480,#11481,#11482,#11483),
 .UNSPECIFIED.,.F.,.F.,(4,1,4),(0.,0.0194573456741533,0.0343306420228621),
 .UNSPECIFIED.);
#342=B_SPLINE_CURVE_WITH_KNOTS('',3,(#11486,#11487,#11488,#11489,#11490),
 .UNSPECIFIED.,.F.,.F.,(4,1,4),(0.,0.0194573456741533,0.0343306420228621),
 .UNSPECIFIED.);
#343=B_SPLINE_CURVE_WITH_KNOTS('',3,(#11502,#11503,#11504,#11505,#11506),
 .UNSPECIFIED.,.F.,.F.,(4,1,4),(0.,0.0139852209040994,0.0317736969039575),
 .UNSPECIFIED.);
#344=B_SPLINE_CURVE_WITH_KNOTS('',3,(#11509,#11510,#11511,#11512,#11513),
 .UNSPECIFIED.,.F.,.F.,(4,1,4),(0.,0.0139852209040994,0.0317736969039575),
 .UNSPECIFIED.);
#345=B_SPLINE_CURVE_WITH_KNOTS('',3,(#11525,#11526,#11527,#11528,#11529),
 .UNSPECIFIED.,.F.,.F.,(4,1,4),(0.,0.0114351923800392,0.023362083729606),
 .UNSPECIFIED.);
#346=B_SPLINE_CURVE_WITH_KNOTS('',3,(#11532,#11533,#11534,#11535,#11536),
 .UNSPECIFIED.,.F.,.F.,(4,1,4),(0.,0.0114351923800392,0.023362083729606),
 .UNSPECIFIED.);
#347=B_SPLINE_CURVE_WITH_KNOTS('',3,(#11548,#11549,#11550,#11551,#11552),
 .UNSPECIFIED.,.F.,.F.,(4,1,4),(0.,0.0123323917212932,0.0238054442589506),
 .UNSPECIFIED.);
#348=B_SPLINE_CURVE_WITH_KNOTS('',3,(#11555,#11556,#11557,#11558,#11559),
 .UNSPECIFIED.,.F.,.F.,(4,1,4),(0.,0.0123323917212932,0.0238054442589506),
 .UNSPECIFIED.);
#349=B_SPLINE_CURVE_WITH_KNOTS('',3,(#11571,#11572,#11573,#11574,#11575),
 .UNSPECIFIED.,.F.,.F.,(4,1,4),(0.,0.0183705870991149,0.0329221668013169),
 .UNSPECIFIED.);
#350=B_SPLINE_CURVE_WITH_KNOTS('',3,(#11578,#11579,#11580,#11581,#11582),
 .UNSPECIFIED.,.F.,.F.,(4,1,4),(0.,0.0183705870991149,0.0329221668013169),
 .UNSPECIFIED.);
#351=B_SPLINE_CURVE_WITH_KNOTS('',3,(#11593,#11594,#11595,#11596,#11597),
 .UNSPECIFIED.,.F.,.F.,(4,1,4),(0.,0.0143189177594208,0.0331308061892772),
 .UNSPECIFIED.);
#352=B_SPLINE_CURVE_WITH_KNOTS('',3,(#11598,#11599,#11600,#11601,#11602),
 .UNSPECIFIED.,.F.,.F.,(4,1,4),(0.,0.0143189177594208,0.0331308061892772),
 .UNSPECIFIED.);
#353=B_SPLINE_CURVE_WITH_KNOTS('',3,(#11635,#11636,#11637,#11638,#11639),
 .UNSPECIFIED.,.F.,.F.,(4,1,4),(0.,0.00843614390106814,0.016610335910739),
 .UNSPECIFIED.);
#354=B_SPLINE_CURVE_WITH_KNOTS('',3,(#11642,#11643,#11644,#11645,#11646),
 .UNSPECIFIED.,.F.,.F.,(4,1,4),(0.,0.00843614390106814,0.016610335910739),
 .UNSPECIFIED.);
#355=B_SPLINE_CURVE_WITH_KNOTS('',3,(#11658,#11659,#11660,#11661,#11662),
 .UNSPECIFIED.,.F.,.F.,(4,1,4),(0.,0.00934308583066549,0.0181227134560834),
 .UNSPECIFIED.);
#356=B_SPLINE_CURVE_WITH_KNOTS('',3,(#11665,#11666,#11667,#11668,#11669),
 .UNSPECIFIED.,.F.,.F.,(4,1,4),(0.,0.00934308583066549,0.0181227134560834),
 .UNSPECIFIED.);
#357=B_SPLINE_CURVE_WITH_KNOTS('',3,(#11681,#11682,#11683,#11684,#11685),
 .UNSPECIFIED.,.F.,.F.,(4,1,4),(0.,0.0126471411880963,0.0255329199096464),
 .UNSPECIFIED.);
#358=B_SPLINE_CURVE_WITH_KNOTS('',3,(#11688,#11689,#11690,#11691,#11692),
 .UNSPECIFIED.,.F.,.F.,(4,1,4),(0.,0.0126471411880963,0.0255329199096464),
 .UNSPECIFIED.);
#359=B_SPLINE_CURVE_WITH_KNOTS('',3,(#11704,#11705,#11706,#11707,#11708),
 .UNSPECIFIED.,.F.,.F.,(4,1,4),(0.,0.0135242259174176,0.0263364477127917),
 .UNSPECIFIED.);
#360=B_SPLINE_CURVE_WITH_KNOTS('',3,(#11711,#11712,#11713,#11714,#11715),
 .UNSPECIFIED.,.F.,.F.,(4,1,4),(0.,0.0135242259174176,0.0263364477127917),
 .UNSPECIFIED.);
#361=B_SPLINE_CURVE_WITH_KNOTS('',3,(#11727,#11728,#11729,#11730,#11731),
 .UNSPECIFIED.,.F.,.F.,(4,1,4),(0.,0.0155732813121391,0.0301568593613486),
 .UNSPECIFIED.);
#362=B_SPLINE_CURVE_WITH_KNOTS('',3,(#11734,#11735,#11736,#11737,#11738),
 .UNSPECIFIED.,.F.,.F.,(4,1,4),(0.,0.0155732813121391,0.0301568593613486),
 .UNSPECIFIED.);
#363=B_SPLINE_CURVE_WITH_KNOTS('',3,(#11750,#11751,#11752,#11753,#11754),
 .UNSPECIFIED.,.F.,.F.,(4,1,4),(0.,0.0145121302343406,0.0303019866006015),
 .UNSPECIFIED.);
#364=B_SPLINE_CURVE_WITH_KNOTS('',3,(#11757,#11758,#11759,#11760,#11761),
 .UNSPECIFIED.,.F.,.F.,(4,1,4),(0.,0.0145121302343406,0.0303019866006015),
 .UNSPECIFIED.);
#365=B_SPLINE_CURVE_WITH_KNOTS('',3,(#11773,#11774,#11775,#11776,#11777),
 .UNSPECIFIED.,.F.,.F.,(4,1,4),(0.,0.0129284173253402,0.0264370320221022),
 .UNSPECIFIED.);
#366=B_SPLINE_CURVE_WITH_KNOTS('',3,(#11780,#11781,#11782,#11783,#11784),
 .UNSPECIFIED.,.F.,.F.,(4,1,4),(0.,0.0129284173253402,0.0264370320221022),
 .UNSPECIFIED.);
#367=B_SPLINE_CURVE_WITH_KNOTS('',3,(#11796,#11797,#11798,#11799,#11800),
 .UNSPECIFIED.,.F.,.F.,(4,1,4),(0.,0.0125980545118985,0.0252196199205006),
 .UNSPECIFIED.);
#368=B_SPLINE_CURVE_WITH_KNOTS('',3,(#11803,#11804,#11805,#11806,#11807),
 .UNSPECIFIED.,.F.,.F.,(4,1,4),(0.,0.0125980545118985,0.0252196199205006),
 .UNSPECIFIED.);
#369=B_SPLINE_CURVE_WITH_KNOTS('',3,(#11819,#11820,#11821,#11822,#11823),
 .UNSPECIFIED.,.F.,.F.,(4,1,4),(0.,0.017605104612007,0.0356870609193955),
 .UNSPECIFIED.);
#370=B_SPLINE_CURVE_WITH_KNOTS('',3,(#11826,#11827,#11828,#11829,#11830),
 .UNSPECIFIED.,.F.,.F.,(4,1,4),(0.,0.017605104612007,0.0356870609193955),
 .UNSPECIFIED.);
#371=B_SPLINE_SURFACE_WITH_KNOTS('',3,1,((#7422,#7423),(#7424,#7425),(#7426,
#7427),(#7428,#7429),(#7430,#7431)),.UNSPECIFIED.,.F.,.F.,.F.,(4,1,4),(2,
2),(0.,0.011868617993116,0.0234364482680771),(0.,0.02),.UNSPECIFIED.);
#372=B_SPLINE_SURFACE_WITH_KNOTS('',3,1,((#7448,#7449),(#7450,#7451),(#7452,
#7453),(#7454,#7455),(#7456,#7457)),.UNSPECIFIED.,.F.,.F.,.F.,(4,1,4),(2,
2),(0.,0.0128757741799858,0.025864312939229),(0.,0.02),.UNSPECIFIED.);
#373=B_SPLINE_SURFACE_WITH_KNOTS('',3,1,((#7471,#7472),(#7473,#7474),(#7475,
#7476),(#7477,#7478),(#7479,#7480)),.UNSPECIFIED.,.F.,.F.,.F.,(4,1,4),(2,
2),(0.,0.0122255714081288,0.0219534680896099),(0.,0.02),.UNSPECIFIED.);
#374=B_SPLINE_SURFACE_WITH_KNOTS('',3,1,((#7500,#7501),(#7502,#7503),(#7504,
#7505),(#7506,#7507),(#7508,#7509)),.UNSPECIFIED.,.F.,.F.,.F.,(4,1,4),(2,
2),(0.,0.0119829925790358,0.025087052442494),(0.,0.02),.UNSPECIFIED.);
#375=B_SPLINE_SURFACE_WITH_KNOTS('',3,1,((#7520,#7521),(#7522,#7523),(#7524,
#7525),(#7526,#7527),(#7528,#7529)),.UNSPECIFIED.,.F.,.F.,.F.,(4,1,4),(2,
2),(0.,0.00948155932311029,0.018335898508068),(0.,0.02),.UNSPECIFIED.);
#376=B_SPLINE_SURFACE_WITH_KNOTS('',3,1,((#7546,#7547),(#7548,#7549),(#7550,
#7551),(#7552,#7553),(#7554,#7555)),.UNSPECIFIED.,.F.,.F.,.F.,(4,1,4),(2,
2),(0.,0.0124750202466576,0.0251826178272371),(0.,0.02),.UNSPECIFIED.);
#377=B_SPLINE_SURFACE_WITH_KNOTS('',3,1,((#7569,#7570),(#7571,#7572),(#7573,
#7574),(#7575,#7576),(#7577,#7578)),.UNSPECIFIED.,.F.,.F.,.F.,(4,1,4),(2,
2),(0.,0.0160987318344992,0.029702874478097),(0.,0.02),.UNSPECIFIED.);
#378=B_SPLINE_SURFACE_WITH_KNOTS('',3,1,((#7598,#7599),(#7600,#7601),(#7602,
#7603),(#7604,#7605),(#7606,#7607)),.UNSPECIFIED.,.F.,.F.,.F.,(4,1,4),(2,
2),(0.,0.00204653640351937,0.00491250597442105),(0.,0.02),.UNSPECIFIED.);
#379=B_SPLINE_SURFACE_WITH_KNOTS('',3,1,((#7621,#7622),(#7623,#7624),(#7625,
#7626),(#7627,#7628),(#7629,#7630)),.UNSPECIFIED.,.F.,.F.,.F.,(4,1,4),(2,
2),(0.,0.0206425883547487,0.0447824182878318),(0.,0.02),.UNSPECIFIED.);
#380=B_SPLINE_SURFACE_WITH_KNOTS('',3,1,((#7644,#7645),(#7646,#7647),(#7648,
#7649),(#7650,#7651),(#7652,#7653)),.UNSPECIFIED.,.F.,.F.,.F.,(4,1,4),(2,
2),(0.,0.0201431856526565,0.0394749918363325),(0.,0.02),.UNSPECIFIED.);
#381=B_SPLINE_SURFACE_WITH_KNOTS('',3,1,((#7667,#7668),(#7669,#7670),(#7671,
#7672),(#7673,#7674),(#7675,#7676)),.UNSPECIFIED.,.F.,.F.,.F.,(4,1,4),(2,
2),(0.,0.0197990403243569,0.0405598210135952),(0.,0.02),.UNSPECIFIED.);
#382=B_SPLINE_SURFACE_WITH_KNOTS('',3,1,((#7690,#7691),(#7692,#7693),(#7694,
#7695),(#7696,#7697),(#7698,#7699)),.UNSPECIFIED.,.F.,.F.,.F.,(4,1,4),(2,
2),(0.,0.0246065065546252,0.0456743977726204),(0.,0.02),.UNSPECIFIED.);
#383=B_SPLINE_SURFACE_WITH_KNOTS('',3,1,((#7713,#7714),(#7715,#7716),(#7717,
#7718),(#7719,#7720),(#7721,#7722)),.UNSPECIFIED.,.F.,.F.,.F.,(4,1,4),(2,
2),(0.,0.0205133616153505,0.0443170446075658),(0.,0.02),.UNSPECIFIED.);
#384=B_SPLINE_SURFACE_WITH_KNOTS('',3,1,((#7736,#7737),(#7738,#7739),(#7740,
#7741),(#7742,#7743),(#7744,#7745)),.UNSPECIFIED.,.F.,.F.,.F.,(4,1,4),(2,
2),(0.,0.0216848537741956,0.041468094662507),(0.,0.02),.UNSPECIFIED.);
#385=B_SPLINE_SURFACE_WITH_KNOTS('',3,1,((#7759,#7760),(#7761,#7762),(#7763,
#7764),(#7765,#7766),(#7767,#7768)),.UNSPECIFIED.,.F.,.F.,.F.,(4,1,4),(2,
2),(0.,0.0154892963961597,0.0328831165881133),(0.,0.02),.UNSPECIFIED.);
#386=B_SPLINE_SURFACE_WITH_KNOTS('',3,1,((#7782,#7783),(#7784,#7785),(#7786,
#7787),(#7788,#7789),(#7790,#7791)),.UNSPECIFIED.,.F.,.F.,.F.,(4,1,4),(2,
2),(0.,0.016142505092186,0.0312386997513778),(0.,0.02),.UNSPECIFIED.);
#387=B_SPLINE_SURFACE_WITH_KNOTS('',3,1,((#7811,#7812),(#7813,#7814),(#7815,
#7816),(#7817,#7818),(#7819,#7820)),.UNSPECIFIED.,.F.,.F.,.F.,(4,1,4),(2,
2),(0.,0.00942993052805096,0.0206526028400601),(0.,0.02),.UNSPECIFIED.);
#388=B_SPLINE_SURFACE_WITH_KNOTS('',3,1,((#7832,#7833),(#7834,#7835),(#7836,
#7837),(#7838,#7839),(#7840,#7841)),.UNSPECIFIED.,.F.,.F.,.F.,(4,1,4),(2,
2),(0.,0.0128977996309187,0.0257747312316955),(0.,0.02),.UNSPECIFIED.);
#389=B_SPLINE_SURFACE_WITH_KNOTS('',3,1,((#7858,#7859),(#7860,#7861),(#7862,
#7863),(#7864,#7865),(#7866,#7867)),.UNSPECIFIED.,.F.,.F.,.F.,(4,1,4),(2,
2),(0.,0.0128898548592482,0.0256524935911536),(0.,0.02),.UNSPECIFIED.);
#390=B_SPLINE_SURFACE_WITH_KNOTS('',3,1,((#7881,#7882),(#7883,#7884),(#7885,
#7886),(#7887,#7888),(#7889,#7890)),.UNSPECIFIED.,.F.,.F.,.F.,(4,1,4),(2,
2),(0.,0.0178613525135398,0.0324125242882438),(0.,0.02),.UNSPECIFIED.);
#391=B_SPLINE_SURFACE_WITH_KNOTS('',3,1,((#7904,#7905),(#7906,#7907),(#7908,
#7909),(#7910,#7911),(#7912,#7913)),.UNSPECIFIED.,.F.,.F.,.F.,(4,1,4),(2,
2),(0.,0.0148388053239467,0.033624934909448),(0.,0.02),.UNSPECIFIED.);
#392=B_SPLINE_SURFACE_WITH_KNOTS('',3,1,((#7927,#7928),(#7929,#7930),(#7931,
#7932),(#7933,#7934),(#7935,#7936)),.UNSPECIFIED.,.F.,.F.,.F.,(4,1,4),(2,
2),(0.,0.0128278610989028,0.0257307441116067),(0.,0.02),.UNSPECIFIED.);
#393=B_SPLINE_SURFACE_WITH_KNOTS('',3,1,((#7950,#7951),(#7952,#7953),(#7954,
#7955),(#7956,#7957),(#7958,#7959)),.UNSPECIFIED.,.F.,.F.,.F.,(4,1,4),(2,
2),(0.,0.0129000485797418,0.0258004444921864),(0.,0.02),.UNSPECIFIED.);
#394=B_SPLINE_SURFACE_WITH_KNOTS('',3,1,((#7973,#7974),(#7975,#7976),(#7977,
#7978),(#7979,#7980),(#7981,#7982)),.UNSPECIFIED.,.F.,.F.,.F.,(4,1,4),(2,
2),(0.,0.0183926208011831,0.0330840166118242),(0.,0.02),.UNSPECIFIED.);
#395=B_SPLINE_SURFACE_WITH_KNOTS('',3,1,((#7996,#7997),(#7998,#7999),(#8000,
#8001),(#8002,#8003),(#8004,#8005)),.UNSPECIFIED.,.F.,.F.,.F.,(4,1,4),(2,
2),(0.,0.0146574279350083,0.0330373767132112),(0.,0.02),.UNSPECIFIED.);
#396=B_SPLINE_SURFACE_WITH_KNOTS('',3,1,((#8016,#8017),(#8018,#8019),(#8020,
#8021),(#8022,#8023),(#8024,#8025)),.UNSPECIFIED.,.F.,.F.,.F.,(4,1,4),(2,
2),(0.,0.0209518724172922,0.0405651316742328),(0.,0.02),.UNSPECIFIED.);
#397=B_SPLINE_SURFACE_WITH_KNOTS('',3,1,((#8042,#8043),(#8044,#8045),(#8046,
#8047),(#8048,#8049),(#8050,#8051)),.UNSPECIFIED.,.F.,.F.,.F.,(4,1,4),(2,
2),(0.,0.0135258204904707,0.0272989595996955),(0.,0.02),.UNSPECIFIED.);
#398=B_SPLINE_SURFACE_WITH_KNOTS('',3,1,((#8065,#8066),(#8067,#8068),(#8069,
#8070),(#8071,#8072),(#8073,#8074)),.UNSPECIFIED.,.F.,.F.,.F.,(4,1,4),(2,
2),(0.,0.0131806611147135,0.0264489952433235),(0.,0.02),.UNSPECIFIED.);
#399=B_SPLINE_SURFACE_WITH_KNOTS('',3,1,((#8088,#8089),(#8090,#8091),(#8092,
#8093),(#8094,#8095),(#8096,#8097)),.UNSPECIFIED.,.F.,.F.,.F.,(4,1,4),(2,
2),(0.,0.018803135199589,0.0338245305972217),(0.,0.02),.UNSPECIFIED.);
#400=B_SPLINE_SURFACE_WITH_KNOTS('',3,1,((#8111,#8112),(#8113,#8114),(#8115,
#8116),(#8117,#8118),(#8119,#8120)),.UNSPECIFIED.,.F.,.F.,.F.,(4,1,4),(2,
2),(0.,0.0204807741863958,0.0438387677782047),(0.,0.02),.UNSPECIFIED.);
#401=B_SPLINE_SURFACE_WITH_KNOTS('',3,1,((#8134,#8135),(#8136,#8137),(#8138,
#8139),(#8140,#8141),(#8142,#8143)),.UNSPECIFIED.,.F.,.F.,.F.,(4,1,4),(2,
2),(0.,0.0206897670095381,0.0403351274832854),(0.,0.02),.UNSPECIFIED.);
#402=B_SPLINE_SURFACE_WITH_KNOTS('',3,1,((#8157,#8158),(#8159,#8160),(#8161,
#8162),(#8163,#8164),(#8165,#8166)),.UNSPECIFIED.,.F.,.F.,.F.,(4,1,4),(2,
2),(0.,0.0179966268573557,0.0368617655930849),(0.,0.02),.UNSPECIFIED.);
#403=B_SPLINE_SURFACE_WITH_KNOTS('',3,1,((#8180,#8181),(#8182,#8183),(#8184,
#8185),(#8186,#8187),(#8188,#8189)),.UNSPECIFIED.,.F.,.F.,.F.,(4,1,4),(2,
2),(0.,0.0266033098814599,0.0489311982863448),(0.,0.02),.UNSPECIFIED.);
#404=B_SPLINE_SURFACE_WITH_KNOTS('',3,1,((#8203,#8204),(#8205,#8206),(#8207,
#8208),(#8209,#8210),(#8211,#8212)),.UNSPECIFIED.,.F.,.F.,.F.,(4,1,4),(2,
2),(0.,0.0207395441352251,0.0452935726203659),(0.,0.02),.UNSPECIFIED.);
#405=B_SPLINE_SURFACE_WITH_KNOTS('',3,1,((#8233,#8234),(#8235,#8236),(#8237,
#8238),(#8239,#8240),(#8241,#8242)),.UNSPECIFIED.,.F.,.F.,.F.,(4,1,4),(2,
2),(0.,0.0105376434423368,0.021767849882549),(0.,0.02),.UNSPECIFIED.);
#406=B_SPLINE_SURFACE_WITH_KNOTS('',3,1,((#8256,#8257),(#8258,#8259),(#8260,
#8261),(#8262,#8263),(#8264,#8265)),.UNSPECIFIED.,.F.,.F.,.F.,(4,1,4),(2,
2),(0.,0.00598001021668647,0.0123415874868797),(0.,0.02),.UNSPECIFIED.);
#407=B_SPLINE_SURFACE_WITH_KNOTS('',3,1,((#8279,#8280),(#8281,#8282),(#8283,
#8284),(#8285,#8286),(#8287,#8288)),.UNSPECIFIED.,.F.,.F.,.F.,(4,1,4),(2,
2),(0.,0.00580142465960012,0.0115974235857978),(0.,0.02),.UNSPECIFIED.);
#408=B_SPLINE_SURFACE_WITH_KNOTS('',3,1,((#8302,#8303),(#8304,#8305),(#8306,
#8307),(#8308,#8309),(#8310,#8311)),.UNSPECIFIED.,.F.,.F.,.F.,(4,1,4),(2,
2),(0.,0.00738655993225624,0.014212936065406),(0.,0.02),.UNSPECIFIED.);
#409=B_SPLINE_SURFACE_WITH_KNOTS('',3,1,((#8331,#8332),(#8333,#8334),(#8335,
#8336),(#8337,#8338),(#8339,#8340)),.UNSPECIFIED.,.F.,.F.,.F.,(4,1,4),(2,
2),(0.,0.00950424388217924,0.0200326004354377),(0.,0.02),.UNSPECIFIED.);
#410=B_SPLINE_SURFACE_WITH_KNOTS('',3,1,((#8354,#8355),(#8356,#8357),(#8358,
#8359),(#8360,#8361),(#8362,#8363)),.UNSPECIFIED.,.F.,.F.,.F.,(4,1,4),(2,
2),(0.,0.00628060641540903,0.0125264107191754),(0.,0.02),.UNSPECIFIED.);
#411=B_SPLINE_SURFACE_WITH_KNOTS('',3,1,((#8377,#8378),(#8379,#8380),(#8381,
#8382),(#8383,#8384),(#8385,#8386)),.UNSPECIFIED.,.F.,.F.,.F.,(4,1,4),(2,
2),(0.,0.0113681127944793,0.0193357678563734),(0.,0.02),.UNSPECIFIED.);
#412=B_SPLINE_SURFACE_WITH_KNOTS('',3,1,((#8422,#8423),(#8424,#8425),(#8426,
#8427),(#8428,#8429),(#8430,#8431)),.UNSPECIFIED.,.F.,.F.,.F.,(4,1,4),(2,
2),(0.,0.0118686473147246,0.0234364651507662),(0.,0.02),.UNSPECIFIED.);
#413=B_SPLINE_SURFACE_WITH_KNOTS('',3,1,((#8448,#8449),(#8450,#8451),(#8452,
#8453),(#8454,#8455),(#8456,#8457)),.UNSPECIFIED.,.F.,.F.,.F.,(4,1,4),(2,
2),(0.,0.0128757741799858,0.0258643275244828),(0.,0.02),.UNSPECIFIED.);
#414=B_SPLINE_SURFACE_WITH_KNOTS('',3,1,((#8471,#8472),(#8473,#8474),(#8475,
#8476),(#8477,#8478),(#8479,#8480)),.UNSPECIFIED.,.F.,.F.,.F.,(4,1,4),(2,
2),(0.,0.0122255656714168,0.0219534482470166),(0.,0.02),.UNSPECIFIED.);
#415=B_SPLINE_SURFACE_WITH_KNOTS('',3,1,((#8500,#8501),(#8502,#8503),(#8504,
#8505),(#8506,#8507),(#8508,#8509)),.UNSPECIFIED.,.F.,.F.,.F.,(4,1,4),(2,
2),(0.,0.0119829925790358,0.025087052442494),(0.,0.02),.UNSPECIFIED.);
#416=B_SPLINE_SURFACE_WITH_KNOTS('',3,1,((#8520,#8521),(#8522,#8523),(#8524,
#8525),(#8526,#8527),(#8528,#8529)),.UNSPECIFIED.,.F.,.F.,.F.,(4,1,4),(2,
2),(0.,0.00948155932311029,0.0183359118101495),(0.,0.02),.UNSPECIFIED.);
#417=B_SPLINE_SURFACE_WITH_KNOTS('',3,1,((#8546,#8547),(#8548,#8549),(#8550,
#8551),(#8552,#8553),(#8554,#8555)),.UNSPECIFIED.,.F.,.F.,.F.,(4,1,4),(2,
2),(0.,0.0124750080248292,0.0251826056054086),(0.,0.02),.UNSPECIFIED.);
#418=B_SPLINE_SURFACE_WITH_KNOTS('',3,1,((#8569,#8570),(#8571,#8572),(#8573,
#8574),(#8575,#8576),(#8577,#8578)),.UNSPECIFIED.,.F.,.F.,.F.,(4,1,4),(2,
2),(0.,0.0160987346520601,0.0297028540122675),(0.,0.02),.UNSPECIFIED.);
#419=B_SPLINE_SURFACE_WITH_KNOTS('',3,1,((#8598,#8599),(#8600,#8601),(#8602,
#8603),(#8604,#8605),(#8606,#8607)),.UNSPECIFIED.,.F.,.F.,.F.,(4,1,4),(2,
2),(0.,0.00204653621728297,0.00491250658634497),(0.,0.02),.UNSPECIFIED.);
#420=B_SPLINE_SURFACE_WITH_KNOTS('',3,1,((#8621,#8622),(#8623,#8624),(#8625,
#8626),(#8627,#8628),(#8629,#8630)),.UNSPECIFIED.,.F.,.F.,.F.,(4,1,4),(2,
2),(0.,0.0206426182683879,0.0447824460698231),(0.,0.02),.UNSPECIFIED.);
#421=B_SPLINE_SURFACE_WITH_KNOTS('',3,1,((#8644,#8645),(#8646,#8647),(#8648,
#8649),(#8650,#8651),(#8652,#8653)),.UNSPECIFIED.,.F.,.F.,.F.,(4,1,4),(2,
2),(0.,0.0201431856526565,0.0394749918363325),(0.,0.02),.UNSPECIFIED.);
#422=B_SPLINE_SURFACE_WITH_KNOTS('',3,1,((#8667,#8668),(#8669,#8670),(#8671,
#8672),(#8673,#8674),(#8675,#8676)),.UNSPECIFIED.,.F.,.F.,.F.,(4,1,4),(2,
2),(0.,0.0197990281186593,0.0405598088078976),(0.,0.02),.UNSPECIFIED.);
#423=B_SPLINE_SURFACE_WITH_KNOTS('',3,1,((#8690,#8691),(#8692,#8693),(#8694,
#8695),(#8696,#8697),(#8698,#8699)),.UNSPECIFIED.,.F.,.F.,.F.,(4,1,4),(2,
2),(0.,0.0246065076234771,0.0456743913512264),(0.,0.02),.UNSPECIFIED.);
#424=B_SPLINE_SURFACE_WITH_KNOTS('',3,1,((#8713,#8714),(#8715,#8716),(#8717,
#8718),(#8719,#8720),(#8721,#8722)),.UNSPECIFIED.,.F.,.F.,.F.,(4,1,4),(2,
2),(0.,0.0205133540062312,0.0443170359055579),(0.,0.02),.UNSPECIFIED.);
#425=B_SPLINE_SURFACE_WITH_KNOTS('',3,1,((#8736,#8737),(#8738,#8739),(#8740,
#8741),(#8742,#8743),(#8744,#8745)),.UNSPECIFIED.,.F.,.F.,.F.,(4,1,4),(2,
2),(0.,0.0216848978325568,0.0414681387208683),(0.,0.02),.UNSPECIFIED.);
#426=B_SPLINE_SURFACE_WITH_KNOTS('',3,1,((#8759,#8760),(#8761,#8762),(#8763,
#8764),(#8765,#8766),(#8767,#8768)),.UNSPECIFIED.,.F.,.F.,.F.,(4,1,4),(2,
2),(0.,0.015489309733993,0.0328831003858201),(0.,0.02),.UNSPECIFIED.);
#427=B_SPLINE_SURFACE_WITH_KNOTS('',3,1,((#8782,#8783),(#8784,#8785),(#8786,
#8787),(#8788,#8789),(#8790,#8791)),.UNSPECIFIED.,.F.,.F.,.F.,(4,1,4),(2,
2),(0.,0.0161425110189961,0.031238695553215),(0.,0.02),.UNSPECIFIED.);
#428=B_SPLINE_SURFACE_WITH_KNOTS('',3,1,((#8811,#8812),(#8813,#8814),(#8815,
#8816),(#8817,#8818),(#8819,#8820)),.UNSPECIFIED.,.F.,.F.,.F.,(4,1,4),(2,
2),(0.,0.00942990009093686,0.0206525855131528),(0.,0.02),.UNSPECIFIED.);
#429=B_SPLINE_SURFACE_WITH_KNOTS('',3,1,((#8832,#8833),(#8834,#8835),(#8836,
#8837),(#8838,#8839),(#8840,#8841)),.UNSPECIFIED.,.F.,.F.,.F.,(4,1,4),(2,
2),(0.,0.00285312639053318,0.00648803990553251),(0.,0.02),.UNSPECIFIED.);
#430=B_SPLINE_SURFACE_WITH_KNOTS('',3,1,((#8858,#8859),(#8860,#8861),(#8862,
#8863),(#8864,#8865),(#8866,#8867)),.UNSPECIFIED.,.F.,.F.,.F.,(4,1,4),(2,
2),(0.,0.00239154534838869,0.00484469289267238),(0.,0.02),.UNSPECIFIED.);
#431=B_SPLINE_SURFACE_WITH_KNOTS('',3,1,((#8881,#8882),(#8883,#8884),(#8885,
#8886),(#8887,#8888),(#8889,#8890)),.UNSPECIFIED.,.F.,.F.,.F.,(4,1,4),(2,
2),(0.,0.00647625654904622,0.0102060923523274),(0.,0.02),.UNSPECIFIED.);
#432=B_SPLINE_SURFACE_WITH_KNOTS('',3,1,((#8970,#8971),(#8972,#8973),(#8974,
#8975),(#8976,#8977),(#8978,#8979)),.UNSPECIFIED.,.F.,.F.,.F.,(4,1,4),(2,
2),(0.,0.00819506359847698,0.0219301506021373),(0.,0.02),.UNSPECIFIED.);
#433=B_SPLINE_SURFACE_WITH_KNOTS('',3,1,((#8993,#8994),(#8995,#8996),(#8997,
#8998),(#8999,#9000),(#9001,#9002)),.UNSPECIFIED.,.F.,.F.,.F.,(4,1,4),(2,
2),(0.,0.00596877423392995,0.0115558973661642),(0.,0.02),.UNSPECIFIED.);
#434=B_SPLINE_SURFACE_WITH_KNOTS('',3,1,((#9016,#9017),(#9018,#9019),(#9020,
#9021),(#9022,#9023),(#9024,#9025)),.UNSPECIFIED.,.F.,.F.,.F.,(4,1,4),(2,
2),(0.,0.0089370829248713,0.0160004330633629),(0.,0.02),.UNSPECIFIED.);
#435=B_SPLINE_SURFACE_WITH_KNOTS('',3,1,((#9039,#9040),(#9041,#9042),(#9043,
#9044),(#9045,#9046),(#9047,#9048)),.UNSPECIFIED.,.F.,.F.,.F.,(4,1,4),(2,
2),(0.,0.00746863205056845,0.0140298141313337),(0.,0.02),.UNSPECIFIED.);
#436=B_SPLINE_SURFACE_WITH_KNOTS('',3,1,((#9068,#9069),(#9070,#9071),(#9072,
#9073),(#9074,#9075),(#9076,#9077)),.UNSPECIFIED.,.F.,.F.,.F.,(4,1,4),(2,
2),(0.,0.00356004184152004,0.008119367352777),(0.,0.02),.UNSPECIFIED.);
#437=B_SPLINE_SURFACE_WITH_KNOTS('',3,1,((#9089,#9090),(#9091,#9092),(#9093,
#9094),(#9095,#9096),(#9097,#9098)),.UNSPECIFIED.,.F.,.F.,.F.,(4,1,4),(2,
2),(0.,0.0118685886715099,0.0234364562632644),(0.,0.02),.UNSPECIFIED.);
#438=B_SPLINE_SURFACE_WITH_KNOTS('',3,1,((#9115,#9116),(#9117,#9118),(#9119,
#9120),(#9121,#9122),(#9123,#9124)),.UNSPECIFIED.,.F.,.F.,.F.,(4,1,4),(2,
2),(0.,0.0128758209535653,0.0258643742980623),(0.,0.02),.UNSPECIFIED.);
#439=B_SPLINE_SURFACE_WITH_KNOTS('',3,1,((#9138,#9139),(#9140,#9141),(#9142,
#9143),(#9144,#9145),(#9146,#9147)),.UNSPECIFIED.,.F.,.F.,.F.,(4,1,4),(2,
2),(0.,0.0122255656714168,0.0219534482470166),(0.,0.02),.UNSPECIFIED.);
#440=B_SPLINE_SURFACE_WITH_KNOTS('',3,1,((#9167,#9168),(#9169,#9170),(#9171,
#9172),(#9173,#9174),(#9175,#9176)),.UNSPECIFIED.,.F.,.F.,.F.,(4,1,4),(2,
2),(0.,0.0119829257802012,0.0250869986169361),(0.,0.02),.UNSPECIFIED.);
#441=B_SPLINE_SURFACE_WITH_KNOTS('',3,1,((#9187,#9188),(#9189,#9190),(#9191,
#9192),(#9193,#9194),(#9195,#9196)),.UNSPECIFIED.,.F.,.F.,.F.,(4,1,4),(2,
2),(0.,0.00948150030793113,0.018335959211805),(0.,0.02),.UNSPECIFIED.);
#442=B_SPLINE_SURFACE_WITH_KNOTS('',3,1,((#9213,#9214),(#9215,#9216),(#9217,
#9218),(#9219,#9220),(#9221,#9222)),.UNSPECIFIED.,.F.,.F.,.F.,(4,1,4),(2,
2),(0.,0.012475056912178,0.0251825959418626),(0.,0.02),.UNSPECIFIED.);
#443=B_SPLINE_SURFACE_WITH_KNOTS('',3,1,((#9236,#9237),(#9238,#9239),(#9240,
#9241),(#9242,#9243),(#9244,#9245)),.UNSPECIFIED.,.F.,.F.,.F.,(4,1,4),(2,
2),(0.,0.0160987346520601,0.0297028540122675),(0.,0.02),.UNSPECIFIED.);
#444=B_SPLINE_SURFACE_WITH_KNOTS('',3,1,((#9265,#9266),(#9267,#9268),(#9269,
#9270),(#9271,#9272),(#9273,#9274)),.UNSPECIFIED.,.F.,.F.,.F.,(4,1,4),(2,
2),(0.,0.00204653547342216,0.00491250584248416),(0.,0.02),.UNSPECIFIED.);
#445=B_SPLINE_SURFACE_WITH_KNOTS('',3,1,((#9288,#9289),(#9290,#9291),(#9292,
#9293),(#9294,#9295),(#9296,#9297)),.UNSPECIFIED.,.F.,.F.,.F.,(4,1,4),(2,
2),(0.,0.0206425584412382,0.0447823862426734),(0.,0.02),.UNSPECIFIED.);
#446=B_SPLINE_SURFACE_WITH_KNOTS('',3,1,((#9311,#9312),(#9313,#9314),(#9315,
#9316),(#9317,#9318),(#9319,#9320)),.UNSPECIFIED.,.F.,.F.,.F.,(4,1,4),(2,
2),(0.,0.0201431856526565,0.0394749918363325),(0.,0.02),.UNSPECIFIED.);
#447=B_SPLINE_SURFACE_WITH_KNOTS('',3,1,((#9334,#9335),(#9336,#9337),(#9338,
#9339),(#9340,#9341),(#9342,#9343)),.UNSPECIFIED.,.F.,.F.,.F.,(4,1,4),(2,
2),(0.,0.0197990281186593,0.0405598088078976),(0.,0.02),.UNSPECIFIED.);
#448=B_SPLINE_SURFACE_WITH_KNOTS('',3,1,((#9357,#9358),(#9359,#9360),(#9361,
#9362),(#9363,#9364),(#9365,#9366)),.UNSPECIFIED.,.F.,.F.,.F.,(4,1,4),(2,
2),(0.,0.0246065076234771,0.0456744213122575),(0.,0.02),.UNSPECIFIED.);
#449=B_SPLINE_SURFACE_WITH_KNOTS('',3,1,((#9380,#9381),(#9382,#9383),(#9384,
#9385),(#9386,#9387),(#9388,#9389)),.UNSPECIFIED.,.F.,.F.,.F.,(4,1,4),(2,
2),(0.,0.0205133540062312,0.0443170359055579),(0.,0.02),.UNSPECIFIED.);
#450=B_SPLINE_SURFACE_WITH_KNOTS('',3,1,((#9403,#9404),(#9405,#9406),(#9407,
#9408),(#9409,#9410),(#9411,#9412)),.UNSPECIFIED.,.F.,.F.,.F.,(4,1,4),(2,
2),(0.,0.0216848978325568,0.0414681387208683),(0.,0.02),.UNSPECIFIED.);
#451=B_SPLINE_SURFACE_WITH_KNOTS('',3,1,((#9426,#9427),(#9428,#9429),(#9430,
#9431),(#9432,#9433),(#9434,#9435)),.UNSPECIFIED.,.F.,.F.,.F.,(4,1,4),(2,
2),(0.,0.015489309733993,0.0328831003858201),(0.,0.02),.UNSPECIFIED.);
#452=B_SPLINE_SURFACE_WITH_KNOTS('',3,1,((#9449,#9450),(#9451,#9452),(#9453,
#9454),(#9455,#9456),(#9457,#9458)),.UNSPECIFIED.,.F.,.F.,.F.,(4,1,4),(2,
2),(0.,0.0161424873118251,0.031238671846044),(0.,0.02),.UNSPECIFIED.);
#453=B_SPLINE_SURFACE_WITH_KNOTS('',3,1,((#9478,#9479),(#9480,#9481),(#9482,
#9483),(#9484,#9485),(#9486,#9487)),.UNSPECIFIED.,.F.,.F.,.F.,(4,1,4),(2,
2),(0.,0.00942990009093686,0.0206525855131528),(0.,0.02),.UNSPECIFIED.);
#454=B_SPLINE_SURFACE_WITH_KNOTS('',3,1,((#9499,#9500),(#9501,#9502),(#9503,
#9504),(#9505,#9506),(#9507,#9508)),.UNSPECIFIED.,.F.,.F.,.F.,(4,1,4),(2,
2),(0.,0.00803928938664879,0.0187573510431039),(0.,0.02),.UNSPECIFIED.);
#455=B_SPLINE_SURFACE_WITH_KNOTS('',3,1,((#9525,#9526),(#9527,#9528),(#9529,
#9530),(#9531,#9532),(#9533,#9534)),.UNSPECIFIED.,.F.,.F.,.F.,(4,1,4),(2,
2),(0.,0.00905826442291328,0.0178389445488154),(0.,0.02),.UNSPECIFIED.);
#456=B_SPLINE_SURFACE_WITH_KNOTS('',3,1,((#9548,#9549),(#9550,#9551),(#9552,
#9553),(#9554,#9555),(#9556,#9557)),.UNSPECIFIED.,.F.,.F.,.F.,(4,1,4),(2,
2),(0.,0.010120010776043,0.0196582787888805),(0.,0.02),.UNSPECIFIED.);
#457=B_SPLINE_SURFACE_WITH_KNOTS('',3,1,((#9571,#9572),(#9573,#9574),(#9575,
#9576),(#9577,#9578),(#9579,#9580)),.UNSPECIFIED.,.F.,.F.,.F.,(4,1,4),(2,
2),(0.,0.00779353865029427,0.0173247612036027),(0.,0.02),.UNSPECIFIED.);
#458=B_SPLINE_SURFACE_WITH_KNOTS('',3,1,((#9594,#9595),(#9596,#9597),(#9598,
#9599),(#9600,#9601),(#9602,#9603)),.UNSPECIFIED.,.F.,.F.,.F.,(4,1,4),(2,
2),(0.,0.00689546798687474,0.0138251244517016),(0.,0.02),.UNSPECIFIED.);
#459=B_SPLINE_SURFACE_WITH_KNOTS('',3,1,((#9617,#9618),(#9619,#9620),(#9621,
#9622),(#9623,#9624),(#9625,#9626)),.UNSPECIFIED.,.F.,.F.,.F.,(4,1,4),(2,
2),(0.,0.00457809711123534,0.00921400085359179),(0.,0.02),.UNSPECIFIED.);
#460=B_SPLINE_SURFACE_WITH_KNOTS('',3,1,((#9640,#9641),(#9642,#9643),(#9644,
#9645),(#9646,#9647),(#9648,#9649)),.UNSPECIFIED.,.F.,.F.,.F.,(4,1,4),(2,
2),(0.,0.0048716809320431,0.00951857157401271),(0.,0.02),.UNSPECIFIED.);
#461=B_SPLINE_SURFACE_WITH_KNOTS('',3,1,((#9663,#9664),(#9665,#9666),(#9667,
#9668),(#9669,#9670),(#9671,#9672)),.UNSPECIFIED.,.F.,.F.,.F.,(4,1,4),(2,
2),(0.,0.00984956262249874,0.0165089949053322),(0.,0.02),.UNSPECIFIED.);
#462=B_SPLINE_SURFACE_WITH_KNOTS('',3,1,((#9686,#9687),(#9688,#9689),(#9690,
#9691),(#9692,#9693),(#9694,#9695)),.UNSPECIFIED.,.F.,.F.,.F.,(4,1,4),(2,
2),(0.,0.0130934001794695,0.0309255535583771),(0.,0.02),.UNSPECIFIED.);
#463=B_SPLINE_SURFACE_WITH_KNOTS('',3,1,((#9721,#9722),(#9723,#9724),(#9725,
#9726),(#9727,#9728),(#9729,#9730)),.UNSPECIFIED.,.F.,.F.,.F.,(4,1,4),(2,
2),(0.,0.00689005318535107,0.0139015627194834),(0.,0.02),.UNSPECIFIED.);
#464=B_SPLINE_SURFACE_WITH_KNOTS('',3,1,((#9744,#9745),(#9746,#9747),(#9748,
#9749),(#9750,#9751),(#9752,#9753)),.UNSPECIFIED.,.F.,.F.,.F.,(4,1,4),(2,
2),(0.,0.0209647200345081,0.0325221712986336),(0.,0.02),.UNSPECIFIED.);
#465=B_SPLINE_SURFACE_WITH_KNOTS('',3,1,((#9773,#9774),(#9775,#9776),(#9777,
#9778),(#9779,#9780),(#9781,#9782)),.UNSPECIFIED.,.F.,.F.,.F.,(4,1,4),(2,
2),(0.,0.00663564265950955,0.0170235950165593),(0.,0.02),.UNSPECIFIED.);
#466=B_SPLINE_SURFACE_WITH_KNOTS('',3,1,((#9796,#9797),(#9798,#9799),(#9800,
#9801),(#9802,#9803),(#9804,#9805)),.UNSPECIFIED.,.F.,.F.,.F.,(4,1,4),(2,
2),(0.,0.00660517284229059,0.013881455193592),(0.,0.02),.UNSPECIFIED.);
#467=B_SPLINE_SURFACE_WITH_KNOTS('',3,1,((#9819,#9820),(#9821,#9822),(#9823,
#9824),(#9825,#9826),(#9827,#9828)),.UNSPECIFIED.,.F.,.F.,.F.,(4,1,4),(2,
2),(0.,0.0084027171171417,0.0153390393368581),(0.,0.02),.UNSPECIFIED.);
#468=B_SPLINE_SURFACE_WITH_KNOTS('',3,1,((#9842,#9843),(#9844,#9845),(#9846,
#9847),(#9848,#9849),(#9850,#9851)),.UNSPECIFIED.,.F.,.F.,.F.,(4,1,4),(2,
2),(0.,0.0126373307315962,0.0229361594983378),(0.,0.02),.UNSPECIFIED.);
#469=B_SPLINE_SURFACE_WITH_KNOTS('',3,1,((#9865,#9866),(#9867,#9868),(#9869,
#9870),(#9871,#9872),(#9873,#9874)),.UNSPECIFIED.,.F.,.F.,.F.,(4,1,4),(2,
2),(0.,0.0118403677044909,0.0250488259781403),(0.,0.02),.UNSPECIFIED.);
#470=B_SPLINE_SURFACE_WITH_KNOTS('',3,1,((#9888,#9889),(#9890,#9891),(#9892,
#9893),(#9894,#9895),(#9896,#9897)),.UNSPECIFIED.,.F.,.F.,.F.,(4,1,4),(2,
2),(0.,0.00932445573186202,0.0198031650116329),(0.,0.02),.UNSPECIFIED.);
#471=B_SPLINE_SURFACE_WITH_KNOTS('',3,1,((#9911,#9912),(#9913,#9914),(#9915,
#9916),(#9917,#9918),(#9919,#9920)),.UNSPECIFIED.,.F.,.F.,.F.,(4,1,4),(2,
2),(0.,0.0109427103481581,0.020482382214152),(0.,0.02),.UNSPECIFIED.);
#472=B_SPLINE_SURFACE_WITH_KNOTS('',3,1,((#9940,#9941),(#9942,#9943),(#9944,
#9945),(#9946,#9947),(#9948,#9949)),.UNSPECIFIED.,.F.,.F.,.F.,(4,1,4),(2,
2),(0.,0.00829163430820851,0.0188020702825614),(0.,0.02),.UNSPECIFIED.);
#473=B_SPLINE_SURFACE_WITH_KNOTS('',3,1,((#9963,#9964),(#9965,#9966),(#9967,
#9968),(#9969,#9970),(#9971,#9972)),.UNSPECIFIED.,.F.,.F.,.F.,(4,1,4),(2,
2),(0.,0.011350692061289,0.0199492960815651),(0.,0.02),.UNSPECIFIED.);
#474=B_SPLINE_SURFACE_WITH_KNOTS('',3,1,((#9986,#9987),(#9988,#9989),(#9990,
#9991),(#9992,#9993),(#9994,#9995)),.UNSPECIFIED.,.F.,.F.,.F.,(4,1,4),(2,
2),(0.,0.00994456877221826,0.0222454838427513),(0.,0.02),.UNSPECIFIED.);
#475=B_SPLINE_SURFACE_WITH_KNOTS('',3,1,((#10009,#10010),(#10011,#10012),
(#10013,#10014),(#10015,#10016),(#10017,#10018)),.UNSPECIFIED.,.F.,.F.,
 .F.,(4,1,4),(2,2),(0.,0.009680748085778,0.0170694206031352),(0.,0.02),
 .UNSPECIFIED.);
#476=B_SPLINE_SURFACE_WITH_KNOTS('',3,1,((#10032,#10033),(#10034,#10035),
(#10036,#10037),(#10038,#10039),(#10040,#10041)),.UNSPECIFIED.,.F.,.F.,
 .F.,(4,1,4),(2,2),(0.,0.00309610939069392,0.00481014139960877),(0.,0.02),
 .UNSPECIFIED.);
#477=B_SPLINE_SURFACE_WITH_KNOTS('',3,1,((#10055,#10056),(#10057,#10058),
(#10059,#10060),(#10061,#10062),(#10063,#10064)),.UNSPECIFIED.,.F.,.F.,
 .F.,(4,1,4),(2,2),(0.,0.0195822235766187,0.0334918391305592),(0.,0.02),
 .UNSPECIFIED.);
#478=B_SPLINE_SURFACE_WITH_KNOTS('',3,1,((#10078,#10079),(#10080,#10081),
(#10082,#10083),(#10084,#10085),(#10086,#10087)),.UNSPECIFIED.,.F.,.F.,
 .F.,(4,1,4),(2,2),(0.,0.00694815246745667,0.0166105806698183),(0.,0.02),
 .UNSPECIFIED.);
#479=B_SPLINE_SURFACE_WITH_KNOTS('',3,1,((#10101,#10102),(#10103,#10104),
(#10105,#10106),(#10107,#10108),(#10109,#10110)),.UNSPECIFIED.,.F.,.F.,
 .F.,(4,1,4),(2,2),(0.,0.00716920929113682,0.0146094782540889),(0.,0.02),
 .UNSPECIFIED.);
#480=B_SPLINE_SURFACE_WITH_KNOTS('',3,1,((#10124,#10125),(#10126,#10127),
(#10128,#10129),(#10130,#10131),(#10132,#10133)),.UNSPECIFIED.,.F.,.F.,
 .F.,(4,1,4),(2,2),(0.,0.00727803354501877,0.0143394170582915),(0.,0.02),
 .UNSPECIFIED.);
#481=B_SPLINE_SURFACE_WITH_KNOTS('',3,1,((#10147,#10148),(#10149,#10150),
(#10151,#10152),(#10153,#10154),(#10155,#10156)),.UNSPECIFIED.,.F.,.F.,
 .F.,(4,1,4),(2,2),(0.,0.00768937156602778,0.0151494927629033),(0.,0.02),
 .UNSPECIFIED.);
#482=B_SPLINE_SURFACE_WITH_KNOTS('',3,1,((#10170,#10171),(#10172,#10173),
(#10174,#10175),(#10176,#10177),(#10178,#10179)),.UNSPECIFIED.,.F.,.F.,
 .F.,(4,1,4),(2,2),(0.,0.0123005085597285,0.0249250246990258),(0.,0.02),
 .UNSPECIFIED.);
#483=B_SPLINE_SURFACE_WITH_KNOTS('',3,1,((#10193,#10194),(#10195,#10196),
(#10197,#10198),(#10199,#10200),(#10201,#10202)),.UNSPECIFIED.,.F.,.F.,
 .F.,(4,1,4),(2,2),(0.,0.0159841872860315,0.0293896408244768),(0.,0.02),
 .UNSPECIFIED.);
#484=B_SPLINE_SURFACE_WITH_KNOTS('',3,1,((#10216,#10217),(#10218,#10219),
(#10220,#10221),(#10222,#10223),(#10224,#10225)),.UNSPECIFIED.,.F.,.F.,
 .F.,(4,1,4),(2,2),(0.,0.0101709567743843,0.0207095454467148),(0.,0.02),
 .UNSPECIFIED.);
#485=B_SPLINE_SURFACE_WITH_KNOTS('',3,1,((#10239,#10240),(#10241,#10242),
(#10243,#10244),(#10245,#10246),(#10247,#10248)),.UNSPECIFIED.,.F.,.F.,
 .F.,(4,1,4),(2,2),(0.,0.0124832412355309,0.0232937295374388),(0.,0.02),
 .UNSPECIFIED.);
#486=B_SPLINE_SURFACE_WITH_KNOTS('',3,1,((#10262,#10263),(#10264,#10265),
(#10266,#10267),(#10268,#10269),(#10270,#10271)),.UNSPECIFIED.,.F.,.F.,
 .F.,(4,1,4),(2,2),(0.,0.00664650636638087,0.0139564603895903),(0.,0.02),
 .UNSPECIFIED.);
#487=B_SPLINE_SURFACE_WITH_KNOTS('',3,1,((#10283,#10284),(#10285,#10286),
(#10287,#10288),(#10289,#10290),(#10291,#10292)),.UNSPECIFIED.,.F.,.F.,
 .F.,(4,1,4),(2,2),(0.,0.0115565058541981,0.0239813285887546),(0.,0.02),
 .UNSPECIFIED.);
#488=B_SPLINE_SURFACE_WITH_KNOTS('',3,1,((#10309,#10310),(#10311,#10312),
(#10313,#10314),(#10315,#10316),(#10317,#10318)),.UNSPECIFIED.,.F.,.F.,
 .F.,(4,1,4),(2,2),(0.,0.0120271141928238,0.023401453875732),(0.,0.02),
 .UNSPECIFIED.);
#489=B_SPLINE_SURFACE_WITH_KNOTS('',3,1,((#10332,#10333),(#10334,#10335),
(#10336,#10337),(#10338,#10339),(#10340,#10341)),.UNSPECIFIED.,.F.,.F.,
 .F.,(4,1,4),(2,2),(0.,0.0186142129141957,0.0329999956267186),(0.,0.02),
 .UNSPECIFIED.);
#490=B_SPLINE_SURFACE_WITH_KNOTS('',3,1,((#10355,#10356),(#10357,#10358),
(#10359,#10360),(#10361,#10362),(#10363,#10364)),.UNSPECIFIED.,.F.,.F.,
 .F.,(4,1,4),(2,2),(0.,0.0146314312767164,0.032963942268336),(0.,0.02),
 .UNSPECIFIED.);
#491=B_SPLINE_SURFACE_WITH_KNOTS('',3,1,((#10378,#10379),(#10380,#10381),
(#10382,#10383),(#10384,#10385),(#10386,#10387)),.UNSPECIFIED.,.F.,.F.,
 .F.,(4,1,4),(2,2),(0.,0.0115564511846742,0.023981320058903),(0.,0.02),
 .UNSPECIFIED.);
#492=B_SPLINE_SURFACE_WITH_KNOTS('',3,1,((#10401,#10402),(#10403,#10404),
(#10405,#10406),(#10407,#10408),(#10409,#10410)),.UNSPECIFIED.,.F.,.F.,
 .F.,(4,1,4),(2,2),(0.,0.0147808113506532,0.0285493241412202),(0.,0.02),
 .UNSPECIFIED.);
#493=B_SPLINE_SURFACE_WITH_KNOTS('',3,1,((#10424,#10425),(#10426,#10427),
(#10428,#10429),(#10430,#10431),(#10432,#10433)),.UNSPECIFIED.,.F.,.F.,
 .F.,(4,1,4),(2,2),(0.,0.016883983356225,0.028970317654883),(0.,0.02),
 .UNSPECIFIED.);
#494=B_SPLINE_SURFACE_WITH_KNOTS('',3,1,((#10447,#10448),(#10449,#10450),
(#10451,#10452),(#10453,#10454),(#10455,#10456)),.UNSPECIFIED.,.F.,.F.,
 .F.,(4,1,4),(2,2),(0.,0.0144263453838868,0.0320733877518617),(0.,0.02),
 .UNSPECIFIED.);
#495=B_SPLINE_SURFACE_WITH_KNOTS('',3,1,((#10467,#10468),(#10469,#10470),
(#10471,#10472),(#10473,#10474),(#10475,#10476)),.UNSPECIFIED.,.F.,.F.,
 .F.,(4,1,4),(2,2),(0.,0.0176276242504464,0.0353668339766041),(0.,0.02),
 .UNSPECIFIED.);
#496=B_SPLINE_SURFACE_WITH_KNOTS('',3,1,((#10493,#10494),(#10495,#10496),
(#10497,#10498),(#10499,#10500),(#10501,#10502)),.UNSPECIFIED.,.F.,.F.,
 .F.,(4,1,4),(2,2),(0.,0.0190161147532847,0.0373731171090843),(0.,0.02),
 .UNSPECIFIED.);
#497=B_SPLINE_SURFACE_WITH_KNOTS('',3,1,((#10516,#10517),(#10518,#10519),
(#10520,#10521),(#10522,#10523),(#10524,#10525)),.UNSPECIFIED.,.F.,.F.,
 .F.,(4,1,4),(2,2),(0.,0.025000884081743,0.0461321140440726),(0.,0.02),
 .UNSPECIFIED.);
#498=B_SPLINE_SURFACE_WITH_KNOTS('',3,1,((#10539,#10540),(#10541,#10542),
(#10543,#10544),(#10545,#10546),(#10547,#10548)),.UNSPECIFIED.,.F.,.F.,
 .F.,(4,1,4),(2,2),(0.,0.0109707294588149,0.0224086539138961),(0.,0.02),
 .UNSPECIFIED.);
#499=B_SPLINE_SURFACE_WITH_KNOTS('',3,1,((#10562,#10563),(#10564,#10565),
(#10566,#10567),(#10568,#10569),(#10570,#10571)),.UNSPECIFIED.,.F.,.F.,
 .F.,(4,1,4),(2,2),(0.,0.00957594253379158,0.0199193919095455),(0.,0.02),
 .UNSPECIFIED.);
#500=B_SPLINE_SURFACE_WITH_KNOTS('',3,1,((#10585,#10586),(#10587,#10588),
(#10589,#10590),(#10591,#10592),(#10593,#10594)),.UNSPECIFIED.,.F.,.F.,
 .F.,(4,1,4),(2,2),(0.,0.00949766964875292,0.018740638177783),(0.,0.02),
 .UNSPECIFIED.);
#501=B_SPLINE_SURFACE_WITH_KNOTS('',3,1,((#10608,#10609),(#10610,#10611),
(#10612,#10613),(#10614,#10615),(#10616,#10617)),.UNSPECIFIED.,.F.,.F.,
 .F.,(4,1,4),(2,2),(0.,0.00981087926589374,0.0195177934983778),(0.,0.02),
 .UNSPECIFIED.);
#502=B_SPLINE_SURFACE_WITH_KNOTS('',3,1,((#10631,#10632),(#10633,#10634),
(#10635,#10636),(#10637,#10638),(#10639,#10640)),.UNSPECIFIED.,.F.,.F.,
 .F.,(4,1,4),(2,2),(0.,0.0172241976149678,0.0341238063939455),(0.,0.02),
 .UNSPECIFIED.);
#503=B_SPLINE_SURFACE_WITH_KNOTS('',3,1,((#10691,#10692),(#10693,#10694),
(#10695,#10696),(#10697,#10698),(#10699,#10700)),.UNSPECIFIED.,.F.,.F.,
 .F.,(4,1,4),(2,2),(0.,0.0125752604542151,0.030227135393195),(0.,0.02),
 .UNSPECIFIED.);
#504=B_SPLINE_SURFACE_WITH_KNOTS('',3,1,((#10714,#10715),(#10716,#10717),
(#10718,#10719),(#10720,#10721),(#10722,#10723)),.UNSPECIFIED.,.F.,.F.,
 .F.,(4,1,4),(2,2),(0.,0.0111188591734372,0.0220181052831408),(0.,0.02),
 .UNSPECIFIED.);
#505=B_SPLINE_SURFACE_WITH_KNOTS('',3,1,((#10737,#10738),(#10739,#10740),
(#10741,#10742),(#10743,#10744),(#10745,#10746)),.UNSPECIFIED.,.F.,.F.,
 .F.,(4,1,4),(2,2),(0.,0.00644906983011801,0.0133927702743653),(0.,0.02),
 .UNSPECIFIED.);
#506=B_SPLINE_SURFACE_WITH_KNOTS('',3,1,((#10760,#10761),(#10762,#10763),
(#10764,#10765),(#10766,#10767),(#10768,#10769)),.UNSPECIFIED.,.F.,.F.,
 .F.,(4,1,4),(2,2),(0.,0.00583243318318598,0.0118882115558941),(0.,0.02),
 .UNSPECIFIED.);
#507=B_SPLINE_SURFACE_WITH_KNOTS('',3,1,((#10783,#10784),(#10785,#10786),
(#10787,#10788),(#10789,#10790),(#10791,#10792)),.UNSPECIFIED.,.F.,.F.,
 .F.,(4,1,4),(2,2),(0.,0.00985009754002004,0.0170293851601502),(0.,0.02),
 .UNSPECIFIED.);
#508=B_SPLINE_SURFACE_WITH_KNOTS('',3,1,((#10824,#10825),(#10826,#10827),
(#10828,#10829),(#10830,#10831),(#10832,#10833)),.UNSPECIFIED.,.F.,.F.,
 .F.,(4,1,4),(2,2),(0.,0.00707618003954422,0.0179506074223295),(0.,0.02),
 .UNSPECIFIED.);
#509=B_SPLINE_SURFACE_WITH_KNOTS('',3,1,((#10847,#10848),(#10849,#10850),
(#10851,#10852),(#10853,#10854),(#10855,#10856)),.UNSPECIFIED.,.F.,.F.,
 .F.,(4,1,4),(2,2),(0.,0.0071678532283399,0.0148466156207944),(0.,0.02),
 .UNSPECIFIED.);
#510=B_SPLINE_SURFACE_WITH_KNOTS('',3,1,((#10870,#10871),(#10872,#10873),
(#10874,#10875),(#10876,#10877),(#10878,#10879)),.UNSPECIFIED.,.F.,.F.,
 .F.,(4,1,4),(2,2),(0.,0.00827626341914462,0.0155657189772619),(0.,0.02),
 .UNSPECIFIED.);
#511=B_SPLINE_SURFACE_WITH_KNOTS('',3,1,((#10893,#10894),(#10895,#10896),
(#10897,#10898),(#10899,#10900),(#10901,#10902)),.UNSPECIFIED.,.F.,.F.,
 .F.,(4,1,4),(2,2),(0.,0.00946739783721984,0.0184973662023927),(0.,0.02),
 .UNSPECIFIED.);
#512=B_SPLINE_SURFACE_WITH_KNOTS('',3,1,((#10916,#10917),(#10918,#10919),
(#10920,#10921),(#10922,#10923),(#10924,#10925)),.UNSPECIFIED.,.F.,.F.,
 .F.,(4,1,4),(2,2),(0.,0.0198603873112251,0.0403086275028518),(0.,0.02),
 .UNSPECIFIED.);
#513=B_SPLINE_SURFACE_WITH_KNOTS('',3,1,((#10970,#10971),(#10972,#10973),
(#10974,#10975),(#10976,#10977),(#10978,#10979)),.UNSPECIFIED.,.F.,.F.,
 .F.,(4,1,4),(2,2),(0.,0.00987211820901771,0.0229899710715712),(0.,0.02),
 .UNSPECIFIED.);
#514=B_SPLINE_SURFACE_WITH_KNOTS('',3,1,((#10993,#10994),(#10995,#10996),
(#10997,#10998),(#10999,#11000),(#11001,#11002)),.UNSPECIFIED.,.F.,.F.,
 .F.,(4,1,4),(2,2),(0.,0.00760179804411288,0.015543612562099),(0.,0.02),
 .UNSPECIFIED.);
#515=B_SPLINE_SURFACE_WITH_KNOTS('',3,1,((#11016,#11017),(#11018,#11019),
(#11020,#11021),(#11022,#11023),(#11024,#11025)),.UNSPECIFIED.,.F.,.F.,
 .F.,(4,1,4),(2,2),(0.,0.00755174853733531,0.0150980167022002),(0.,0.02),
 .UNSPECIFIED.);
#516=B_SPLINE_SURFACE_WITH_KNOTS('',3,1,((#11039,#11040),(#11041,#11042),
(#11043,#11044),(#11045,#11046),(#11047,#11048)),.UNSPECIFIED.,.F.,.F.,
 .F.,(4,1,4),(2,2),(0.,0.00751125425941904,0.0164435335495559),(0.,0.02),
 .UNSPECIFIED.);
#517=B_SPLINE_SURFACE_WITH_KNOTS('',3,1,((#11062,#11063),(#11064,#11065),
(#11066,#11067),(#11068,#11069),(#11070,#11071)),.UNSPECIFIED.,.F.,.F.,
 .F.,(4,1,4),(2,2),(0.,0.0108023159410842,0.0191862424586348),(0.,0.02),
 .UNSPECIFIED.);
#518=B_SPLINE_SURFACE_WITH_KNOTS('',3,1,((#11103,#11104),(#11105,#11106),
(#11107,#11108),(#11109,#11110),(#11111,#11112)),.UNSPECIFIED.,.F.,.F.,
 .F.,(4,1,4),(2,2),(0.,0.0114236183459706,0.0260376953286716),(0.,0.02),
 .UNSPECIFIED.);
#519=B_SPLINE_SURFACE_WITH_KNOTS('',3,1,((#11126,#11127),(#11128,#11129),
(#11130,#11131),(#11132,#11133),(#11134,#11135)),.UNSPECIFIED.,.F.,.F.,
 .F.,(4,1,4),(2,2),(0.,0.0106594682347436,0.0209395184585093),(0.,0.02),
 .UNSPECIFIED.);
#520=B_SPLINE_SURFACE_WITH_KNOTS('',3,1,((#11149,#11150),(#11151,#11152),
(#11153,#11154),(#11155,#11156),(#11157,#11158)),.UNSPECIFIED.,.F.,.F.,
 .F.,(4,1,4),(2,2),(0.,0.00557903273378377,0.011559723478288),(0.,0.02),
 .UNSPECIFIED.);
#521=B_SPLINE_SURFACE_WITH_KNOTS('',3,1,((#11172,#11173),(#11174,#11175),
(#11176,#11177),(#11178,#11179),(#11180,#11181)),.UNSPECIFIED.,.F.,.F.,
 .F.,(4,1,4),(2,2),(0.,0.0050590173864168,0.0103181697032474),(0.,0.02),
 .UNSPECIFIED.);
#522=B_SPLINE_SURFACE_WITH_KNOTS('',3,1,((#11195,#11196),(#11197,#11198),
(#11199,#11200),(#11201,#11202),(#11203,#11204)),.UNSPECIFIED.,.F.,.F.,
 .F.,(4,1,4),(2,2),(0.,0.00951343953283109,0.0160603948244822),(0.,0.02),
 .UNSPECIFIED.);
#523=B_SPLINE_SURFACE_WITH_KNOTS('',3,1,((#11236,#11237),(#11238,#11239),
(#11240,#11241),(#11242,#11243),(#11244,#11245)),.UNSPECIFIED.,.F.,.F.,
 .F.,(4,1,4),(2,2),(0.,0.0131083722657042,0.0294583938875668),(0.,0.02),
 .UNSPECIFIED.);
#524=B_SPLINE_SURFACE_WITH_KNOTS('',3,1,((#11259,#11260),(#11261,#11262),
(#11263,#11264),(#11265,#11266),(#11267,#11268)),.UNSPECIFIED.,.F.,.F.,
 .F.,(4,1,4),(2,2),(0.,0.0144732089484825,0.026991011341599),(0.,0.02),
 .UNSPECIFIED.);
#525=B_SPLINE_SURFACE_WITH_KNOTS('',3,1,((#11282,#11283),(#11284,#11285),
(#11286,#11287),(#11288,#11289),(#11290,#11291)),.UNSPECIFIED.,.F.,.F.,
 .F.,(4,1,4),(2,2),(0.,0.0205875923328475,0.039907058920595),(0.,0.02),
 .UNSPECIFIED.);
#526=B_SPLINE_SURFACE_WITH_KNOTS('',3,1,((#11305,#11306),(#11307,#11308),
(#11309,#11310),(#11311,#11312),(#11313,#11314)),.UNSPECIFIED.,.F.,.F.,
 .F.,(4,1,4),(2,2),(0.,0.00891745430738504,0.0180103921590244),(0.,0.02),
 .UNSPECIFIED.);
#527=B_SPLINE_SURFACE_WITH_KNOTS('',3,1,((#11328,#11329),(#11330,#11331),
(#11332,#11333),(#11334,#11335),(#11336,#11337)),.UNSPECIFIED.,.F.,.F.,
 .F.,(4,1,4),(2,2),(0.,0.0110578039925494,0.0206387761444211),(0.,0.02),
 .UNSPECIFIED.);
#528=B_SPLINE_SURFACE_WITH_KNOTS('',3,1,((#11351,#11352),(#11353,#11354),
(#11355,#11356),(#11357,#11358),(#11359,#11360)),.UNSPECIFIED.,.F.,.F.,
 .F.,(4,1,4),(2,2),(0.,0.00978510797394164,0.0201143326826968),(0.,0.02),
 .UNSPECIFIED.);
#529=B_SPLINE_SURFACE_WITH_KNOTS('',3,1,((#11374,#11375),(#11376,#11377),
(#11378,#11379),(#11380,#11381),(#11382,#11383)),.UNSPECIFIED.,.F.,.F.,
 .F.,(4,1,4),(2,2),(0.,0.00934733918083136,0.0188505621434413),(0.,0.02),
 .UNSPECIFIED.);
#530=B_SPLINE_SURFACE_WITH_KNOTS('',3,1,((#11419,#11420),(#11421,#11422),
(#11423,#11424),(#11425,#11426),(#11427,#11428)),.UNSPECIFIED.,.F.,.F.,
 .F.,(4,1,4),(2,2),(0.,0.01154339235753,0.0234625499219348),(0.,0.02),
 .UNSPECIFIED.);
#531=B_SPLINE_SURFACE_WITH_KNOTS('',3,1,((#11445,#11446),(#11447,#11448),
(#11449,#11450),(#11451,#11452),(#11453,#11454)),.UNSPECIFIED.,.F.,.F.,
 .F.,(4,1,4),(2,2),(0.,0.012380761252847,0.0242585236905883),(0.,0.02),
 .UNSPECIFIED.);
#532=B_SPLINE_SURFACE_WITH_KNOTS('',3,1,((#11468,#11469),(#11470,#11471),
(#11472,#11473),(#11474,#11475),(#11476,#11477)),.UNSPECIFIED.,.F.,.F.,
 .F.,(4,1,4),(2,2),(0.,0.0194573456741533,0.0343306420228621),(0.,0.02),
 .UNSPECIFIED.);
#533=B_SPLINE_SURFACE_WITH_KNOTS('',3,1,((#11491,#11492),(#11493,#11494),
(#11495,#11496),(#11497,#11498),(#11499,#11500)),.UNSPECIFIED.,.F.,.F.,
 .F.,(4,1,4),(2,2),(0.,0.0139852209040994,0.0317736969039575),(0.,0.02),
 .UNSPECIFIED.);
#534=B_SPLINE_SURFACE_WITH_KNOTS('',3,1,((#11514,#11515),(#11516,#11517),
(#11518,#11519),(#11520,#11521),(#11522,#11523)),.UNSPECIFIED.,.F.,.F.,
 .F.,(4,1,4),(2,2),(0.,0.0114351923800392,0.023362083729606),(0.,0.02),
 .UNSPECIFIED.);
#535=B_SPLINE_SURFACE_WITH_KNOTS('',3,1,((#11537,#11538),(#11539,#11540),
(#11541,#11542),(#11543,#11544),(#11545,#11546)),.UNSPECIFIED.,.F.,.F.,
 .F.,(4,1,4),(2,2),(0.,0.0123323917212932,0.0238054442589506),(0.,0.02),
 .UNSPECIFIED.);
#536=B_SPLINE_SURFACE_WITH_KNOTS('',3,1,((#11560,#11561),(#11562,#11563),
(#11564,#11565),(#11566,#11567),(#11568,#11569)),.UNSPECIFIED.,.F.,.F.,
 .F.,(4,1,4),(2,2),(0.,0.0183705870991149,0.0329221668013169),(0.,0.02),
 .UNSPECIFIED.);
#537=B_SPLINE_SURFACE_WITH_KNOTS('',3,1,((#11583,#11584),(#11585,#11586),
(#11587,#11588),(#11589,#11590),(#11591,#11592)),.UNSPECIFIED.,.F.,.F.,
 .F.,(4,1,4),(2,2),(0.,0.0143189177594208,0.0331308061892772),(0.,0.02),
 .UNSPECIFIED.);
#538=B_SPLINE_SURFACE_WITH_KNOTS('',3,1,((#11624,#11625),(#11626,#11627),
(#11628,#11629),(#11630,#11631),(#11632,#11633)),.UNSPECIFIED.,.F.,.F.,
 .F.,(4,1,4),(2,2),(0.,0.00843614390106814,0.016610335910739),(0.,0.02),
 .UNSPECIFIED.);
#539=B_SPLINE_SURFACE_WITH_KNOTS('',3,1,((#11647,#11648),(#11649,#11650),
(#11651,#11652),(#11653,#11654),(#11655,#11656)),.UNSPECIFIED.,.F.,.F.,
 .F.,(4,1,4),(2,2),(0.,0.00934308583066549,0.0181227134560834),(0.,0.02),
 .UNSPECIFIED.);
#540=B_SPLINE_SURFACE_WITH_KNOTS('',3,1,((#11670,#11671),(#11672,#11673),
(#11674,#11675),(#11676,#11677),(#11678,#11679)),.UNSPECIFIED.,.F.,.F.,
 .F.,(4,1,4),(2,2),(0.,0.0126471411880963,0.0255329199096464),(0.,0.02),
 .UNSPECIFIED.);
#541=B_SPLINE_SURFACE_WITH_KNOTS('',3,1,((#11693,#11694),(#11695,#11696),
(#11697,#11698),(#11699,#11700),(#11701,#11702)),.UNSPECIFIED.,.F.,.F.,
 .F.,(4,1,4),(2,2),(0.,0.0135242259174176,0.0263364477127917),(0.,0.02),
 .UNSPECIFIED.);
#542=B_SPLINE_SURFACE_WITH_KNOTS('',3,1,((#11716,#11717),(#11718,#11719),
(#11720,#11721),(#11722,#11723),(#11724,#11725)),.UNSPECIFIED.,.F.,.F.,
 .F.,(4,1,4),(2,2),(0.,0.0155732813121391,0.0301568593613486),(0.,0.02),
 .UNSPECIFIED.);
#543=B_SPLINE_SURFACE_WITH_KNOTS('',3,1,((#11739,#11740),(#11741,#11742),
(#11743,#11744),(#11745,#11746),(#11747,#11748)),.UNSPECIFIED.,.F.,.F.,
 .F.,(4,1,4),(2,2),(0.,0.0145121302343406,0.0303019866006015),(0.,0.02),
 .UNSPECIFIED.);
#544=B_SPLINE_SURFACE_WITH_KNOTS('',3,1,((#11762,#11763),(#11764,#11765),
(#11766,#11767),(#11768,#11769),(#11770,#11771)),.UNSPECIFIED.,.F.,.F.,
 .F.,(4,1,4),(2,2),(0.,0.0129284173253402,0.0264370320221022),(0.,0.02),
 .UNSPECIFIED.);
#545=B_SPLINE_SURFACE_WITH_KNOTS('',3,1,((#11785,#11786),(#11787,#11788),
(#11789,#11790),(#11791,#11792),(#11793,#11794)),.UNSPECIFIED.,.F.,.F.,
 .F.,(4,1,4),(2,2),(0.,0.0125980545118985,0.0252196199205006),(0.,0.02),
 .UNSPECIFIED.);
#546=B_SPLINE_SURFACE_WITH_KNOTS('',3,1,((#11808,#11809),(#11810,#11811),
(#11812,#11813),(#11814,#11815),(#11816,#11817)),.UNSPECIFIED.,.F.,.F.,
 .F.,(4,1,4),(2,2),(0.,0.017605104612007,0.0356870609193955),(0.,0.02),
 .UNSPECIFIED.);
#547=SHAPE_REPRESENTATION_RELATIONSHIP('SRR','None',#12113,#549);
#548=SHAPE_REPRESENTATION_RELATIONSHIP('SRR','None',#12114,#550);
#549=ADVANCED_BREP_SHAPE_REPRESENTATION('',(#553),#12097);
#550=ADVANCED_BREP_SHAPE_REPRESENTATION('',(#554),#12098);
#551=STYLED_ITEM('',(#12131),#553);
#552=STYLED_ITEM('',(#12131),#554);
#553=MANIFOLD_SOLID_BREP('Body1',#6103);
#554=MANIFOLD_SOLID_BREP('Body1',#6104);
#555=FACE_BOUND('',#1045,.T.);
#556=FACE_BOUND('',#1046,.T.);
#557=FACE_BOUND('',#1047,.T.);
#558=FACE_BOUND('',#1048,.T.);
#559=FACE_BOUND('',#1069,.T.);
#560=FACE_BOUND('',#1070,.T.);
#561=FACE_BOUND('',#1071,.T.);
#562=FACE_BOUND('',#1072,.T.);
#563=FACE_BOUND('',#1075,.T.);
#564=FACE_BOUND('',#1078,.T.);
#565=FACE_BOUND('',#1081,.T.);
#566=FACE_BOUND('',#1084,.T.);
#567=FACE_BOUND('',#1106,.T.);
#568=FACE_BOUND('',#1125,.T.);
#569=FACE_BOUND('',#1161,.T.);
#570=FACE_BOUND('',#1204,.T.);
#571=FACE_BOUND('',#1243,.T.);
#572=FACE_BOUND('',#1266,.T.);
#573=FACE_BOUND('',#1338,.T.);
#574=FACE_BOUND('',#1340,.T.);
#575=FACE_BOUND('',#1341,.T.);
#576=FACE_BOUND('',#1342,.T.);
#577=FACE_BOUND('',#1343,.T.);
#578=FACE_BOUND('',#1344,.T.);
#579=FACE_BOUND('',#1345,.T.);
#580=FACE_BOUND('',#1346,.T.);
#581=FACE_BOUND('',#1347,.T.);
#582=FACE_BOUND('',#1348,.T.);
#583=FACE_BOUND('',#1349,.T.);
#584=FACE_BOUND('',#1350,.T.);
#585=FACE_BOUND('',#1351,.T.);
#586=FACE_BOUND('',#1352,.T.);
#587=FACE_BOUND('',#1353,.T.);
#588=FACE_BOUND('',#1354,.T.);
#589=FACE_BOUND('',#1355,.T.);
#590=FACE_BOUND('',#1356,.T.);
#591=FACE_BOUND('',#1357,.T.);
#592=FACE_BOUND('',#1406,.T.);
#593=FACE_BOUND('',#1407,.T.);
#594=FACE_BOUND('',#1408,.T.);
#595=FACE_BOUND('',#1409,.T.);
#596=FACE_BOUND('',#1410,.T.);
#597=FACE_BOUND('',#1411,.T.);
#598=FACE_BOUND('',#1412,.T.);
#599=PLANE('',#6133);
#600=PLANE('',#6141);
#601=PLANE('',#6146);
#602=PLANE('',#6149);
#603=PLANE('',#6150);
#604=PLANE('',#6151);
#605=PLANE('',#6152);
#606=PLANE('',#6153);
#607=PLANE('',#6154);
#608=PLANE('',#6155);
#609=PLANE('',#6168);
#610=PLANE('',#6169);
#611=PLANE('',#6170);
#612=PLANE('',#6171);
#613=PLANE('',#6174);
#614=PLANE('',#6177);
#615=PLANE('',#6180);
#616=PLANE('',#6183);
#617=PLANE('',#6185);
#618=PLANE('',#6186);
#619=PLANE('',#6187);
#620=PLANE('',#6188);
#621=PLANE('',#6189);
#622=PLANE('',#6190);
#623=PLANE('',#6191);
#624=PLANE('',#6192);
#625=PLANE('',#6193);
#626=PLANE('',#6194);
#627=PLANE('',#6195);
#628=PLANE('',#6196);
#629=PLANE('',#6197);
#630=PLANE('',#6198);
#631=PLANE('',#6199);
#632=PLANE('',#6200);
#633=PLANE('',#6201);
#634=PLANE('',#6202);
#635=PLANE('',#6203);
#636=PLANE('',#6204);
#637=PLANE('',#6205);
#638=PLANE('',#6206);
#639=PLANE('',#6207);
#640=PLANE('',#6208);
#641=PLANE('',#6209);
#642=PLANE('',#6210);
#643=PLANE('',#6211);
#644=PLANE('',#6212);
#645=PLANE('',#6213);
#646=PLANE('',#6214);
#647=PLANE('',#6215);
#648=PLANE('',#6216);
#649=PLANE('',#6217);
#650=PLANE('',#6218);
#651=PLANE('',#6219);
#652=PLANE('',#6220);
#653=PLANE('',#6221);
#654=PLANE('',#6222);
#655=PLANE('',#6223);
#656=PLANE('',#6224);
#657=PLANE('',#6225);
#658=PLANE('',#6226);
#659=PLANE('',#6227);
#660=PLANE('',#6228);
#661=PLANE('',#6229);
#662=PLANE('',#6230);
#663=PLANE('',#6231);
#664=PLANE('',#6232);
#665=PLANE('',#6233);
#666=PLANE('',#6234);
#667=PLANE('',#6235);
#668=PLANE('',#6236);
#669=PLANE('',#6237);
#670=PLANE('',#6238);
#671=PLANE('',#6239);
#672=PLANE('',#6240);
#673=PLANE('',#6241);
#674=PLANE('',#6242);
#675=PLANE('',#6243);
#676=PLANE('',#6244);
#677=PLANE('',#6245);
#678=PLANE('',#6246);
#679=PLANE('',#6247);
#680=PLANE('',#6248);
#681=PLANE('',#6249);
#682=PLANE('',#6250);
#683=PLANE('',#6251);
#684=PLANE('',#6252);
#685=PLANE('',#6253);
#686=PLANE('',#6254);
#687=PLANE('',#6255);
#688=PLANE('',#6256);
#689=PLANE('',#6277);
#690=PLANE('',#6278);
#691=PLANE('',#6279);
#692=PLANE('',#6280);
#693=PLANE('',#6281);
#694=PLANE('',#6282);
#695=PLANE('',#6285);
#696=PLANE('',#6286);
#697=PLANE('',#6291);
#698=PLANE('',#6294);
#699=PLANE('',#6295);
#700=PLANE('',#6298);
#701=PLANE('',#6301);
#702=PLANE('',#6304);
#703=PLANE('',#6309);
#704=PLANE('',#6312);
#705=PLANE('',#6315);
#706=PLANE('',#6318);
#707=PLANE('',#6321);
#708=PLANE('',#6324);
#709=PLANE('',#6327);
#710=PLANE('',#6330);
#711=PLANE('',#6339);
#712=PLANE('',#6340);
#713=PLANE('',#6341);
#714=PLANE('',#6342);
#715=PLANE('',#6343);
#716=PLANE('',#6344);
#717=FACE_OUTER_BOUND('',#1043,.T.);
#718=FACE_OUTER_BOUND('',#1044,.T.);
#719=FACE_OUTER_BOUND('',#1049,.T.);
#720=FACE_OUTER_BOUND('',#1050,.T.);
#721=FACE_OUTER_BOUND('',#1051,.T.);
#722=FACE_OUTER_BOUND('',#1052,.T.);
#723=FACE_OUTER_BOUND('',#1053,.T.);
#724=FACE_OUTER_BOUND('',#1054,.T.);
#725=FACE_OUTER_BOUND('',#1055,.T.);
#726=FACE_OUTER_BOUND('',#1056,.T.);
#727=FACE_OUTER_BOUND('',#1057,.T.);
#728=FACE_OUTER_BOUND('',#1058,.T.);
#729=FACE_OUTER_BOUND('',#1059,.T.);
#730=FACE_OUTER_BOUND('',#1060,.T.);
#731=FACE_OUTER_BOUND('',#1061,.T.);
#732=FACE_OUTER_BOUND('',#1062,.T.);
#733=FACE_OUTER_BOUND('',#1063,.T.);
#734=FACE_OUTER_BOUND('',#1064,.T.);
#735=FACE_OUTER_BOUND('',#1065,.T.);
#736=FACE_OUTER_BOUND('',#1066,.T.);
#737=FACE_OUTER_BOUND('',#1067,.T.);
#738=FACE_OUTER_BOUND('',#1068,.T.);
#739=FACE_OUTER_BOUND('',#1073,.T.);
#740=FACE_OUTER_BOUND('',#1074,.T.);
#741=FACE_OUTER_BOUND('',#1076,.T.);
#742=FACE_OUTER_BOUND('',#1077,.T.);
#743=FACE_OUTER_BOUND('',#1079,.T.);
#744=FACE_OUTER_BOUND('',#1080,.T.);
#745=FACE_OUTER_BOUND('',#1082,.T.);
#746=FACE_OUTER_BOUND('',#1083,.T.);
#747=FACE_OUTER_BOUND('',#1085,.T.);
#748=FACE_OUTER_BOUND('',#1086,.T.);
#749=FACE_OUTER_BOUND('',#1087,.T.);
#750=FACE_OUTER_BOUND('',#1088,.T.);
#751=FACE_OUTER_BOUND('',#1089,.T.);
#752=FACE_OUTER_BOUND('',#1090,.T.);
#753=FACE_OUTER_BOUND('',#1091,.T.);
#754=FACE_OUTER_BOUND('',#1092,.T.);
#755=FACE_OUTER_BOUND('',#1093,.T.);
#756=FACE_OUTER_BOUND('',#1094,.T.);
#757=FACE_OUTER_BOUND('',#1095,.T.);
#758=FACE_OUTER_BOUND('',#1096,.T.);
#759=FACE_OUTER_BOUND('',#1097,.T.);
#760=FACE_OUTER_BOUND('',#1098,.T.);
#761=FACE_OUTER_BOUND('',#1099,.T.);
#762=FACE_OUTER_BOUND('',#1100,.T.);
#763=FACE_OUTER_BOUND('',#1101,.T.);
#764=FACE_OUTER_BOUND('',#1102,.T.);
#765=FACE_OUTER_BOUND('',#1103,.T.);
#766=FACE_OUTER_BOUND('',#1104,.T.);
#767=FACE_OUTER_BOUND('',#1105,.T.);
#768=FACE_OUTER_BOUND('',#1107,.T.);
#769=FACE_OUTER_BOUND('',#1108,.T.);
#770=FACE_OUTER_BOUND('',#1109,.T.);
#771=FACE_OUTER_BOUND('',#1110,.T.);
#772=FACE_OUTER_BOUND('',#1111,.T.);
#773=FACE_OUTER_BOUND('',#1112,.T.);
#774=FACE_OUTER_BOUND('',#1113,.T.);
#775=FACE_OUTER_BOUND('',#1114,.T.);
#776=FACE_OUTER_BOUND('',#1115,.T.);
#777=FACE_OUTER_BOUND('',#1116,.T.);
#778=FACE_OUTER_BOUND('',#1117,.T.);
#779=FACE_OUTER_BOUND('',#1118,.T.);
#780=FACE_OUTER_BOUND('',#1119,.T.);
#781=FACE_OUTER_BOUND('',#1120,.T.);
#782=FACE_OUTER_BOUND('',#1121,.T.);
#783=FACE_OUTER_BOUND('',#1122,.T.);
#784=FACE_OUTER_BOUND('',#1123,.T.);
#785=FACE_OUTER_BOUND('',#1124,.T.);
#786=FACE_OUTER_BOUND('',#1126,.T.);
#787=FACE_OUTER_BOUND('',#1127,.T.);
#788=FACE_OUTER_BOUND('',#1128,.T.);
#789=FACE_OUTER_BOUND('',#1129,.T.);
#790=FACE_OUTER_BOUND('',#1130,.T.);
#791=FACE_OUTER_BOUND('',#1131,.T.);
#792=FACE_OUTER_BOUND('',#1132,.T.);
#793=FACE_OUTER_BOUND('',#1133,.T.);
#794=FACE_OUTER_BOUND('',#1134,.T.);
#795=FACE_OUTER_BOUND('',#1135,.T.);
#796=FACE_OUTER_BOUND('',#1136,.T.);
#797=FACE_OUTER_BOUND('',#1137,.T.);
#798=FACE_OUTER_BOUND('',#1138,.T.);
#799=FACE_OUTER_BOUND('',#1139,.T.);
#800=FACE_OUTER_BOUND('',#1140,.T.);
#801=FACE_OUTER_BOUND('',#1141,.T.);
#802=FACE_OUTER_BOUND('',#1142,.T.);
#803=FACE_OUTER_BOUND('',#1143,.T.);
#804=FACE_OUTER_BOUND('',#1144,.T.);
#805=FACE_OUTER_BOUND('',#1145,.T.);
#806=FACE_OUTER_BOUND('',#1146,.T.);
#807=FACE_OUTER_BOUND('',#1147,.T.);
#808=FACE_OUTER_BOUND('',#1148,.T.);
#809=FACE_OUTER_BOUND('',#1149,.T.);
#810=FACE_OUTER_BOUND('',#1150,.T.);
#811=FACE_OUTER_BOUND('',#1151,.T.);
#812=FACE_OUTER_BOUND('',#1152,.T.);
#813=FACE_OUTER_BOUND('',#1153,.T.);
#814=FACE_OUTER_BOUND('',#1154,.T.);
#815=FACE_OUTER_BOUND('',#1155,.T.);
#816=FACE_OUTER_BOUND('',#1156,.T.);
#817=FACE_OUTER_BOUND('',#1157,.T.);
#818=FACE_OUTER_BOUND('',#1158,.T.);
#819=FACE_OUTER_BOUND('',#1159,.T.);
#820=FACE_OUTER_BOUND('',#1160,.T.);
#821=FACE_OUTER_BOUND('',#1162,.T.);
#822=FACE_OUTER_BOUND('',#1163,.T.);
#823=FACE_OUTER_BOUND('',#1164,.T.);
#824=FACE_OUTER_BOUND('',#1165,.T.);
#825=FACE_OUTER_BOUND('',#1166,.T.);
#826=FACE_OUTER_BOUND('',#1167,.T.);
#827=FACE_OUTER_BOUND('',#1168,.T.);
#828=FACE_OUTER_BOUND('',#1169,.T.);
#829=FACE_OUTER_BOUND('',#1170,.T.);
#830=FACE_OUTER_BOUND('',#1171,.T.);
#831=FACE_OUTER_BOUND('',#1172,.T.);
#832=FACE_OUTER_BOUND('',#1173,.T.);
#833=FACE_OUTER_BOUND('',#1174,.T.);
#834=FACE_OUTER_BOUND('',#1175,.T.);
#835=FACE_OUTER_BOUND('',#1176,.T.);
#836=FACE_OUTER_BOUND('',#1177,.T.);
#837=FACE_OUTER_BOUND('',#1178,.T.);
#838=FACE_OUTER_BOUND('',#1179,.T.);
#839=FACE_OUTER_BOUND('',#1180,.T.);
#840=FACE_OUTER_BOUND('',#1181,.T.);
#841=FACE_OUTER_BOUND('',#1182,.T.);
#842=FACE_OUTER_BOUND('',#1183,.T.);
#843=FACE_OUTER_BOUND('',#1184,.T.);
#844=FACE_OUTER_BOUND('',#1185,.T.);
#845=FACE_OUTER_BOUND('',#1186,.T.);
#846=FACE_OUTER_BOUND('',#1187,.T.);
#847=FACE_OUTER_BOUND('',#1188,.T.);
#848=FACE_OUTER_BOUND('',#1189,.T.);
#849=FACE_OUTER_BOUND('',#1190,.T.);
#850=FACE_OUTER_BOUND('',#1191,.T.);
#851=FACE_OUTER_BOUND('',#1192,.T.);
#852=FACE_OUTER_BOUND('',#1193,.T.);
#853=FACE_OUTER_BOUND('',#1194,.T.);
#854=FACE_OUTER_BOUND('',#1195,.T.);
#855=FACE_OUTER_BOUND('',#1196,.T.);
#856=FACE_OUTER_BOUND('',#1197,.T.);
#857=FACE_OUTER_BOUND('',#1198,.T.);
#858=FACE_OUTER_BOUND('',#1199,.T.);
#859=FACE_OUTER_BOUND('',#1200,.T.);
#860=FACE_OUTER_BOUND('',#1201,.T.);
#861=FACE_OUTER_BOUND('',#1202,.T.);
#862=FACE_OUTER_BOUND('',#1203,.T.);
#863=FACE_OUTER_BOUND('',#1205,.T.);
#864=FACE_OUTER_BOUND('',#1206,.T.);
#865=FACE_OUTER_BOUND('',#1207,.T.);
#866=FACE_OUTER_BOUND('',#1208,.T.);
#867=FACE_OUTER_BOUND('',#1209,.T.);
#868=FACE_OUTER_BOUND('',#1210,.T.);
#869=FACE_OUTER_BOUND('',#1211,.T.);
#870=FACE_OUTER_BOUND('',#1212,.T.);
#871=FACE_OUTER_BOUND('',#1213,.T.);
#872=FACE_OUTER_BOUND('',#1214,.T.);
#873=FACE_OUTER_BOUND('',#1215,.T.);
#874=FACE_OUTER_BOUND('',#1216,.T.);
#875=FACE_OUTER_BOUND('',#1217,.T.);
#876=FACE_OUTER_BOUND('',#1218,.T.);
#877=FACE_OUTER_BOUND('',#1219,.T.);
#878=FACE_OUTER_BOUND('',#1220,.T.);
#879=FACE_OUTER_BOUND('',#1221,.T.);
#880=FACE_OUTER_BOUND('',#1222,.T.);
#881=FACE_OUTER_BOUND('',#1223,.T.);
#882=FACE_OUTER_BOUND('',#1224,.T.);
#883=FACE_OUTER_BOUND('',#1225,.T.);
#884=FACE_OUTER_BOUND('',#1226,.T.);
#885=FACE_OUTER_BOUND('',#1227,.T.);
#886=FACE_OUTER_BOUND('',#1228,.T.);
#887=FACE_OUTER_BOUND('',#1229,.T.);
#888=FACE_OUTER_BOUND('',#1230,.T.);
#889=FACE_OUTER_BOUND('',#1231,.T.);
#890=FACE_OUTER_BOUND('',#1232,.T.);
#891=FACE_OUTER_BOUND('',#1233,.T.);
#892=FACE_OUTER_BOUND('',#1234,.T.);
#893=FACE_OUTER_BOUND('',#1235,.T.);
#894=FACE_OUTER_BOUND('',#1236,.T.);
#895=FACE_OUTER_BOUND('',#1237,.T.);
#896=FACE_OUTER_BOUND('',#1238,.T.);
#897=FACE_OUTER_BOUND('',#1239,.T.);
#898=FACE_OUTER_BOUND('',#1240,.T.);
#899=FACE_OUTER_BOUND('',#1241,.T.);
#900=FACE_OUTER_BOUND('',#1242,.T.);
#901=FACE_OUTER_BOUND('',#1244,.T.);
#902=FACE_OUTER_BOUND('',#1245,.T.);
#903=FACE_OUTER_BOUND('',#1246,.T.);
#904=FACE_OUTER_BOUND('',#1247,.T.);
#905=FACE_OUTER_BOUND('',#1248,.T.);
#906=FACE_OUTER_BOUND('',#1249,.T.);
#907=FACE_OUTER_BOUND('',#1250,.T.);
#908=FACE_OUTER_BOUND('',#1251,.T.);
#909=FACE_OUTER_BOUND('',#1252,.T.);
#910=FACE_OUTER_BOUND('',#1253,.T.);
#911=FACE_OUTER_BOUND('',#1254,.T.);
#912=FACE_OUTER_BOUND('',#1255,.T.);
#913=FACE_OUTER_BOUND('',#1256,.T.);
#914=FACE_OUTER_BOUND('',#1257,.T.);
#915=FACE_OUTER_BOUND('',#1258,.T.);
#916=FACE_OUTER_BOUND('',#1259,.T.);
#917=FACE_OUTER_BOUND('',#1260,.T.);
#918=FACE_OUTER_BOUND('',#1261,.T.);
#919=FACE_OUTER_BOUND('',#1262,.T.);
#920=FACE_OUTER_BOUND('',#1263,.T.);
#921=FACE_OUTER_BOUND('',#1264,.T.);
#922=FACE_OUTER_BOUND('',#1265,.T.);
#923=FACE_OUTER_BOUND('',#1267,.T.);
#924=FACE_OUTER_BOUND('',#1268,.T.);
#925=FACE_OUTER_BOUND('',#1269,.T.);
#926=FACE_OUTER_BOUND('',#1270,.T.);
#927=FACE_OUTER_BOUND('',#1271,.T.);
#928=FACE_OUTER_BOUND('',#1272,.T.);
#929=FACE_OUTER_BOUND('',#1273,.T.);
#930=FACE_OUTER_BOUND('',#1274,.T.);
#931=FACE_OUTER_BOUND('',#1275,.T.);
#932=FACE_OUTER_BOUND('',#1276,.T.);
#933=FACE_OUTER_BOUND('',#1277,.T.);
#934=FACE_OUTER_BOUND('',#1278,.T.);
#935=FACE_OUTER_BOUND('',#1279,.T.);
#936=FACE_OUTER_BOUND('',#1280,.T.);
#937=FACE_OUTER_BOUND('',#1281,.T.);
#938=FACE_OUTER_BOUND('',#1282,.T.);
#939=FACE_OUTER_BOUND('',#1283,.T.);
#940=FACE_OUTER_BOUND('',#1284,.T.);
#941=FACE_OUTER_BOUND('',#1285,.T.);
#942=FACE_OUTER_BOUND('',#1286,.T.);
#943=FACE_OUTER_BOUND('',#1287,.T.);
#944=FACE_OUTER_BOUND('',#1288,.T.);
#945=FACE_OUTER_BOUND('',#1289,.T.);
#946=FACE_OUTER_BOUND('',#1290,.T.);
#947=FACE_OUTER_BOUND('',#1291,.T.);
#948=FACE_OUTER_BOUND('',#1292,.T.);
#949=FACE_OUTER_BOUND('',#1293,.T.);
#950=FACE_OUTER_BOUND('',#1294,.T.);
#951=FACE_OUTER_BOUND('',#1295,.T.);
#952=FACE_OUTER_BOUND('',#1296,.T.);
#953=FACE_OUTER_BOUND('',#1297,.T.);
#954=FACE_OUTER_BOUND('',#1298,.T.);
#955=FACE_OUTER_BOUND('',#1299,.T.);
#956=FACE_OUTER_BOUND('',#1300,.T.);
#957=FACE_OUTER_BOUND('',#1301,.T.);
#958=FACE_OUTER_BOUND('',#1302,.T.);
#959=FACE_OUTER_BOUND('',#1303,.T.);
#960=FACE_OUTER_BOUND('',#1304,.T.);
#961=FACE_OUTER_BOUND('',#1305,.T.);
#962=FACE_OUTER_BOUND('',#1306,.T.);
#963=FACE_OUTER_BOUND('',#1307,.T.);
#964=FACE_OUTER_BOUND('',#1308,.T.);
#965=FACE_OUTER_BOUND('',#1309,.T.);
#966=FACE_OUTER_BOUND('',#1310,.T.);
#967=FACE_OUTER_BOUND('',#1311,.T.);
#968=FACE_OUTER_BOUND('',#1312,.T.);
#969=FACE_OUTER_BOUND('',#1313,.T.);
#970=FACE_OUTER_BOUND('',#1314,.T.);
#971=FACE_OUTER_BOUND('',#1315,.T.);
#972=FACE_OUTER_BOUND('',#1316,.T.);
#973=FACE_OUTER_BOUND('',#1317,.T.);
#974=FACE_OUTER_BOUND('',#1318,.T.);
#975=FACE_OUTER_BOUND('',#1319,.T.);
#976=FACE_OUTER_BOUND('',#1320,.T.);
#977=FACE_OUTER_BOUND('',#1321,.T.);
#978=FACE_OUTER_BOUND('',#1322,.T.);
#979=FACE_OUTER_BOUND('',#1323,.T.);
#980=FACE_OUTER_BOUND('',#1324,.T.);
#981=FACE_OUTER_BOUND('',#1325,.T.);
#982=FACE_OUTER_BOUND('',#1326,.T.);
#983=FACE_OUTER_BOUND('',#1327,.T.);
#984=FACE_OUTER_BOUND('',#1328,.T.);
#985=FACE_OUTER_BOUND('',#1329,.T.);
#986=FACE_OUTER_BOUND('',#1330,.T.);
#987=FACE_OUTER_BOUND('',#1331,.T.);
#988=FACE_OUTER_BOUND('',#1332,.T.);
#989=FACE_OUTER_BOUND('',#1333,.T.);
#990=FACE_OUTER_BOUND('',#1334,.T.);
#991=FACE_OUTER_BOUND('',#1335,.T.);
#992=FACE_OUTER_BOUND('',#1336,.T.);
#993=FACE_OUTER_BOUND('',#1337,.T.);
#994=FACE_OUTER_BOUND('',#1339,.T.);
#995=FACE_OUTER_BOUND('',#1358,.T.);
#996=FACE_OUTER_BOUND('',#1359,.T.);
#997=FACE_OUTER_BOUND('',#1360,.T.);
#998=FACE_OUTER_BOUND('',#1361,.T.);
#999=FACE_OUTER_BOUND('',#1362,.T.);
#1000=FACE_OUTER_BOUND('',#1363,.T.);
#1001=FACE_OUTER_BOUND('',#1364,.T.);
#1002=FACE_OUTER_BOUND('',#1365,.T.);
#1003=FACE_OUTER_BOUND('',#1366,.T.);
#1004=FACE_OUTER_BOUND('',#1367,.T.);
#1005=FACE_OUTER_BOUND('',#1368,.T.);
#1006=FACE_OUTER_BOUND('',#1369,.T.);
#1007=FACE_OUTER_BOUND('',#1370,.T.);
#1008=FACE_OUTER_BOUND('',#1371,.T.);
#1009=FACE_OUTER_BOUND('',#1372,.T.);
#1010=FACE_OUTER_BOUND('',#1373,.T.);
#1011=FACE_OUTER_BOUND('',#1374,.T.);
#1012=FACE_OUTER_BOUND('',#1375,.T.);
#1013=FACE_OUTER_BOUND('',#1376,.T.);
#1014=FACE_OUTER_BOUND('',#1377,.T.);
#1015=FACE_OUTER_BOUND('',#1378,.T.);
#1016=FACE_OUTER_BOUND('',#1379,.T.);
#1017=FACE_OUTER_BOUND('',#1380,.T.);
#1018=FACE_OUTER_BOUND('',#1381,.T.);
#1019=FACE_OUTER_BOUND('',#1382,.T.);
#1020=FACE_OUTER_BOUND('',#1383,.T.);
#1021=FACE_OUTER_BOUND('',#1384,.T.);
#1022=FACE_OUTER_BOUND('',#1385,.T.);
#1023=FACE_OUTER_BOUND('',#1386,.T.);
#1024=FACE_OUTER_BOUND('',#1387,.T.);
#1025=FACE_OUTER_BOUND('',#1388,.T.);
#1026=FACE_OUTER_BOUND('',#1389,.T.);
#1027=FACE_OUTER_BOUND('',#1390,.T.);
#1028=FACE_OUTER_BOUND('',#1391,.T.);
#1029=FACE_OUTER_BOUND('',#1392,.T.);
#1030=FACE_OUTER_BOUND('',#1393,.T.);
#1031=FACE_OUTER_BOUND('',#1394,.T.);
#1032=FACE_OUTER_BOUND('',#1395,.T.);
#1033=FACE_OUTER_BOUND('',#1396,.T.);
#1034=FACE_OUTER_BOUND('',#1397,.T.);
#1035=FACE_OUTER_BOUND('',#1398,.T.);
#1036=FACE_OUTER_BOUND('',#1399,.T.);
#1037=FACE_OUTER_BOUND('',#1400,.T.);
#1038=FACE_OUTER_BOUND('',#1401,.T.);
#1039=FACE_OUTER_BOUND('',#1402,.T.);
#1040=FACE_OUTER_BOUND('',#1403,.T.);
#1041=FACE_OUTER_BOUND('',#1404,.T.);
#1042=FACE_OUTER_BOUND('',#1405,.T.);
#1043=EDGE_LOOP('',(#3945,#3946,#3947,#3948));
#1044=EDGE_LOOP('',(#3949,#3950,#3951,#3952,#3953,#3954,#3955,#3956,#3957,
#3958,#3959,#3960,#3961,#3962,#3963,#3964));
#1045=EDGE_LOOP('',(#3965));
#1046=EDGE_LOOP('',(#3966));
#1047=EDGE_LOOP('',(#3967));
#1048=EDGE_LOOP('',(#3968));
#1049=EDGE_LOOP('',(#3969,#3970,#3971,#3972,#3973,#3974,#3975,#3976));
#1050=EDGE_LOOP('',(#3977,#3978,#3979,#3980));
#1051=EDGE_LOOP('',(#3981,#3982,#3983,#3984));
#1052=EDGE_LOOP('',(#3985,#3986,#3987,#3988));
#1053=EDGE_LOOP('',(#3989,#3990,#3991,#3992));
#1054=EDGE_LOOP('',(#3993,#3994,#3995,#3996));
#1055=EDGE_LOOP('',(#3997,#3998,#3999,#4000));
#1056=EDGE_LOOP('',(#4001,#4002,#4003,#4004));
#1057=EDGE_LOOP('',(#4005,#4006,#4007,#4008,#4009,#4010,#4011,#4012));
#1058=EDGE_LOOP('',(#4013,#4014,#4015,#4016));
#1059=EDGE_LOOP('',(#4017,#4018,#4019,#4020));
#1060=EDGE_LOOP('',(#4021,#4022,#4023,#4024));
#1061=EDGE_LOOP('',(#4025,#4026,#4027,#4028));
#1062=EDGE_LOOP('',(#4029,#4030,#4031,#4032));
#1063=EDGE_LOOP('',(#4033,#4034,#4035,#4036));
#1064=EDGE_LOOP('',(#4037,#4038,#4039,#4040));
#1065=EDGE_LOOP('',(#4041,#4042,#4043,#4044));
#1066=EDGE_LOOP('',(#4045,#4046,#4047,#4048));
#1067=EDGE_LOOP('',(#4049,#4050,#4051,#4052));
#1068=EDGE_LOOP('',(#4053,#4054,#4055,#4056,#4057,#4058,#4059,#4060));
#1069=EDGE_LOOP('',(#4061));
#1070=EDGE_LOOP('',(#4062));
#1071=EDGE_LOOP('',(#4063));
#1072=EDGE_LOOP('',(#4064));
#1073=EDGE_LOOP('',(#4065,#4066,#4067,#4068));
#1074=EDGE_LOOP('',(#4069));
#1075=EDGE_LOOP('',(#4070));
#1076=EDGE_LOOP('',(#4071,#4072,#4073,#4074));
#1077=EDGE_LOOP('',(#4075));
#1078=EDGE_LOOP('',(#4076));
#1079=EDGE_LOOP('',(#4077,#4078,#4079,#4080));
#1080=EDGE_LOOP('',(#4081));
#1081=EDGE_LOOP('',(#4082));
#1082=EDGE_LOOP('',(#4083,#4084,#4085,#4086));
#1083=EDGE_LOOP('',(#4087));
#1084=EDGE_LOOP('',(#4088));
#1085=EDGE_LOOP('',(#4089,#4090,#4091,#4092));
#1086=EDGE_LOOP('',(#4093,#4094,#4095,#4096));
#1087=EDGE_LOOP('',(#4097,#4098,#4099,#4100));
#1088=EDGE_LOOP('',(#4101,#4102,#4103,#4104));
#1089=EDGE_LOOP('',(#4105,#4106,#4107,#4108));
#1090=EDGE_LOOP('',(#4109,#4110,#4111,#4112));
#1091=EDGE_LOOP('',(#4113,#4114,#4115,#4116));
#1092=EDGE_LOOP('',(#4117,#4118,#4119,#4120));
#1093=EDGE_LOOP('',(#4121,#4122,#4123,#4124));
#1094=EDGE_LOOP('',(#4125,#4126,#4127,#4128));
#1095=EDGE_LOOP('',(#4129,#4130,#4131,#4132));
#1096=EDGE_LOOP('',(#4133,#4134,#4135,#4136));
#1097=EDGE_LOOP('',(#4137,#4138,#4139,#4140));
#1098=EDGE_LOOP('',(#4141,#4142,#4143,#4144));
#1099=EDGE_LOOP('',(#4145,#4146,#4147,#4148));
#1100=EDGE_LOOP('',(#4149,#4150,#4151,#4152));
#1101=EDGE_LOOP('',(#4153,#4154,#4155,#4156));
#1102=EDGE_LOOP('',(#4157,#4158,#4159,#4160));
#1103=EDGE_LOOP('',(#4161,#4162,#4163,#4164));
#1104=EDGE_LOOP('',(#4165,#4166,#4167,#4168));
#1105=EDGE_LOOP('',(#4169,#4170,#4171,#4172,#4173,#4174,#4175,#4176,#4177,
#4178,#4179,#4180,#4181,#4182,#4183));
#1106=EDGE_LOOP('',(#4184,#4185,#4186,#4187,#4188));
#1107=EDGE_LOOP('',(#4189,#4190,#4191,#4192));
#1108=EDGE_LOOP('',(#4193,#4194,#4195,#4196));
#1109=EDGE_LOOP('',(#4197,#4198,#4199,#4200));
#1110=EDGE_LOOP('',(#4201,#4202,#4203,#4204));
#1111=EDGE_LOOP('',(#4205,#4206,#4207,#4208));
#1112=EDGE_LOOP('',(#4209,#4210,#4211,#4212));
#1113=EDGE_LOOP('',(#4213,#4214,#4215,#4216));
#1114=EDGE_LOOP('',(#4217,#4218,#4219,#4220));
#1115=EDGE_LOOP('',(#4221,#4222,#4223,#4224));
#1116=EDGE_LOOP('',(#4225,#4226,#4227,#4228));
#1117=EDGE_LOOP('',(#4229,#4230,#4231,#4232));
#1118=EDGE_LOOP('',(#4233,#4234,#4235,#4236));
#1119=EDGE_LOOP('',(#4237,#4238,#4239,#4240));
#1120=EDGE_LOOP('',(#4241,#4242,#4243,#4244));
#1121=EDGE_LOOP('',(#4245,#4246,#4247,#4248));
#1122=EDGE_LOOP('',(#4249,#4250,#4251,#4252));
#1123=EDGE_LOOP('',(#4253,#4254,#4255,#4256));
#1124=EDGE_LOOP('',(#4257,#4258,#4259,#4260,#4261,#4262,#4263,#4264,#4265));
#1125=EDGE_LOOP('',(#4266,#4267,#4268,#4269,#4270,#4271,#4272,#4273));
#1126=EDGE_LOOP('',(#4274,#4275,#4276,#4277));
#1127=EDGE_LOOP('',(#4278,#4279,#4280,#4281));
#1128=EDGE_LOOP('',(#4282,#4283,#4284,#4285));
#1129=EDGE_LOOP('',(#4286,#4287,#4288,#4289));
#1130=EDGE_LOOP('',(#4290,#4291,#4292,#4293));
#1131=EDGE_LOOP('',(#4294,#4295,#4296,#4297));
#1132=EDGE_LOOP('',(#4298,#4299,#4300,#4301));
#1133=EDGE_LOOP('',(#4302,#4303,#4304,#4305));
#1134=EDGE_LOOP('',(#4306,#4307,#4308,#4309));
#1135=EDGE_LOOP('',(#4310,#4311,#4312,#4313));
#1136=EDGE_LOOP('',(#4314,#4315,#4316,#4317));
#1137=EDGE_LOOP('',(#4318,#4319,#4320,#4321));
#1138=EDGE_LOOP('',(#4322,#4323,#4324,#4325));
#1139=EDGE_LOOP('',(#4326,#4327,#4328,#4329,#4330,#4331,#4332,#4333,#4334,
#4335,#4336,#4337,#4338));
#1140=EDGE_LOOP('',(#4339,#4340,#4341,#4342));
#1141=EDGE_LOOP('',(#4343,#4344,#4345,#4346));
#1142=EDGE_LOOP('',(#4347,#4348,#4349,#4350));
#1143=EDGE_LOOP('',(#4351,#4352,#4353,#4354));
#1144=EDGE_LOOP('',(#4355,#4356,#4357,#4358));
#1145=EDGE_LOOP('',(#4359,#4360,#4361,#4362));
#1146=EDGE_LOOP('',(#4363,#4364,#4365,#4366));
#1147=EDGE_LOOP('',(#4367,#4368,#4369,#4370));
#1148=EDGE_LOOP('',(#4371,#4372,#4373,#4374));
#1149=EDGE_LOOP('',(#4375,#4376,#4377,#4378));
#1150=EDGE_LOOP('',(#4379,#4380,#4381,#4382));
#1151=EDGE_LOOP('',(#4383,#4384,#4385,#4386));
#1152=EDGE_LOOP('',(#4387,#4388,#4389,#4390));
#1153=EDGE_LOOP('',(#4391,#4392,#4393,#4394));
#1154=EDGE_LOOP('',(#4395,#4396,#4397,#4398));
#1155=EDGE_LOOP('',(#4399,#4400,#4401,#4402));
#1156=EDGE_LOOP('',(#4403,#4404,#4405,#4406));
#1157=EDGE_LOOP('',(#4407,#4408,#4409,#4410));
#1158=EDGE_LOOP('',(#4411,#4412,#4413,#4414));
#1159=EDGE_LOOP('',(#4415,#4416,#4417,#4418));
#1160=EDGE_LOOP('',(#4419,#4420,#4421,#4422,#4423,#4424,#4425,#4426,#4427,
#4428,#4429,#4430,#4431,#4432,#4433));
#1161=EDGE_LOOP('',(#4434,#4435,#4436,#4437,#4438));
#1162=EDGE_LOOP('',(#4439,#4440,#4441,#4442));
#1163=EDGE_LOOP('',(#4443,#4444,#4445,#4446));
#1164=EDGE_LOOP('',(#4447,#4448,#4449,#4450));
#1165=EDGE_LOOP('',(#4451,#4452,#4453,#4454));
#1166=EDGE_LOOP('',(#4455,#4456,#4457,#4458));
#1167=EDGE_LOOP('',(#4459,#4460,#4461,#4462));
#1168=EDGE_LOOP('',(#4463,#4464,#4465,#4466));
#1169=EDGE_LOOP('',(#4467,#4468,#4469,#4470));
#1170=EDGE_LOOP('',(#4471,#4472,#4473,#4474));
#1171=EDGE_LOOP('',(#4475,#4476,#4477,#4478));
#1172=EDGE_LOOP('',(#4479,#4480,#4481,#4482));
#1173=EDGE_LOOP('',(#4483,#4484,#4485,#4486));
#1174=EDGE_LOOP('',(#4487,#4488,#4489,#4490));
#1175=EDGE_LOOP('',(#4491,#4492,#4493,#4494));
#1176=EDGE_LOOP('',(#4495,#4496,#4497,#4498));
#1177=EDGE_LOOP('',(#4499,#4500,#4501,#4502));
#1178=EDGE_LOOP('',(#4503,#4504,#4505,#4506));
#1179=EDGE_LOOP('',(#4507,#4508,#4509,#4510));
#1180=EDGE_LOOP('',(#4511,#4512,#4513,#4514));
#1181=EDGE_LOOP('',(#4515,#4516,#4517,#4518));
#1182=EDGE_LOOP('',(#4519,#4520,#4521,#4522,#4523,#4524,#4525,#4526,#4527,
#4528,#4529,#4530,#4531,#4532,#4533,#4534,#4535,#4536,#4537,#4538));
#1183=EDGE_LOOP('',(#4539,#4540,#4541,#4542));
#1184=EDGE_LOOP('',(#4543,#4544,#4545,#4546));
#1185=EDGE_LOOP('',(#4547,#4548,#4549,#4550));
#1186=EDGE_LOOP('',(#4551,#4552,#4553,#4554));
#1187=EDGE_LOOP('',(#4555,#4556,#4557,#4558));
#1188=EDGE_LOOP('',(#4559,#4560,#4561,#4562));
#1189=EDGE_LOOP('',(#4563,#4564,#4565,#4566));
#1190=EDGE_LOOP('',(#4567,#4568,#4569,#4570));
#1191=EDGE_LOOP('',(#4571,#4572,#4573,#4574));
#1192=EDGE_LOOP('',(#4575,#4576,#4577,#4578));
#1193=EDGE_LOOP('',(#4579,#4580,#4581,#4582));
#1194=EDGE_LOOP('',(#4583,#4584,#4585,#4586));
#1195=EDGE_LOOP('',(#4587,#4588,#4589,#4590));
#1196=EDGE_LOOP('',(#4591,#4592,#4593,#4594));
#1197=EDGE_LOOP('',(#4595,#4596,#4597,#4598));
#1198=EDGE_LOOP('',(#4599,#4600,#4601,#4602));
#1199=EDGE_LOOP('',(#4603,#4604,#4605,#4606));
#1200=EDGE_LOOP('',(#4607,#4608,#4609,#4610));
#1201=EDGE_LOOP('',(#4611,#4612,#4613,#4614));
#1202=EDGE_LOOP('',(#4615,#4616,#4617,#4618));
#1203=EDGE_LOOP('',(#4619,#4620,#4621,#4622,#4623,#4624,#4625,#4626,#4627,
#4628,#4629,#4630,#4631,#4632,#4633));
#1204=EDGE_LOOP('',(#4634,#4635,#4636,#4637,#4638));
#1205=EDGE_LOOP('',(#4639,#4640,#4641,#4642));
#1206=EDGE_LOOP('',(#4643,#4644,#4645,#4646));
#1207=EDGE_LOOP('',(#4647,#4648,#4649,#4650));
#1208=EDGE_LOOP('',(#4651,#4652,#4653,#4654));
#1209=EDGE_LOOP('',(#4655,#4656,#4657,#4658));
#1210=EDGE_LOOP('',(#4659,#4660,#4661,#4662));
#1211=EDGE_LOOP('',(#4663,#4664,#4665,#4666));
#1212=EDGE_LOOP('',(#4667,#4668,#4669,#4670));
#1213=EDGE_LOOP('',(#4671,#4672,#4673,#4674));
#1214=EDGE_LOOP('',(#4675,#4676,#4677,#4678));
#1215=EDGE_LOOP('',(#4679,#4680,#4681,#4682));
#1216=EDGE_LOOP('',(#4683,#4684,#4685,#4686));
#1217=EDGE_LOOP('',(#4687,#4688,#4689,#4690));
#1218=EDGE_LOOP('',(#4691,#4692,#4693,#4694));
#1219=EDGE_LOOP('',(#4695,#4696,#4697,#4698));
#1220=EDGE_LOOP('',(#4699,#4700,#4701,#4702));
#1221=EDGE_LOOP('',(#4703,#4704,#4705,#4706));
#1222=EDGE_LOOP('',(#4707,#4708,#4709,#4710));
#1223=EDGE_LOOP('',(#4711,#4712,#4713,#4714));
#1224=EDGE_LOOP('',(#4715,#4716,#4717,#4718));
#1225=EDGE_LOOP('',(#4719,#4720,#4721,#4722));
#1226=EDGE_LOOP('',(#4723,#4724,#4725,#4726));
#1227=EDGE_LOOP('',(#4727,#4728,#4729,#4730));
#1228=EDGE_LOOP('',(#4731,#4732,#4733,#4734));
#1229=EDGE_LOOP('',(#4735,#4736,#4737,#4738));
#1230=EDGE_LOOP('',(#4739,#4740,#4741,#4742));
#1231=EDGE_LOOP('',(#4743,#4744,#4745,#4746));
#1232=EDGE_LOOP('',(#4747,#4748,#4749,#4750));
#1233=EDGE_LOOP('',(#4751,#4752,#4753,#4754));
#1234=EDGE_LOOP('',(#4755,#4756,#4757,#4758));
#1235=EDGE_LOOP('',(#4759,#4760,#4761,#4762));
#1236=EDGE_LOOP('',(#4763,#4764,#4765,#4766));
#1237=EDGE_LOOP('',(#4767,#4768,#4769,#4770));
#1238=EDGE_LOOP('',(#4771,#4772,#4773,#4774));
#1239=EDGE_LOOP('',(#4775,#4776,#4777,#4778));
#1240=EDGE_LOOP('',(#4779,#4780,#4781,#4782));
#1241=EDGE_LOOP('',(#4783,#4784,#4785,#4786));
#1242=EDGE_LOOP('',(#4787,#4788,#4789,#4790,#4791,#4792,#4793,#4794,#4795,
#4796,#4797,#4798,#4799,#4800,#4801,#4802,#4803,#4804,#4805,#4806,#4807,
#4808,#4809,#4810,#4811,#4812,#4813));
#1243=EDGE_LOOP('',(#4814,#4815,#4816,#4817,#4818,#4819,#4820,#4821,#4822,
#4823));
#1244=EDGE_LOOP('',(#4824,#4825,#4826,#4827));
#1245=EDGE_LOOP('',(#4828,#4829,#4830,#4831));
#1246=EDGE_LOOP('',(#4832,#4833,#4834,#4835));
#1247=EDGE_LOOP('',(#4836,#4837,#4838,#4839));
#1248=EDGE_LOOP('',(#4840,#4841,#4842,#4843));
#1249=EDGE_LOOP('',(#4844,#4845,#4846,#4847));
#1250=EDGE_LOOP('',(#4848,#4849,#4850,#4851));
#1251=EDGE_LOOP('',(#4852,#4853,#4854,#4855));
#1252=EDGE_LOOP('',(#4856,#4857,#4858,#4859));
#1253=EDGE_LOOP('',(#4860,#4861,#4862,#4863));
#1254=EDGE_LOOP('',(#4864,#4865,#4866,#4867));
#1255=EDGE_LOOP('',(#4868,#4869,#4870,#4871));
#1256=EDGE_LOOP('',(#4872,#4873,#4874,#4875));
#1257=EDGE_LOOP('',(#4876,#4877,#4878,#4879));
#1258=EDGE_LOOP('',(#4880,#4881,#4882,#4883));
#1259=EDGE_LOOP('',(#4884,#4885,#4886,#4887));
#1260=EDGE_LOOP('',(#4888,#4889,#4890,#4891));
#1261=EDGE_LOOP('',(#4892,#4893,#4894,#4895));
#1262=EDGE_LOOP('',(#4896,#4897,#4898,#4899));
#1263=EDGE_LOOP('',(#4900,#4901,#4902,#4903));
#1264=EDGE_LOOP('',(#4904,#4905,#4906,#4907));
#1265=EDGE_LOOP('',(#4908,#4909,#4910,#4911,#4912,#4913,#4914,#4915,#4916,
#4917,#4918,#4919,#4920));
#1266=EDGE_LOOP('',(#4921,#4922,#4923,#4924,#4925,#4926,#4927,#4928));
#1267=EDGE_LOOP('',(#4929,#4930,#4931,#4932));
#1268=EDGE_LOOP('',(#4933,#4934,#4935,#4936));
#1269=EDGE_LOOP('',(#4937,#4938,#4939,#4940));
#1270=EDGE_LOOP('',(#4941,#4942,#4943,#4944));
#1271=EDGE_LOOP('',(#4945,#4946,#4947,#4948));
#1272=EDGE_LOOP('',(#4949,#4950,#4951,#4952));
#1273=EDGE_LOOP('',(#4953,#4954,#4955,#4956));
#1274=EDGE_LOOP('',(#4957,#4958,#4959,#4960));
#1275=EDGE_LOOP('',(#4961,#4962,#4963,#4964));
#1276=EDGE_LOOP('',(#4965,#4966,#4967,#4968));
#1277=EDGE_LOOP('',(#4969,#4970,#4971,#4972));
#1278=EDGE_LOOP('',(#4973,#4974,#4975,#4976));
#1279=EDGE_LOOP('',(#4977,#4978,#4979,#4980));
#1280=EDGE_LOOP('',(#4981,#4982,#4983,#4984));
#1281=EDGE_LOOP('',(#4985,#4986,#4987,#4988));
#1282=EDGE_LOOP('',(#4989,#4990,#4991,#4992));
#1283=EDGE_LOOP('',(#4993,#4994,#4995,#4996));
#1284=EDGE_LOOP('',(#4997,#4998,#4999,#5000));
#1285=EDGE_LOOP('',(#5001,#5002,#5003,#5004,#5005,#5006,#5007,#5008,#5009,
#5010,#5011,#5012,#5013,#5014,#5015,#5016,#5017,#5018));
#1286=EDGE_LOOP('',(#5019,#5020,#5021,#5022));
#1287=EDGE_LOOP('',(#5023,#5024,#5025,#5026));
#1288=EDGE_LOOP('',(#5027,#5028,#5029,#5030));
#1289=EDGE_LOOP('',(#5031,#5032,#5033,#5034));
#1290=EDGE_LOOP('',(#5035,#5036,#5037,#5038));
#1291=EDGE_LOOP('',(#5039,#5040,#5041,#5042));
#1292=EDGE_LOOP('',(#5043,#5044,#5045,#5046));
#1293=EDGE_LOOP('',(#5047,#5048,#5049,#5050));
#1294=EDGE_LOOP('',(#5051,#5052,#5053,#5054));
#1295=EDGE_LOOP('',(#5055,#5056,#5057,#5058));
#1296=EDGE_LOOP('',(#5059,#5060,#5061,#5062));
#1297=EDGE_LOOP('',(#5063,#5064,#5065,#5066));
#1298=EDGE_LOOP('',(#5067,#5068,#5069,#5070));
#1299=EDGE_LOOP('',(#5071,#5072,#5073,#5074));
#1300=EDGE_LOOP('',(#5075,#5076,#5077,#5078));
#1301=EDGE_LOOP('',(#5079,#5080,#5081,#5082));
#1302=EDGE_LOOP('',(#5083,#5084,#5085,#5086));
#1303=EDGE_LOOP('',(#5087,#5088,#5089,#5090));
#1304=EDGE_LOOP('',(#5091,#5092,#5093,#5094));
#1305=EDGE_LOOP('',(#5095,#5096,#5097,#5098));
#1306=EDGE_LOOP('',(#5099,#5100,#5101,#5102));
#1307=EDGE_LOOP('',(#5103,#5104,#5105,#5106));
#1308=EDGE_LOOP('',(#5107,#5108,#5109,#5110));
#1309=EDGE_LOOP('',(#5111,#5112,#5113,#5114));
#1310=EDGE_LOOP('',(#5115,#5116,#5117,#5118));
#1311=EDGE_LOOP('',(#5119,#5120,#5121,#5122));
#1312=EDGE_LOOP('',(#5123,#5124,#5125,#5126));
#1313=EDGE_LOOP('',(#5127,#5128,#5129,#5130));
#1314=EDGE_LOOP('',(#5131,#5132,#5133,#5134,#5135,#5136,#5137,#5138,#5139,
#5140,#5141,#5142,#5143,#5144,#5145,#5146,#5147,#5148,#5149,#5150,#5151,
#5152,#5153,#5154,#5155,#5156,#5157,#5158));
#1315=EDGE_LOOP('',(#5159,#5160,#5161,#5162));
#1316=EDGE_LOOP('',(#5163,#5164,#5165,#5166));
#1317=EDGE_LOOP('',(#5167,#5168,#5169,#5170));
#1318=EDGE_LOOP('',(#5171,#5172,#5173,#5174));
#1319=EDGE_LOOP('',(#5175,#5176,#5177,#5178));
#1320=EDGE_LOOP('',(#5179,#5180,#5181,#5182));
#1321=EDGE_LOOP('',(#5183,#5184,#5185,#5186));
#1322=EDGE_LOOP('',(#5187,#5188,#5189,#5190));
#1323=EDGE_LOOP('',(#5191,#5192,#5193,#5194));
#1324=EDGE_LOOP('',(#5195,#5196,#5197,#5198));
#1325=EDGE_LOOP('',(#5199,#5200,#5201,#5202));
#1326=EDGE_LOOP('',(#5203,#5204,#5205,#5206));
#1327=EDGE_LOOP('',(#5207,#5208,#5209,#5210));
#1328=EDGE_LOOP('',(#5211,#5212,#5213,#5214));
#1329=EDGE_LOOP('',(#5215,#5216,#5217,#5218));
#1330=EDGE_LOOP('',(#5219,#5220,#5221,#5222));
#1331=EDGE_LOOP('',(#5223,#5224,#5225,#5226));
#1332=EDGE_LOOP('',(#5227,#5228,#5229,#5230));
#1333=EDGE_LOOP('',(#5231,#5232,#5233,#5234));
#1334=EDGE_LOOP('',(#5235,#5236,#5237,#5238));
#1335=EDGE_LOOP('',(#5239,#5240,#5241,#5242));
#1336=EDGE_LOOP('',(#5243,#5244,#5245,#5246));
#1337=EDGE_LOOP('',(#5247,#5248,#5249,#5250,#5251,#5252,#5253,#5254,#5255,
#5256,#5257,#5258,#5259,#5260));
#1338=EDGE_LOOP('',(#5261,#5262,#5263,#5264,#5265,#5266,#5267,#5268));
#1339=EDGE_LOOP('',(#5269,#5270,#5271,#5272,#5273,#5274,#5275,#5276,#5277,
#5278,#5279,#5280));
#1340=EDGE_LOOP('',(#5281,#5282,#5283,#5284,#5285,#5286,#5287,#5288));
#1341=EDGE_LOOP('',(#5289));
#1342=EDGE_LOOP('',(#5290,#5291,#5292,#5293,#5294,#5295,#5296,#5297));
#1343=EDGE_LOOP('',(#5298,#5299,#5300,#5301,#5302,#5303,#5304,#5305));
#1344=EDGE_LOOP('',(#5306));
#1345=EDGE_LOOP('',(#5307));
#1346=EDGE_LOOP('',(#5308));
#1347=EDGE_LOOP('',(#5309,#5310,#5311,#5312,#5313,#5314,#5315,#5316,#5317,
#5318,#5319,#5320,#5321,#5322));
#1348=EDGE_LOOP('',(#5323,#5324,#5325,#5326,#5327,#5328,#5329,#5330,#5331,
#5332,#5333,#5334,#5335,#5336,#5337,#5338,#5339,#5340,#5341,#5342,#5343,
#5344,#5345,#5346,#5347,#5348,#5349,#5350));
#1349=EDGE_LOOP('',(#5351,#5352,#5353,#5354,#5355,#5356,#5357,#5358,#5359,
#5360,#5361,#5362,#5363,#5364,#5365,#5366,#5367,#5368));
#1350=EDGE_LOOP('',(#5369,#5370,#5371,#5372,#5373,#5374,#5375,#5376,#5377,
#5378,#5379,#5380,#5381));
#1351=EDGE_LOOP('',(#5382,#5383,#5384,#5385,#5386,#5387,#5388,#5389,#5390,
#5391,#5392,#5393,#5394,#5395,#5396,#5397,#5398,#5399,#5400,#5401,#5402,
#5403,#5404,#5405,#5406,#5407,#5408));
#1352=EDGE_LOOP('',(#5409,#5410,#5411,#5412,#5413,#5414,#5415,#5416,#5417,
#5418,#5419,#5420,#5421,#5422,#5423));
#1353=EDGE_LOOP('',(#5424,#5425,#5426,#5427,#5428,#5429,#5430,#5431,#5432,
#5433,#5434,#5435,#5436,#5437,#5438,#5439,#5440,#5441,#5442,#5443));
#1354=EDGE_LOOP('',(#5444,#5445,#5446,#5447,#5448,#5449,#5450,#5451,#5452,
#5453,#5454,#5455,#5456,#5457,#5458));
#1355=EDGE_LOOP('',(#5459,#5460,#5461,#5462,#5463,#5464,#5465,#5466,#5467,
#5468,#5469,#5470,#5471));
#1356=EDGE_LOOP('',(#5472,#5473,#5474,#5475,#5476,#5477,#5478,#5479,#5480));
#1357=EDGE_LOOP('',(#5481,#5482,#5483,#5484,#5485,#5486,#5487,#5488,#5489,
#5490,#5491,#5492,#5493,#5494,#5495));
#1358=EDGE_LOOP('',(#5496,#5497,#5498,#5499,#5500,#5501,#5502,#5503));
#1359=EDGE_LOOP('',(#5504,#5505,#5506,#5507,#5508,#5509,#5510,#5511));
#1360=EDGE_LOOP('',(#5512,#5513,#5514,#5515,#5516,#5517,#5518,#5519,#5520,
#5521));
#1361=EDGE_LOOP('',(#5522,#5523,#5524,#5525,#5526));
#1362=EDGE_LOOP('',(#5527,#5528,#5529,#5530,#5531));
#1363=EDGE_LOOP('',(#5532,#5533,#5534,#5535,#5536,#5537,#5538,#5539));
#1364=EDGE_LOOP('',(#5540,#5541,#5542,#5543));
#1365=EDGE_LOOP('',(#5544,#5545,#5546,#5547,#5548));
#1366=EDGE_LOOP('',(#5549,#5550,#5551,#5552));
#1367=EDGE_LOOP('',(#5553,#5554,#5555,#5556));
#1368=EDGE_LOOP('',(#5557,#5558,#5559,#5560));
#1369=EDGE_LOOP('',(#5561,#5562,#5563,#5564));
#1370=EDGE_LOOP('',(#5565,#5566,#5567,#5568));
#1371=EDGE_LOOP('',(#5569,#5570,#5571,#5572));
#1372=EDGE_LOOP('',(#5573,#5574,#5575,#5576));
#1373=EDGE_LOOP('',(#5577,#5578,#5579,#5580));
#1374=EDGE_LOOP('',(#5581,#5582,#5583,#5584));
#1375=EDGE_LOOP('',(#5585,#5586,#5587,#5588));
#1376=EDGE_LOOP('',(#5589,#5590,#5591,#5592));
#1377=EDGE_LOOP('',(#5593,#5594,#5595,#5596));
#1378=EDGE_LOOP('',(#5597,#5598,#5599,#5600));
#1379=EDGE_LOOP('',(#5601,#5602,#5603,#5604));
#1380=EDGE_LOOP('',(#5605,#5606,#5607,#5608));
#1381=EDGE_LOOP('',(#5609,#5610,#5611,#5612));
#1382=EDGE_LOOP('',(#5613,#5614,#5615,#5616));
#1383=EDGE_LOOP('',(#5617,#5618,#5619,#5620));
#1384=EDGE_LOOP('',(#5621,#5622,#5623,#5624));
#1385=EDGE_LOOP('',(#5625,#5626,#5627,#5628));
#1386=EDGE_LOOP('',(#5629,#5630,#5631,#5632));
#1387=EDGE_LOOP('',(#5633,#5634,#5635,#5636));
#1388=EDGE_LOOP('',(#5637,#5638,#5639,#5640));
#1389=EDGE_LOOP('',(#5641,#5642,#5643,#5644));
#1390=EDGE_LOOP('',(#5645,#5646,#5647,#5648));
#1391=EDGE_LOOP('',(#5649,#5650,#5651,#5652));
#1392=EDGE_LOOP('',(#5653,#5654,#5655,#5656));
#1393=EDGE_LOOP('',(#5657,#5658,#5659,#5660));
#1394=EDGE_LOOP('',(#5661,#5662,#5663,#5664));
#1395=EDGE_LOOP('',(#5665,#5666,#5667,#5668));
#1396=EDGE_LOOP('',(#5669,#5670,#5671,#5672));
#1397=EDGE_LOOP('',(#5673,#5674,#5675,#5676));
#1398=EDGE_LOOP('',(#5677,#5678,#5679,#5680));
#1399=EDGE_LOOP('',(#5681,#5682,#5683,#5684));
#1400=EDGE_LOOP('',(#5685,#5686,#5687,#5688));
#1401=EDGE_LOOP('',(#5689,#5690,#5691,#5692));
#1402=EDGE_LOOP('',(#5693,#5694,#5695,#5696));
#1403=EDGE_LOOP('',(#5697,#5698,#5699,#5700));
#1404=EDGE_LOOP('',(#5701,#5702,#5703,#5704));
#1405=EDGE_LOOP('',(#5705,#5706,#5707,#5708,#5709,#5710,#5711,#5712,#5713,
#5714,#5715,#5716));
#1406=EDGE_LOOP('',(#5717));
#1407=EDGE_LOOP('',(#5718));
#1408=EDGE_LOOP('',(#5719));
#1409=EDGE_LOOP('',(#5720,#5721,#5722,#5723,#5724,#5725,#5726,#5727));
#1410=EDGE_LOOP('',(#5728,#5729,#5730,#5731,#5732,#5733,#5734,#5735));
#1411=EDGE_LOOP('',(#5736));
#1412=EDGE_LOOP('',(#5737,#5738,#5739,#5740,#5741,#5742,#5743,#5744));
#1413=LINE('',#7276,#1897);
#1414=LINE('',#7279,#1898);
#1415=LINE('',#7282,#1899);
#1416=LINE('',#7284,#1900);
#1417=LINE('',#7286,#1901);
#1418=LINE('',#7288,#1902);
#1419=LINE('',#7290,#1903);
#1420=LINE('',#7292,#1904);
#1421=LINE('',#7294,#1905);
#1422=LINE('',#7296,#1906);
#1423=LINE('',#7298,#1907);
#1424=LINE('',#7302,#1908);
#1425=LINE('',#7306,#1909);
#1426=LINE('',#7309,#1910);
#1427=LINE('',#7320,#1911);
#1428=LINE('',#7321,#1912);
#1429=LINE('',#7323,#1913);
#1430=LINE('',#7325,#1914);
#1431=LINE('',#7326,#1915);
#1432=LINE('',#7330,#1916);
#1433=LINE('',#7333,#1917);
#1434=LINE('',#7336,#1918);
#1435=LINE('',#7339,#1919);
#1436=LINE('',#7340,#1920);
#1437=LINE('',#7344,#1921);
#1438=LINE('',#7347,#1922);
#1439=LINE('',#7348,#1923);
#1440=LINE('',#7351,#1924);
#1441=LINE('',#7352,#1925);
#1442=LINE('',#7354,#1926);
#1443=LINE('',#7357,#1927);
#1444=LINE('',#7359,#1928);
#1445=LINE('',#7360,#1929);
#1446=LINE('',#7363,#1930);
#1447=LINE('',#7365,#1931);
#1448=LINE('',#7366,#1932);
#1449=LINE('',#7368,#1933);
#1450=LINE('',#7369,#1934);
#1451=LINE('',#7375,#1935);
#1452=LINE('',#7381,#1936);
#1453=LINE('',#7387,#1937);
#1454=LINE('',#7393,#1938);
#1455=LINE('',#7397,#1939);
#1456=LINE('',#7399,#1940);
#1457=LINE('',#7403,#1941);
#1458=LINE('',#7408,#1942);
#1459=LINE('',#7413,#1943);
#1460=LINE('',#7418,#1944);
#1461=LINE('',#7440,#1945);
#1462=LINE('',#7447,#1946);
#1463=LINE('',#7465,#1947);
#1464=LINE('',#7488,#1948);
#1465=LINE('',#7496,#1949);
#1466=LINE('',#7498,#1950);
#1467=LINE('',#7499,#1951);
#1468=LINE('',#7538,#1952);
#1469=LINE('',#7545,#1953);
#1470=LINE('',#7563,#1954);
#1471=LINE('',#7586,#1955);
#1472=LINE('',#7594,#1956);
#1473=LINE('',#7596,#1957);
#1474=LINE('',#7597,#1958);
#1475=LINE('',#7615,#1959);
#1476=LINE('',#7638,#1960);
#1477=LINE('',#7661,#1961);
#1478=LINE('',#7684,#1962);
#1479=LINE('',#7707,#1963);
#1480=LINE('',#7730,#1964);
#1481=LINE('',#7753,#1965);
#1482=LINE('',#7776,#1966);
#1483=LINE('',#7799,#1967);
#1484=LINE('',#7807,#1968);
#1485=LINE('',#7809,#1969);
#1486=LINE('',#7810,#1970);
#1487=LINE('',#7850,#1971);
#1488=LINE('',#7857,#1972);
#1489=LINE('',#7875,#1973);
#1490=LINE('',#7898,#1974);
#1491=LINE('',#7921,#1975);
#1492=LINE('',#7944,#1976);
#1493=LINE('',#7967,#1977);
#1494=LINE('',#7990,#1978);
#1495=LINE('',#8034,#1979);
#1496=LINE('',#8041,#1980);
#1497=LINE('',#8059,#1981);
#1498=LINE('',#8082,#1982);
#1499=LINE('',#8105,#1983);
#1500=LINE('',#8128,#1984);
#1501=LINE('',#8151,#1985);
#1502=LINE('',#8174,#1986);
#1503=LINE('',#8197,#1987);
#1504=LINE('',#8227,#1988);
#1505=LINE('',#8229,#1989);
#1506=LINE('',#8231,#1990);
#1507=LINE('',#8232,#1991);
#1508=LINE('',#8250,#1992);
#1509=LINE('',#8273,#1993);
#1510=LINE('',#8296,#1994);
#1511=LINE('',#8319,#1995);
#1512=LINE('',#8327,#1996);
#1513=LINE('',#8329,#1997);
#1514=LINE('',#8330,#1998);
#1515=LINE('',#8348,#1999);
#1516=LINE('',#8371,#2000);
#1517=LINE('',#8394,#2001);
#1518=LINE('',#8402,#2002);
#1519=LINE('',#8404,#2003);
#1520=LINE('',#8405,#2004);
#1521=LINE('',#8408,#2005);
#1522=LINE('',#8410,#2006);
#1523=LINE('',#8411,#2007);
#1524=LINE('',#8414,#2008);
#1525=LINE('',#8416,#2009);
#1526=LINE('',#8417,#2010);
#1527=LINE('',#8419,#2011);
#1528=LINE('',#8420,#2012);
#1529=LINE('',#8440,#2013);
#1530=LINE('',#8447,#2014);
#1531=LINE('',#8465,#2015);
#1532=LINE('',#8488,#2016);
#1533=LINE('',#8496,#2017);
#1534=LINE('',#8498,#2018);
#1535=LINE('',#8499,#2019);
#1536=LINE('',#8538,#2020);
#1537=LINE('',#8545,#2021);
#1538=LINE('',#8563,#2022);
#1539=LINE('',#8586,#2023);
#1540=LINE('',#8594,#2024);
#1541=LINE('',#8596,#2025);
#1542=LINE('',#8597,#2026);
#1543=LINE('',#8615,#2027);
#1544=LINE('',#8638,#2028);
#1545=LINE('',#8661,#2029);
#1546=LINE('',#8684,#2030);
#1547=LINE('',#8707,#2031);
#1548=LINE('',#8730,#2032);
#1549=LINE('',#8753,#2033);
#1550=LINE('',#8776,#2034);
#1551=LINE('',#8799,#2035);
#1552=LINE('',#8807,#2036);
#1553=LINE('',#8809,#2037);
#1554=LINE('',#8810,#2038);
#1555=LINE('',#8850,#2039);
#1556=LINE('',#8857,#2040);
#1557=LINE('',#8875,#2041);
#1558=LINE('',#8898,#2042);
#1559=LINE('',#8906,#2043);
#1560=LINE('',#8908,#2044);
#1561=LINE('',#8909,#2045);
#1562=LINE('',#8912,#2046);
#1563=LINE('',#8914,#2047);
#1564=LINE('',#8915,#2048);
#1565=LINE('',#8918,#2049);
#1566=LINE('',#8920,#2050);
#1567=LINE('',#8921,#2051);
#1568=LINE('',#8924,#2052);
#1569=LINE('',#8926,#2053);
#1570=LINE('',#8927,#2054);
#1571=LINE('',#8930,#2055);
#1572=LINE('',#8932,#2056);
#1573=LINE('',#8933,#2057);
#1574=LINE('',#8936,#2058);
#1575=LINE('',#8938,#2059);
#1576=LINE('',#8939,#2060);
#1577=LINE('',#8942,#2061);
#1578=LINE('',#8944,#2062);
#1579=LINE('',#8945,#2063);
#1580=LINE('',#8948,#2064);
#1581=LINE('',#8950,#2065);
#1582=LINE('',#8951,#2066);
#1583=LINE('',#8954,#2067);
#1584=LINE('',#8956,#2068);
#1585=LINE('',#8957,#2069);
#1586=LINE('',#8960,#2070);
#1587=LINE('',#8962,#2071);
#1588=LINE('',#8963,#2072);
#1589=LINE('',#8966,#2073);
#1590=LINE('',#8968,#2074);
#1591=LINE('',#8969,#2075);
#1592=LINE('',#8987,#2076);
#1593=LINE('',#9010,#2077);
#1594=LINE('',#9033,#2078);
#1595=LINE('',#9056,#2079);
#1596=LINE('',#9064,#2080);
#1597=LINE('',#9066,#2081);
#1598=LINE('',#9067,#2082);
#1599=LINE('',#9107,#2083);
#1600=LINE('',#9114,#2084);
#1601=LINE('',#9132,#2085);
#1602=LINE('',#9155,#2086);
#1603=LINE('',#9163,#2087);
#1604=LINE('',#9165,#2088);
#1605=LINE('',#9166,#2089);
#1606=LINE('',#9205,#2090);
#1607=LINE('',#9212,#2091);
#1608=LINE('',#9230,#2092);
#1609=LINE('',#9253,#2093);
#1610=LINE('',#9261,#2094);
#1611=LINE('',#9263,#2095);
#1612=LINE('',#9264,#2096);
#1613=LINE('',#9282,#2097);
#1614=LINE('',#9305,#2098);
#1615=LINE('',#9328,#2099);
#1616=LINE('',#9351,#2100);
#1617=LINE('',#9374,#2101);
#1618=LINE('',#9397,#2102);
#1619=LINE('',#9420,#2103);
#1620=LINE('',#9443,#2104);
#1621=LINE('',#9466,#2105);
#1622=LINE('',#9474,#2106);
#1623=LINE('',#9476,#2107);
#1624=LINE('',#9477,#2108);
#1625=LINE('',#9517,#2109);
#1626=LINE('',#9524,#2110);
#1627=LINE('',#9542,#2111);
#1628=LINE('',#9565,#2112);
#1629=LINE('',#9588,#2113);
#1630=LINE('',#9611,#2114);
#1631=LINE('',#9634,#2115);
#1632=LINE('',#9657,#2116);
#1633=LINE('',#9680,#2117);
#1634=LINE('',#9703,#2118);
#1635=LINE('',#9710,#2119);
#1636=LINE('',#9711,#2120);
#1637=LINE('',#9715,#2121);
#1638=LINE('',#9717,#2122);
#1639=LINE('',#9719,#2123);
#1640=LINE('',#9720,#2124);
#1641=LINE('',#9738,#2125);
#1642=LINE('',#9761,#2126);
#1643=LINE('',#9769,#2127);
#1644=LINE('',#9771,#2128);
#1645=LINE('',#9772,#2129);
#1646=LINE('',#9790,#2130);
#1647=LINE('',#9813,#2131);
#1648=LINE('',#9836,#2132);
#1649=LINE('',#9859,#2133);
#1650=LINE('',#9882,#2134);
#1651=LINE('',#9905,#2135);
#1652=LINE('',#9928,#2136);
#1653=LINE('',#9936,#2137);
#1654=LINE('',#9938,#2138);
#1655=LINE('',#9939,#2139);
#1656=LINE('',#9957,#2140);
#1657=LINE('',#9980,#2141);
#1658=LINE('',#10003,#2142);
#1659=LINE('',#10026,#2143);
#1660=LINE('',#10049,#2144);
#1661=LINE('',#10072,#2145);
#1662=LINE('',#10095,#2146);
#1663=LINE('',#10118,#2147);
#1664=LINE('',#10141,#2148);
#1665=LINE('',#10164,#2149);
#1666=LINE('',#10187,#2150);
#1667=LINE('',#10210,#2151);
#1668=LINE('',#10233,#2152);
#1669=LINE('',#10256,#2153);
#1670=LINE('',#10301,#2154);
#1671=LINE('',#10308,#2155);
#1672=LINE('',#10326,#2156);
#1673=LINE('',#10349,#2157);
#1674=LINE('',#10372,#2158);
#1675=LINE('',#10395,#2159);
#1676=LINE('',#10418,#2160);
#1677=LINE('',#10441,#2161);
#1678=LINE('',#10485,#2162);
#1679=LINE('',#10492,#2163);
#1680=LINE('',#10510,#2164);
#1681=LINE('',#10533,#2165);
#1682=LINE('',#10556,#2166);
#1683=LINE('',#10579,#2167);
#1684=LINE('',#10602,#2168);
#1685=LINE('',#10625,#2169);
#1686=LINE('',#10648,#2170);
#1687=LINE('',#10656,#2171);
#1688=LINE('',#10658,#2172);
#1689=LINE('',#10659,#2173);
#1690=LINE('',#10662,#2174);
#1691=LINE('',#10664,#2175);
#1692=LINE('',#10665,#2176);
#1693=LINE('',#10668,#2177);
#1694=LINE('',#10670,#2178);
#1695=LINE('',#10671,#2179);
#1696=LINE('',#10674,#2180);
#1697=LINE('',#10676,#2181);
#1698=LINE('',#10677,#2182);
#1699=LINE('',#10679,#2183);
#1700=LINE('',#10680,#2184);
#1701=LINE('',#10685,#2185);
#1702=LINE('',#10687,#2186);
#1703=LINE('',#10689,#2187);
#1704=LINE('',#10690,#2188);
#1705=LINE('',#10708,#2189);
#1706=LINE('',#10731,#2190);
#1707=LINE('',#10754,#2191);
#1708=LINE('',#10777,#2192);
#1709=LINE('',#10800,#2193);
#1710=LINE('',#10808,#2194);
#1711=LINE('',#10810,#2195);
#1712=LINE('',#10811,#2196);
#1713=LINE('',#10814,#2197);
#1714=LINE('',#10816,#2198);
#1715=LINE('',#10817,#2199);
#1716=LINE('',#10820,#2200);
#1717=LINE('',#10822,#2201);
#1718=LINE('',#10823,#2202);
#1719=LINE('',#10841,#2203);
#1720=LINE('',#10864,#2204);
#1721=LINE('',#10887,#2205);
#1722=LINE('',#10910,#2206);
#1723=LINE('',#10933,#2207);
#1724=LINE('',#10941,#2208);
#1725=LINE('',#10943,#2209);
#1726=LINE('',#10944,#2210);
#1727=LINE('',#10947,#2211);
#1728=LINE('',#10949,#2212);
#1729=LINE('',#10950,#2213);
#1730=LINE('',#10953,#2214);
#1731=LINE('',#10955,#2215);
#1732=LINE('',#10956,#2216);
#1733=LINE('',#10958,#2217);
#1734=LINE('',#10959,#2218);
#1735=LINE('',#10964,#2219);
#1736=LINE('',#10966,#2220);
#1737=LINE('',#10968,#2221);
#1738=LINE('',#10969,#2222);
#1739=LINE('',#10987,#2223);
#1740=LINE('',#11010,#2224);
#1741=LINE('',#11033,#2225);
#1742=LINE('',#11056,#2226);
#1743=LINE('',#11079,#2227);
#1744=LINE('',#11087,#2228);
#1745=LINE('',#11089,#2229);
#1746=LINE('',#11090,#2230);
#1747=LINE('',#11093,#2231);
#1748=LINE('',#11095,#2232);
#1749=LINE('',#11096,#2233);
#1750=LINE('',#11099,#2234);
#1751=LINE('',#11101,#2235);
#1752=LINE('',#11102,#2236);
#1753=LINE('',#11120,#2237);
#1754=LINE('',#11143,#2238);
#1755=LINE('',#11166,#2239);
#1756=LINE('',#11189,#2240);
#1757=LINE('',#11212,#2241);
#1758=LINE('',#11220,#2242);
#1759=LINE('',#11222,#2243);
#1760=LINE('',#11223,#2244);
#1761=LINE('',#11226,#2245);
#1762=LINE('',#11228,#2246);
#1763=LINE('',#11229,#2247);
#1764=LINE('',#11232,#2248);
#1765=LINE('',#11234,#2249);
#1766=LINE('',#11235,#2250);
#1767=LINE('',#11253,#2251);
#1768=LINE('',#11276,#2252);
#1769=LINE('',#11299,#2253);
#1770=LINE('',#11322,#2254);
#1771=LINE('',#11345,#2255);
#1772=LINE('',#11368,#2256);
#1773=LINE('',#11391,#2257);
#1774=LINE('',#11399,#2258);
#1775=LINE('',#11401,#2259);
#1776=LINE('',#11402,#2260);
#1777=LINE('',#11405,#2261);
#1778=LINE('',#11407,#2262);
#1779=LINE('',#11408,#2263);
#1780=LINE('',#11411,#2264);
#1781=LINE('',#11413,#2265);
#1782=LINE('',#11414,#2266);
#1783=LINE('',#11416,#2267);
#1784=LINE('',#11417,#2268);
#1785=LINE('',#11437,#2269);
#1786=LINE('',#11444,#2270);
#1787=LINE('',#11462,#2271);
#1788=LINE('',#11485,#2272);
#1789=LINE('',#11508,#2273);
#1790=LINE('',#11531,#2274);
#1791=LINE('',#11554,#2275);
#1792=LINE('',#11577,#2276);
#1793=LINE('',#11606,#2277);
#1794=LINE('',#11608,#2278);
#1795=LINE('',#11610,#2279);
#1796=LINE('',#11611,#2280);
#1797=LINE('',#11614,#2281);
#1798=LINE('',#11616,#2282);
#1799=LINE('',#11617,#2283);
#1800=LINE('',#11620,#2284);
#1801=LINE('',#11622,#2285);
#1802=LINE('',#11623,#2286);
#1803=LINE('',#11641,#2287);
#1804=LINE('',#11664,#2288);
#1805=LINE('',#11687,#2289);
#1806=LINE('',#11710,#2290);
#1807=LINE('',#11733,#2291);
#1808=LINE('',#11756,#2292);
#1809=LINE('',#11779,#2293);
#1810=LINE('',#11802,#2294);
#1811=LINE('',#11825,#2295);
#1812=LINE('',#11833,#2296);
#1813=LINE('',#11835,#2297);
#1814=LINE('',#11836,#2298);
#1815=LINE('',#11838,#2299);
#1816=LINE('',#11839,#2300);
#1817=LINE('',#11846,#2301);
#1818=LINE('',#11850,#2302);
#1819=LINE('',#11852,#2303);
#1820=LINE('',#11854,#2304);
#1821=LINE('',#11856,#2305);
#1822=LINE('',#11858,#2306);
#1823=LINE('',#11862,#2307);
#1824=LINE('',#11865,#2308);
#1825=LINE('',#11870,#2309);
#1826=LINE('',#11874,#2310);
#1827=LINE('',#11878,#2311);
#1828=LINE('',#11881,#2312);
#1829=LINE('',#11888,#2313);
#1830=LINE('',#11892,#2314);
#1831=LINE('',#11896,#2315);
#1832=LINE('',#11899,#2316);
#1833=LINE('',#11904,#2317);
#1834=LINE('',#11908,#2318);
#1835=LINE('',#11912,#2319);
#1836=LINE('',#11915,#2320);
#1837=LINE('',#11932,#2321);
#1838=LINE('',#11933,#2322);
#1839=LINE('',#11937,#2323);
#1840=LINE('',#11938,#2324);
#1841=LINE('',#11942,#2325);
#1842=LINE('',#11947,#2326);
#1843=LINE('',#11948,#2327);
#1844=LINE('',#11951,#2328);
#1845=LINE('',#11952,#2329);
#1846=LINE('',#11957,#2330);
#1847=LINE('',#11958,#2331);
#1848=LINE('',#11960,#2332);
#1849=LINE('',#11963,#2333);
#1850=LINE('',#11965,#2334);
#1851=LINE('',#11966,#2335);
#1852=LINE('',#11970,#2336);
#1853=LINE('',#11973,#2337);
#1854=LINE('',#11974,#2338);
#1855=LINE('',#11978,#2339);
#1856=LINE('',#11981,#2340);
#1857=LINE('',#11982,#2341);
#1858=LINE('',#11986,#2342);
#1859=LINE('',#11989,#2343);
#1860=LINE('',#11990,#2344);
#1861=LINE('',#11996,#2345);
#1862=LINE('',#11999,#2346);
#1863=LINE('',#12001,#2347);
#1864=LINE('',#12002,#2348);
#1865=LINE('',#12006,#2349);
#1866=LINE('',#12009,#2350);
#1867=LINE('',#12010,#2351);
#1868=LINE('',#12014,#2352);
#1869=LINE('',#12017,#2353);
#1870=LINE('',#12018,#2354);
#1871=LINE('',#12022,#2355);
#1872=LINE('',#12025,#2356);
#1873=LINE('',#12026,#2357);
#1874=LINE('',#12031,#2358);
#1875=LINE('',#12033,#2359);
#1876=LINE('',#12034,#2360);
#1877=LINE('',#12038,#2361);
#1878=LINE('',#12041,#2362);
#1879=LINE('',#12042,#2363);
#1880=LINE('',#12046,#2364);
#1881=LINE('',#12049,#2365);
#1882=LINE('',#12050,#2366);
#1883=LINE('',#12054,#2367);
#1884=LINE('',#12057,#2368);
#1885=LINE('',#12058,#2369);
#1886=LINE('',#12064,#2370);
#1887=LINE('',#12068,#2371);
#1888=LINE('',#12072,#2372);
#1889=LINE('',#12074,#2373);
#1890=LINE('',#12077,#2374);
#1891=LINE('',#12078,#2375);
#1892=LINE('',#12081,#2376);
#1893=LINE('',#12082,#2377);
#1894=LINE('',#12085,#2378);
#1895=LINE('',#12086,#2379);
#1896=LINE('',#12088,#2380);
#1897=VECTOR('',#6355,10.);
#1898=VECTOR('',#6358,10.);
#1899=VECTOR('',#6361,10.);
#1900=VECTOR('',#6362,10.);
#1901=VECTOR('',#6363,10.);
#1902=VECTOR('',#6364,10.);
#1903=VECTOR('',#6365,10.);
#1904=VECTOR('',#6366,10.);
#1905=VECTOR('',#6367,10.);
#1906=VECTOR('',#6368,10.);
#1907=VECTOR('',#6369,10.);
#1908=VECTOR('',#6372,10.);
#1909=VECTOR('',#6375,10.);
#1910=VECTOR('',#6378,10.);
#1911=VECTOR('',#6389,10.);
#1912=VECTOR('',#6390,10.);
#1913=VECTOR('',#6391,10.);
#1914=VECTOR('',#6392,10.);
#1915=VECTOR('',#6393,10.);
#1916=VECTOR('',#6398,10.);
#1917=VECTOR('',#6401,10.);
#1918=VECTOR('',#6404,10.);
#1919=VECTOR('',#6407,10.);
#1920=VECTOR('',#6408,10.);
#1921=VECTOR('',#6413,10.);
#1922=VECTOR('',#6416,10.);
#1923=VECTOR('',#6417,10.);
#1924=VECTOR('',#6420,10.);
#1925=VECTOR('',#6421,10.);
#1926=VECTOR('',#6424,10.);
#1927=VECTOR('',#6427,10.);
#1928=VECTOR('',#6428,10.);
#1929=VECTOR('',#6429,10.);
#1930=VECTOR('',#6432,10.);
#1931=VECTOR('',#6433,10.);
#1932=VECTOR('',#6434,10.);
#1933=VECTOR('',#6437,10.);
#1934=VECTOR('',#6438,10.);
#1935=VECTOR('',#6445,3.);
#1936=VECTOR('',#6452,3.);
#1937=VECTOR('',#6459,3.);
#1938=VECTOR('',#6466,3.);
#1939=VECTOR('',#6473,10.);
#1940=VECTOR('',#6476,10.);
#1941=VECTOR('',#6481,1.7);
#1942=VECTOR('',#6488,1.7);
#1943=VECTOR('',#6495,1.7);
#1944=VECTOR('',#6502,1.7);
#1945=VECTOR('',#6509,10.);
#1946=VECTOR('',#6510,10.);
#1947=VECTOR('',#6511,10.);
#1948=VECTOR('',#6512,10.);
#1949=VECTOR('',#6515,10.);
#1950=VECTOR('',#6516,10.);
#1951=VECTOR('',#6517,10.);
#1952=VECTOR('',#6518,10.);
#1953=VECTOR('',#6519,10.);
#1954=VECTOR('',#6520,10.);
#1955=VECTOR('',#6521,10.);
#1956=VECTOR('',#6524,10.);
#1957=VECTOR('',#6525,10.);
#1958=VECTOR('',#6526,10.);
#1959=VECTOR('',#6527,10.);
#1960=VECTOR('',#6528,10.);
#1961=VECTOR('',#6529,10.);
#1962=VECTOR('',#6530,10.);
#1963=VECTOR('',#6531,10.);
#1964=VECTOR('',#6532,10.);
#1965=VECTOR('',#6533,10.);
#1966=VECTOR('',#6534,10.);
#1967=VECTOR('',#6535,10.);
#1968=VECTOR('',#6538,10.);
#1969=VECTOR('',#6539,10.);
#1970=VECTOR('',#6540,10.);
#1971=VECTOR('',#6543,10.);
#1972=VECTOR('',#6544,10.);
#1973=VECTOR('',#6545,10.);
#1974=VECTOR('',#6546,10.);
#1975=VECTOR('',#6547,10.);
#1976=VECTOR('',#6548,10.);
#1977=VECTOR('',#6549,10.);
#1978=VECTOR('',#6550,10.);
#1979=VECTOR('',#6551,10.);
#1980=VECTOR('',#6552,10.);
#1981=VECTOR('',#6553,10.);
#1982=VECTOR('',#6554,10.);
#1983=VECTOR('',#6555,10.);
#1984=VECTOR('',#6556,10.);
#1985=VECTOR('',#6557,10.);
#1986=VECTOR('',#6558,10.);
#1987=VECTOR('',#6559,10.);
#1988=VECTOR('',#6564,10.);
#1989=VECTOR('',#6565,10.);
#1990=VECTOR('',#6566,10.);
#1991=VECTOR('',#6567,10.);
#1992=VECTOR('',#6568,10.);
#1993=VECTOR('',#6569,10.);
#1994=VECTOR('',#6570,10.);
#1995=VECTOR('',#6571,10.);
#1996=VECTOR('',#6574,10.);
#1997=VECTOR('',#6575,10.);
#1998=VECTOR('',#6576,10.);
#1999=VECTOR('',#6577,10.);
#2000=VECTOR('',#6578,10.);
#2001=VECTOR('',#6579,10.);
#2002=VECTOR('',#6582,10.);
#2003=VECTOR('',#6583,10.);
#2004=VECTOR('',#6584,10.);
#2005=VECTOR('',#6587,10.);
#2006=VECTOR('',#6588,10.);
#2007=VECTOR('',#6589,10.);
#2008=VECTOR('',#6592,10.);
#2009=VECTOR('',#6593,10.);
#2010=VECTOR('',#6594,10.);
#2011=VECTOR('',#6597,10.);
#2012=VECTOR('',#6598,10.);
#2013=VECTOR('',#6601,10.);
#2014=VECTOR('',#6602,10.);
#2015=VECTOR('',#6603,10.);
#2016=VECTOR('',#6604,10.);
#2017=VECTOR('',#6607,10.);
#2018=VECTOR('',#6608,10.);
#2019=VECTOR('',#6609,10.);
#2020=VECTOR('',#6610,10.);
#2021=VECTOR('',#6611,10.);
#2022=VECTOR('',#6612,10.);
#2023=VECTOR('',#6613,10.);
#2024=VECTOR('',#6616,10.);
#2025=VECTOR('',#6617,10.);
#2026=VECTOR('',#6618,10.);
#2027=VECTOR('',#6619,10.);
#2028=VECTOR('',#6620,10.);
#2029=VECTOR('',#6621,10.);
#2030=VECTOR('',#6622,10.);
#2031=VECTOR('',#6623,10.);
#2032=VECTOR('',#6624,10.);
#2033=VECTOR('',#6625,10.);
#2034=VECTOR('',#6626,10.);
#2035=VECTOR('',#6627,10.);
#2036=VECTOR('',#6630,10.);
#2037=VECTOR('',#6631,10.);
#2038=VECTOR('',#6632,10.);
#2039=VECTOR('',#6635,10.);
#2040=VECTOR('',#6636,10.);
#2041=VECTOR('',#6637,10.);
#2042=VECTOR('',#6638,10.);
#2043=VECTOR('',#6641,10.);
#2044=VECTOR('',#6642,10.);
#2045=VECTOR('',#6643,10.);
#2046=VECTOR('',#6646,10.);
#2047=VECTOR('',#6647,10.);
#2048=VECTOR('',#6648,10.);
#2049=VECTOR('',#6651,10.);
#2050=VECTOR('',#6652,10.);
#2051=VECTOR('',#6653,10.);
#2052=VECTOR('',#6656,10.);
#2053=VECTOR('',#6657,10.);
#2054=VECTOR('',#6658,10.);
#2055=VECTOR('',#6661,10.);
#2056=VECTOR('',#6662,10.);
#2057=VECTOR('',#6663,10.);
#2058=VECTOR('',#6666,10.);
#2059=VECTOR('',#6667,10.);
#2060=VECTOR('',#6668,10.);
#2061=VECTOR('',#6671,10.);
#2062=VECTOR('',#6672,10.);
#2063=VECTOR('',#6673,10.);
#2064=VECTOR('',#6676,10.);
#2065=VECTOR('',#6677,10.);
#2066=VECTOR('',#6678,10.);
#2067=VECTOR('',#6681,10.);
#2068=VECTOR('',#6682,10.);
#2069=VECTOR('',#6683,10.);
#2070=VECTOR('',#6686,10.);
#2071=VECTOR('',#6687,10.);
#2072=VECTOR('',#6688,10.);
#2073=VECTOR('',#6691,10.);
#2074=VECTOR('',#6692,10.);
#2075=VECTOR('',#6693,10.);
#2076=VECTOR('',#6694,10.);
#2077=VECTOR('',#6695,10.);
#2078=VECTOR('',#6696,10.);
#2079=VECTOR('',#6697,10.);
#2080=VECTOR('',#6700,10.);
#2081=VECTOR('',#6701,10.);
#2082=VECTOR('',#6702,10.);
#2083=VECTOR('',#6705,10.);
#2084=VECTOR('',#6706,10.);
#2085=VECTOR('',#6707,10.);
#2086=VECTOR('',#6708,10.);
#2087=VECTOR('',#6711,10.);
#2088=VECTOR('',#6712,10.);
#2089=VECTOR('',#6713,10.);
#2090=VECTOR('',#6714,10.);
#2091=VECTOR('',#6715,10.);
#2092=VECTOR('',#6716,10.);
#2093=VECTOR('',#6717,10.);
#2094=VECTOR('',#6720,10.);
#2095=VECTOR('',#6721,10.);
#2096=VECTOR('',#6722,10.);
#2097=VECTOR('',#6723,10.);
#2098=VECTOR('',#6724,10.);
#2099=VECTOR('',#6725,10.);
#2100=VECTOR('',#6726,10.);
#2101=VECTOR('',#6727,10.);
#2102=VECTOR('',#6728,10.);
#2103=VECTOR('',#6729,10.);
#2104=VECTOR('',#6730,10.);
#2105=VECTOR('',#6731,10.);
#2106=VECTOR('',#6734,10.);
#2107=VECTOR('',#6735,10.);
#2108=VECTOR('',#6736,10.);
#2109=VECTOR('',#6739,10.);
#2110=VECTOR('',#6740,10.);
#2111=VECTOR('',#6741,10.);
#2112=VECTOR('',#6742,10.);
#2113=VECTOR('',#6743,10.);
#2114=VECTOR('',#6744,10.);
#2115=VECTOR('',#6745,10.);
#2116=VECTOR('',#6746,10.);
#2117=VECTOR('',#6747,10.);
#2118=VECTOR('',#6748,10.);
#2119=VECTOR('',#6751,10.);
#2120=VECTOR('',#6752,10.);
#2121=VECTOR('',#6755,10.);
#2122=VECTOR('',#6756,10.);
#2123=VECTOR('',#6757,10.);
#2124=VECTOR('',#6758,10.);
#2125=VECTOR('',#6759,10.);
#2126=VECTOR('',#6760,10.);
#2127=VECTOR('',#6763,10.);
#2128=VECTOR('',#6764,10.);
#2129=VECTOR('',#6765,10.);
#2130=VECTOR('',#6766,10.);
#2131=VECTOR('',#6767,10.);
#2132=VECTOR('',#6768,10.);
#2133=VECTOR('',#6769,10.);
#2134=VECTOR('',#6770,10.);
#2135=VECTOR('',#6771,10.);
#2136=VECTOR('',#6772,10.);
#2137=VECTOR('',#6775,10.);
#2138=VECTOR('',#6776,10.);
#2139=VECTOR('',#6777,10.);
#2140=VECTOR('',#6778,10.);
#2141=VECTOR('',#6779,10.);
#2142=VECTOR('',#6780,10.);
#2143=VECTOR('',#6781,10.);
#2144=VECTOR('',#6782,10.);
#2145=VECTOR('',#6783,10.);
#2146=VECTOR('',#6784,10.);
#2147=VECTOR('',#6785,10.);
#2148=VECTOR('',#6786,10.);
#2149=VECTOR('',#6787,10.);
#2150=VECTOR('',#6788,10.);
#2151=VECTOR('',#6789,10.);
#2152=VECTOR('',#6790,10.);
#2153=VECTOR('',#6791,10.);
#2154=VECTOR('',#6794,10.);
#2155=VECTOR('',#6795,10.);
#2156=VECTOR('',#6796,10.);
#2157=VECTOR('',#6797,10.);
#2158=VECTOR('',#6798,10.);
#2159=VECTOR('',#6799,10.);
#2160=VECTOR('',#6800,10.);
#2161=VECTOR('',#6801,10.);
#2162=VECTOR('',#6802,10.);
#2163=VECTOR('',#6803,10.);
#2164=VECTOR('',#6804,10.);
#2165=VECTOR('',#6805,10.);
#2166=VECTOR('',#6806,10.);
#2167=VECTOR('',#6807,10.);
#2168=VECTOR('',#6808,10.);
#2169=VECTOR('',#6809,10.);
#2170=VECTOR('',#6810,10.);
#2171=VECTOR('',#6813,10.);
#2172=VECTOR('',#6814,10.);
#2173=VECTOR('',#6815,10.);
#2174=VECTOR('',#6818,10.);
#2175=VECTOR('',#6819,10.);
#2176=VECTOR('',#6820,10.);
#2177=VECTOR('',#6823,10.);
#2178=VECTOR('',#6824,10.);
#2179=VECTOR('',#6825,10.);
#2180=VECTOR('',#6828,10.);
#2181=VECTOR('',#6829,10.);
#2182=VECTOR('',#6830,10.);
#2183=VECTOR('',#6833,10.);
#2184=VECTOR('',#6834,10.);
#2185=VECTOR('',#6839,10.);
#2186=VECTOR('',#6840,10.);
#2187=VECTOR('',#6841,10.);
#2188=VECTOR('',#6842,10.);
#2189=VECTOR('',#6843,10.);
#2190=VECTOR('',#6844,10.);
#2191=VECTOR('',#6845,10.);
#2192=VECTOR('',#6846,10.);
#2193=VECTOR('',#6847,10.);
#2194=VECTOR('',#6850,10.);
#2195=VECTOR('',#6851,10.);
#2196=VECTOR('',#6852,10.);
#2197=VECTOR('',#6855,10.);
#2198=VECTOR('',#6856,10.);
#2199=VECTOR('',#6857,10.);
#2200=VECTOR('',#6860,10.);
#2201=VECTOR('',#6861,10.);
#2202=VECTOR('',#6862,10.);
#2203=VECTOR('',#6863,10.);
#2204=VECTOR('',#6864,10.);
#2205=VECTOR('',#6865,10.);
#2206=VECTOR('',#6866,10.);
#2207=VECTOR('',#6867,10.);
#2208=VECTOR('',#6870,10.);
#2209=VECTOR('',#6871,10.);
#2210=VECTOR('',#6872,10.);
#2211=VECTOR('',#6875,10.);
#2212=VECTOR('',#6876,10.);
#2213=VECTOR('',#6877,10.);
#2214=VECTOR('',#6880,10.);
#2215=VECTOR('',#6881,10.);
#2216=VECTOR('',#6882,10.);
#2217=VECTOR('',#6885,10.);
#2218=VECTOR('',#6886,10.);
#2219=VECTOR('',#6891,10.);
#2220=VECTOR('',#6892,10.);
#2221=VECTOR('',#6893,10.);
#2222=VECTOR('',#6894,10.);
#2223=VECTOR('',#6895,10.);
#2224=VECTOR('',#6896,10.);
#2225=VECTOR('',#6897,10.);
#2226=VECTOR('',#6898,10.);
#2227=VECTOR('',#6899,10.);
#2228=VECTOR('',#6902,10.);
#2229=VECTOR('',#6903,10.);
#2230=VECTOR('',#6904,10.);
#2231=VECTOR('',#6907,10.);
#2232=VECTOR('',#6908,10.);
#2233=VECTOR('',#6909,10.);
#2234=VECTOR('',#6912,10.);
#2235=VECTOR('',#6913,10.);
#2236=VECTOR('',#6914,10.);
#2237=VECTOR('',#6915,10.);
#2238=VECTOR('',#6916,10.);
#2239=VECTOR('',#6917,10.);
#2240=VECTOR('',#6918,10.);
#2241=VECTOR('',#6919,10.);
#2242=VECTOR('',#6922,10.);
#2243=VECTOR('',#6923,10.);
#2244=VECTOR('',#6924,10.);
#2245=VECTOR('',#6927,10.);
#2246=VECTOR('',#6928,10.);
#2247=VECTOR('',#6929,10.);
#2248=VECTOR('',#6932,10.);
#2249=VECTOR('',#6933,10.);
#2250=VECTOR('',#6934,10.);
#2251=VECTOR('',#6935,10.);
#2252=VECTOR('',#6936,10.);
#2253=VECTOR('',#6937,10.);
#2254=VECTOR('',#6938,10.);
#2255=VECTOR('',#6939,10.);
#2256=VECTOR('',#6940,10.);
#2257=VECTOR('',#6941,10.);
#2258=VECTOR('',#6944,10.);
#2259=VECTOR('',#6945,10.);
#2260=VECTOR('',#6946,10.);
#2261=VECTOR('',#6949,10.);
#2262=VECTOR('',#6950,10.);
#2263=VECTOR('',#6951,10.);
#2264=VECTOR('',#6954,10.);
#2265=VECTOR('',#6955,10.);
#2266=VECTOR('',#6956,10.);
#2267=VECTOR('',#6959,10.);
#2268=VECTOR('',#6960,10.);
#2269=VECTOR('',#6963,10.);
#2270=VECTOR('',#6964,10.);
#2271=VECTOR('',#6965,10.);
#2272=VECTOR('',#6966,10.);
#2273=VECTOR('',#6967,10.);
#2274=VECTOR('',#6968,10.);
#2275=VECTOR('',#6969,10.);
#2276=VECTOR('',#6970,10.);
#2277=VECTOR('',#6973,10.);
#2278=VECTOR('',#6974,10.);
#2279=VECTOR('',#6975,10.);
#2280=VECTOR('',#6976,10.);
#2281=VECTOR('',#6979,10.);
#2282=VECTOR('',#6980,10.);
#2283=VECTOR('',#6981,10.);
#2284=VECTOR('',#6984,10.);
#2285=VECTOR('',#6985,10.);
#2286=VECTOR('',#6986,10.);
#2287=VECTOR('',#6987,10.);
#2288=VECTOR('',#6988,10.);
#2289=VECTOR('',#6989,10.);
#2290=VECTOR('',#6990,10.);
#2291=VECTOR('',#6991,10.);
#2292=VECTOR('',#6992,10.);
#2293=VECTOR('',#6993,10.);
#2294=VECTOR('',#6994,10.);
#2295=VECTOR('',#6995,10.);
#2296=VECTOR('',#6998,10.);
#2297=VECTOR('',#6999,10.);
#2298=VECTOR('',#7000,10.);
#2299=VECTOR('',#7003,10.);
#2300=VECTOR('',#7004,10.);
#2301=VECTOR('',#7011,10.);
#2302=VECTOR('',#7014,10.);
#2303=VECTOR('',#7015,10.);
#2304=VECTOR('',#7016,10.);
#2305=VECTOR('',#7017,10.);
#2306=VECTOR('',#7018,10.);
#2307=VECTOR('',#7021,10.);
#2308=VECTOR('',#7024,10.);
#2309=VECTOR('',#7027,10.);
#2310=VECTOR('',#7030,10.);
#2311=VECTOR('',#7033,10.);
#2312=VECTOR('',#7036,10.);
#2313=VECTOR('',#7041,10.);
#2314=VECTOR('',#7044,10.);
#2315=VECTOR('',#7047,10.);
#2316=VECTOR('',#7050,10.);
#2317=VECTOR('',#7053,10.);
#2318=VECTOR('',#7056,10.);
#2319=VECTOR('',#7059,10.);
#2320=VECTOR('',#7062,10.);
#2321=VECTOR('',#7085,10.);
#2322=VECTOR('',#7086,10.);
#2323=VECTOR('',#7091,10.);
#2324=VECTOR('',#7092,10.);
#2325=VECTOR('',#7097,10.);
#2326=VECTOR('',#7102,10.);
#2327=VECTOR('',#7103,10.);
#2328=VECTOR('',#7106,10.);
#2329=VECTOR('',#7107,10.);
#2330=VECTOR('',#7112,10.);
#2331=VECTOR('',#7113,10.);
#2332=VECTOR('',#7116,10.);
#2333=VECTOR('',#7119,10.);
#2334=VECTOR('',#7120,10.);
#2335=VECTOR('',#7121,10.);
#2336=VECTOR('',#7126,10.);
#2337=VECTOR('',#7129,10.);
#2338=VECTOR('',#7130,10.);
#2339=VECTOR('',#7135,10.);
#2340=VECTOR('',#7138,10.);
#2341=VECTOR('',#7139,10.);
#2342=VECTOR('',#7144,10.);
#2343=VECTOR('',#7147,10.);
#2344=VECTOR('',#7148,10.);
#2345=VECTOR('',#7157,1.7);
#2346=VECTOR('',#7160,10.);
#2347=VECTOR('',#7161,10.);
#2348=VECTOR('',#7162,10.);
#2349=VECTOR('',#7167,10.);
#2350=VECTOR('',#7170,10.);
#2351=VECTOR('',#7171,10.);
#2352=VECTOR('',#7176,10.);
#2353=VECTOR('',#7179,10.);
#2354=VECTOR('',#7180,10.);
#2355=VECTOR('',#7185,10.);
#2356=VECTOR('',#7188,10.);
#2357=VECTOR('',#7189,10.);
#2358=VECTOR('',#7196,10.);
#2359=VECTOR('',#7197,10.);
#2360=VECTOR('',#7198,10.);
#2361=VECTOR('',#7203,10.);
#2362=VECTOR('',#7206,10.);
#2363=VECTOR('',#7207,10.);
#2364=VECTOR('',#7212,10.);
#2365=VECTOR('',#7215,10.);
#2366=VECTOR('',#7216,10.);
#2367=VECTOR('',#7221,10.);
#2368=VECTOR('',#7224,10.);
#2369=VECTOR('',#7225,10.);
#2370=VECTOR('',#7234,1.7);
#2371=VECTOR('',#7239,1.7);
#2372=VECTOR('',#7244,1.7);
#2373=VECTOR('',#7247,10.);
#2374=VECTOR('',#7250,10.);
#2375=VECTOR('',#7251,10.);
#2376=VECTOR('',#7254,10.);
#2377=VECTOR('',#7255,10.);
#2378=VECTOR('',#7258,10.);
#2379=VECTOR('',#7259,10.);
#2380=VECTOR('',#7262,10.);
#2381=CIRCLE('',#6131,5.);
#2382=CIRCLE('',#6132,5.);
#2383=CIRCLE('',#6134,5.);
#2384=CIRCLE('',#6135,5.);
#2385=CIRCLE('',#6136,5.);
#2386=CIRCLE('',#6137,1.7);
#2387=CIRCLE('',#6138,1.7);
#2388=CIRCLE('',#6139,1.7);
#2389=CIRCLE('',#6140,1.7);
#2390=CIRCLE('',#6143,5.);
#2391=CIRCLE('',#6145,5.);
#2392=CIRCLE('',#6148,5.);
#2393=CIRCLE('',#6157,3.);
#2394=CIRCLE('',#6158,3.);
#2395=CIRCLE('',#6160,3.);
#2396=CIRCLE('',#6161,3.);
#2397=CIRCLE('',#6163,3.);
#2398=CIRCLE('',#6164,3.);
#2399=CIRCLE('',#6166,3.);
#2400=CIRCLE('',#6167,3.);
#2401=CIRCLE('',#6173,1.7);
#2402=CIRCLE('',#6176,1.7);
#2403=CIRCLE('',#6179,1.7);
#2404=CIRCLE('',#6182,1.7);
#2405=CIRCLE('',#6257,5.);
#2406=CIRCLE('',#6258,5.);
#2407=CIRCLE('',#6259,5.);
#2408=CIRCLE('',#6260,5.);
#2409=CIRCLE('',#6261,0.5);
#2410=CIRCLE('',#6262,0.5);
#2411=CIRCLE('',#6263,0.5);
#2412=CIRCLE('',#6264,0.499999999999998);
#2413=CIRCLE('',#6265,1.7);
#2414=CIRCLE('',#6266,0.5);
#2415=CIRCLE('',#6267,0.499999999999998);
#2416=CIRCLE('',#6268,0.5);
#2417=CIRCLE('',#6269,0.499999999999998);
#2418=CIRCLE('',#6270,0.5);
#2419=CIRCLE('',#6271,0.499999999999998);
#2420=CIRCLE('',#6272,0.5);
#2421=CIRCLE('',#6273,0.500000000000003);
#2422=CIRCLE('',#6274,1.7);
#2423=CIRCLE('',#6275,1.7);
#2424=CIRCLE('',#6276,1.7);
#2425=CIRCLE('',#6284,5.);
#2426=CIRCLE('',#6288,5.);
#2427=CIRCLE('',#6290,5.);
#2428=CIRCLE('',#6293,5.);
#2429=CIRCLE('',#6297,0.5);
#2430=CIRCLE('',#6300,0.5);
#2431=CIRCLE('',#6303,0.499999999999998);
#2432=CIRCLE('',#6306,0.5);
#2433=CIRCLE('',#6308,1.7);
#2434=CIRCLE('',#6311,0.499999999999998);
#2435=CIRCLE('',#6314,0.5);
#2436=CIRCLE('',#6317,0.499999999999998);
#2437=CIRCLE('',#6320,0.5);
#2438=CIRCLE('',#6323,0.499999999999998);
#2439=CIRCLE('',#6326,0.5);
#2440=CIRCLE('',#6329,0.500000000000003);
#2441=CIRCLE('',#6332,0.5);
#2442=CIRCLE('',#6334,1.7);
#2443=CIRCLE('',#6336,1.7);
#2444=CIRCLE('',#6338,1.7);
#2445=VERTEX_POINT('',#7272);
#2446=VERTEX_POINT('',#7273);
#2447=VERTEX_POINT('',#7275);
#2448=VERTEX_POINT('',#7277);
#2449=VERTEX_POINT('',#7281);
#2450=VERTEX_POINT('',#7283);
#2451=VERTEX_POINT('',#7285);
#2452=VERTEX_POINT('',#7287);
#2453=VERTEX_POINT('',#7289);
#2454=VERTEX_POINT('',#7291);
#2455=VERTEX_POINT('',#7293);
#2456=VERTEX_POINT('',#7295);
#2457=VERTEX_POINT('',#7297);
#2458=VERTEX_POINT('',#7299);
#2459=VERTEX_POINT('',#7301);
#2460=VERTEX_POINT('',#7303);
#2461=VERTEX_POINT('',#7305);
#2462=VERTEX_POINT('',#7307);
#2463=VERTEX_POINT('',#7310);
#2464=VERTEX_POINT('',#7312);
#2465=VERTEX_POINT('',#7314);
#2466=VERTEX_POINT('',#7316);
#2467=VERTEX_POINT('',#7319);
#2468=VERTEX_POINT('',#7322);
#2469=VERTEX_POINT('',#7324);
#2470=VERTEX_POINT('',#7328);
#2471=VERTEX_POINT('',#7332);
#2472=VERTEX_POINT('',#7334);
#2473=VERTEX_POINT('',#7338);
#2474=VERTEX_POINT('',#7342);
#2475=VERTEX_POINT('',#7346);
#2476=VERTEX_POINT('',#7350);
#2477=VERTEX_POINT('',#7356);
#2478=VERTEX_POINT('',#7358);
#2479=VERTEX_POINT('',#7362);
#2480=VERTEX_POINT('',#7364);
#2481=VERTEX_POINT('',#7372);
#2482=VERTEX_POINT('',#7374);
#2483=VERTEX_POINT('',#7378);
#2484=VERTEX_POINT('',#7380);
#2485=VERTEX_POINT('',#7384);
#2486=VERTEX_POINT('',#7386);
#2487=VERTEX_POINT('',#7390);
#2488=VERTEX_POINT('',#7392);
#2489=VERTEX_POINT('',#7402);
#2490=VERTEX_POINT('',#7407);
#2491=VERTEX_POINT('',#7412);
#2492=VERTEX_POINT('',#7417);
#2493=VERTEX_POINT('',#7432);
#2494=VERTEX_POINT('',#7433);
#2495=VERTEX_POINT('',#7439);
#2496=VERTEX_POINT('',#7441);
#2497=VERTEX_POINT('',#7458);
#2498=VERTEX_POINT('',#7464);
#2499=VERTEX_POINT('',#7481);
#2500=VERTEX_POINT('',#7487);
#2501=VERTEX_POINT('',#7495);
#2502=VERTEX_POINT('',#7497);
#2503=VERTEX_POINT('',#7530);
#2504=VERTEX_POINT('',#7531);
#2505=VERTEX_POINT('',#7537);
#2506=VERTEX_POINT('',#7539);
#2507=VERTEX_POINT('',#7556);
#2508=VERTEX_POINT('',#7562);
#2509=VERTEX_POINT('',#7579);
#2510=VERTEX_POINT('',#7585);
#2511=VERTEX_POINT('',#7593);
#2512=VERTEX_POINT('',#7595);
#2513=VERTEX_POINT('',#7608);
#2514=VERTEX_POINT('',#7614);
#2515=VERTEX_POINT('',#7631);
#2516=VERTEX_POINT('',#7637);
#2517=VERTEX_POINT('',#7654);
#2518=VERTEX_POINT('',#7660);
#2519=VERTEX_POINT('',#7677);
#2520=VERTEX_POINT('',#7683);
#2521=VERTEX_POINT('',#7700);
#2522=VERTEX_POINT('',#7706);
#2523=VERTEX_POINT('',#7723);
#2524=VERTEX_POINT('',#7729);
#2525=VERTEX_POINT('',#7746);
#2526=VERTEX_POINT('',#7752);
#2527=VERTEX_POINT('',#7769);
#2528=VERTEX_POINT('',#7775);
#2529=VERTEX_POINT('',#7792);
#2530=VERTEX_POINT('',#7798);
#2531=VERTEX_POINT('',#7806);
#2532=VERTEX_POINT('',#7808);
#2533=VERTEX_POINT('',#7842);
#2534=VERTEX_POINT('',#7843);
#2535=VERTEX_POINT('',#7849);
#2536=VERTEX_POINT('',#7851);
#2537=VERTEX_POINT('',#7868);
#2538=VERTEX_POINT('',#7874);
#2539=VERTEX_POINT('',#7891);
#2540=VERTEX_POINT('',#7897);
#2541=VERTEX_POINT('',#7914);
#2542=VERTEX_POINT('',#7920);
#2543=VERTEX_POINT('',#7937);
#2544=VERTEX_POINT('',#7943);
#2545=VERTEX_POINT('',#7960);
#2546=VERTEX_POINT('',#7966);
#2547=VERTEX_POINT('',#7983);
#2548=VERTEX_POINT('',#7989);
#2549=VERTEX_POINT('',#8026);
#2550=VERTEX_POINT('',#8027);
#2551=VERTEX_POINT('',#8033);
#2552=VERTEX_POINT('',#8035);
#2553=VERTEX_POINT('',#8052);
#2554=VERTEX_POINT('',#8058);
#2555=VERTEX_POINT('',#8075);
#2556=VERTEX_POINT('',#8081);
#2557=VERTEX_POINT('',#8098);
#2558=VERTEX_POINT('',#8104);
#2559=VERTEX_POINT('',#8121);
#2560=VERTEX_POINT('',#8127);
#2561=VERTEX_POINT('',#8144);
#2562=VERTEX_POINT('',#8150);
#2563=VERTEX_POINT('',#8167);
#2564=VERTEX_POINT('',#8173);
#2565=VERTEX_POINT('',#8190);
#2566=VERTEX_POINT('',#8196);
#2567=VERTEX_POINT('',#8225);
#2568=VERTEX_POINT('',#8226);
#2569=VERTEX_POINT('',#8228);
#2570=VERTEX_POINT('',#8230);
#2571=VERTEX_POINT('',#8243);
#2572=VERTEX_POINT('',#8249);
#2573=VERTEX_POINT('',#8266);
#2574=VERTEX_POINT('',#8272);
#2575=VERTEX_POINT('',#8289);
#2576=VERTEX_POINT('',#8295);
#2577=VERTEX_POINT('',#8312);
#2578=VERTEX_POINT('',#8318);
#2579=VERTEX_POINT('',#8326);
#2580=VERTEX_POINT('',#8328);
#2581=VERTEX_POINT('',#8341);
#2582=VERTEX_POINT('',#8347);
#2583=VERTEX_POINT('',#8364);
#2584=VERTEX_POINT('',#8370);
#2585=VERTEX_POINT('',#8387);
#2586=VERTEX_POINT('',#8393);
#2587=VERTEX_POINT('',#8401);
#2588=VERTEX_POINT('',#8403);
#2589=VERTEX_POINT('',#8407);
#2590=VERTEX_POINT('',#8409);
#2591=VERTEX_POINT('',#8413);
#2592=VERTEX_POINT('',#8415);
#2593=VERTEX_POINT('',#8432);
#2594=VERTEX_POINT('',#8433);
#2595=VERTEX_POINT('',#8439);
#2596=VERTEX_POINT('',#8441);
#2597=VERTEX_POINT('',#8458);
#2598=VERTEX_POINT('',#8464);
#2599=VERTEX_POINT('',#8481);
#2600=VERTEX_POINT('',#8487);
#2601=VERTEX_POINT('',#8495);
#2602=VERTEX_POINT('',#8497);
#2603=VERTEX_POINT('',#8530);
#2604=VERTEX_POINT('',#8531);
#2605=VERTEX_POINT('',#8537);
#2606=VERTEX_POINT('',#8539);
#2607=VERTEX_POINT('',#8556);
#2608=VERTEX_POINT('',#8562);
#2609=VERTEX_POINT('',#8579);
#2610=VERTEX_POINT('',#8585);
#2611=VERTEX_POINT('',#8593);
#2612=VERTEX_POINT('',#8595);
#2613=VERTEX_POINT('',#8608);
#2614=VERTEX_POINT('',#8614);
#2615=VERTEX_POINT('',#8631);
#2616=VERTEX_POINT('',#8637);
#2617=VERTEX_POINT('',#8654);
#2618=VERTEX_POINT('',#8660);
#2619=VERTEX_POINT('',#8677);
#2620=VERTEX_POINT('',#8683);
#2621=VERTEX_POINT('',#8700);
#2622=VERTEX_POINT('',#8706);
#2623=VERTEX_POINT('',#8723);
#2624=VERTEX_POINT('',#8729);
#2625=VERTEX_POINT('',#8746);
#2626=VERTEX_POINT('',#8752);
#2627=VERTEX_POINT('',#8769);
#2628=VERTEX_POINT('',#8775);
#2629=VERTEX_POINT('',#8792);
#2630=VERTEX_POINT('',#8798);
#2631=VERTEX_POINT('',#8806);
#2632=VERTEX_POINT('',#8808);
#2633=VERTEX_POINT('',#8842);
#2634=VERTEX_POINT('',#8843);
#2635=VERTEX_POINT('',#8849);
#2636=VERTEX_POINT('',#8851);
#2637=VERTEX_POINT('',#8868);
#2638=VERTEX_POINT('',#8874);
#2639=VERTEX_POINT('',#8891);
#2640=VERTEX_POINT('',#8897);
#2641=VERTEX_POINT('',#8905);
#2642=VERTEX_POINT('',#8907);
#2643=VERTEX_POINT('',#8911);
#2644=VERTEX_POINT('',#8913);
#2645=VERTEX_POINT('',#8917);
#2646=VERTEX_POINT('',#8919);
#2647=VERTEX_POINT('',#8923);
#2648=VERTEX_POINT('',#8925);
#2649=VERTEX_POINT('',#8929);
#2650=VERTEX_POINT('',#8931);
#2651=VERTEX_POINT('',#8935);
#2652=VERTEX_POINT('',#8937);
#2653=VERTEX_POINT('',#8941);
#2654=VERTEX_POINT('',#8943);
#2655=VERTEX_POINT('',#8947);
#2656=VERTEX_POINT('',#8949);
#2657=VERTEX_POINT('',#8953);
#2658=VERTEX_POINT('',#8955);
#2659=VERTEX_POINT('',#8959);
#2660=VERTEX_POINT('',#8961);
#2661=VERTEX_POINT('',#8965);
#2662=VERTEX_POINT('',#8967);
#2663=VERTEX_POINT('',#8980);
#2664=VERTEX_POINT('',#8986);
#2665=VERTEX_POINT('',#9003);
#2666=VERTEX_POINT('',#9009);
#2667=VERTEX_POINT('',#9026);
#2668=VERTEX_POINT('',#9032);
#2669=VERTEX_POINT('',#9049);
#2670=VERTEX_POINT('',#9055);
#2671=VERTEX_POINT('',#9063);
#2672=VERTEX_POINT('',#9065);
#2673=VERTEX_POINT('',#9099);
#2674=VERTEX_POINT('',#9100);
#2675=VERTEX_POINT('',#9106);
#2676=VERTEX_POINT('',#9108);
#2677=VERTEX_POINT('',#9125);
#2678=VERTEX_POINT('',#9131);
#2679=VERTEX_POINT('',#9148);
#2680=VERTEX_POINT('',#9154);
#2681=VERTEX_POINT('',#9162);
#2682=VERTEX_POINT('',#9164);
#2683=VERTEX_POINT('',#9197);
#2684=VERTEX_POINT('',#9198);
#2685=VERTEX_POINT('',#9204);
#2686=VERTEX_POINT('',#9206);
#2687=VERTEX_POINT('',#9223);
#2688=VERTEX_POINT('',#9229);
#2689=VERTEX_POINT('',#9246);
#2690=VERTEX_POINT('',#9252);
#2691=VERTEX_POINT('',#9260);
#2692=VERTEX_POINT('',#9262);
#2693=VERTEX_POINT('',#9275);
#2694=VERTEX_POINT('',#9281);
#2695=VERTEX_POINT('',#9298);
#2696=VERTEX_POINT('',#9304);
#2697=VERTEX_POINT('',#9321);
#2698=VERTEX_POINT('',#9327);
#2699=VERTEX_POINT('',#9344);
#2700=VERTEX_POINT('',#9350);
#2701=VERTEX_POINT('',#9367);
#2702=VERTEX_POINT('',#9373);
#2703=VERTEX_POINT('',#9390);
#2704=VERTEX_POINT('',#9396);
#2705=VERTEX_POINT('',#9413);
#2706=VERTEX_POINT('',#9419);
#2707=VERTEX_POINT('',#9436);
#2708=VERTEX_POINT('',#9442);
#2709=VERTEX_POINT('',#9459);
#2710=VERTEX_POINT('',#9465);
#2711=VERTEX_POINT('',#9473);
#2712=VERTEX_POINT('',#9475);
#2713=VERTEX_POINT('',#9509);
#2714=VERTEX_POINT('',#9510);
#2715=VERTEX_POINT('',#9516);
#2716=VERTEX_POINT('',#9518);
#2717=VERTEX_POINT('',#9535);
#2718=VERTEX_POINT('',#9541);
#2719=VERTEX_POINT('',#9558);
#2720=VERTEX_POINT('',#9564);
#2721=VERTEX_POINT('',#9581);
#2722=VERTEX_POINT('',#9587);
#2723=VERTEX_POINT('',#9604);
#2724=VERTEX_POINT('',#9610);
#2725=VERTEX_POINT('',#9627);
#2726=VERTEX_POINT('',#9633);
#2727=VERTEX_POINT('',#9650);
#2728=VERTEX_POINT('',#9656);
#2729=VERTEX_POINT('',#9673);
#2730=VERTEX_POINT('',#9679);
#2731=VERTEX_POINT('',#9696);
#2732=VERTEX_POINT('',#9702);
#2733=VERTEX_POINT('',#9713);
#2734=VERTEX_POINT('',#9714);
#2735=VERTEX_POINT('',#9716);
#2736=VERTEX_POINT('',#9718);
#2737=VERTEX_POINT('',#9731);
#2738=VERTEX_POINT('',#9737);
#2739=VERTEX_POINT('',#9754);
#2740=VERTEX_POINT('',#9760);
#2741=VERTEX_POINT('',#9768);
#2742=VERTEX_POINT('',#9770);
#2743=VERTEX_POINT('',#9783);
#2744=VERTEX_POINT('',#9789);
#2745=VERTEX_POINT('',#9806);
#2746=VERTEX_POINT('',#9812);
#2747=VERTEX_POINT('',#9829);
#2748=VERTEX_POINT('',#9835);
#2749=VERTEX_POINT('',#9852);
#2750=VERTEX_POINT('',#9858);
#2751=VERTEX_POINT('',#9875);
#2752=VERTEX_POINT('',#9881);
#2753=VERTEX_POINT('',#9898);
#2754=VERTEX_POINT('',#9904);
#2755=VERTEX_POINT('',#9921);
#2756=VERTEX_POINT('',#9927);
#2757=VERTEX_POINT('',#9935);
#2758=VERTEX_POINT('',#9937);
#2759=VERTEX_POINT('',#9950);
#2760=VERTEX_POINT('',#9956);
#2761=VERTEX_POINT('',#9973);
#2762=VERTEX_POINT('',#9979);
#2763=VERTEX_POINT('',#9996);
#2764=VERTEX_POINT('',#10002);
#2765=VERTEX_POINT('',#10019);
#2766=VERTEX_POINT('',#10025);
#2767=VERTEX_POINT('',#10042);
#2768=VERTEX_POINT('',#10048);
#2769=VERTEX_POINT('',#10065);
#2770=VERTEX_POINT('',#10071);
#2771=VERTEX_POINT('',#10088);
#2772=VERTEX_POINT('',#10094);
#2773=VERTEX_POINT('',#10111);
#2774=VERTEX_POINT('',#10117);
#2775=VERTEX_POINT('',#10134);
#2776=VERTEX_POINT('',#10140);
#2777=VERTEX_POINT('',#10157);
#2778=VERTEX_POINT('',#10163);
#2779=VERTEX_POINT('',#10180);
#2780=VERTEX_POINT('',#10186);
#2781=VERTEX_POINT('',#10203);
#2782=VERTEX_POINT('',#10209);
#2783=VERTEX_POINT('',#10226);
#2784=VERTEX_POINT('',#10232);
#2785=VERTEX_POINT('',#10249);
#2786=VERTEX_POINT('',#10255);
#2787=VERTEX_POINT('',#10293);
#2788=VERTEX_POINT('',#10294);
#2789=VERTEX_POINT('',#10300);
#2790=VERTEX_POINT('',#10302);
#2791=VERTEX_POINT('',#10319);
#2792=VERTEX_POINT('',#10325);
#2793=VERTEX_POINT('',#10342);
#2794=VERTEX_POINT('',#10348);
#2795=VERTEX_POINT('',#10365);
#2796=VERTEX_POINT('',#10371);
#2797=VERTEX_POINT('',#10388);
#2798=VERTEX_POINT('',#10394);
#2799=VERTEX_POINT('',#10411);
#2800=VERTEX_POINT('',#10417);
#2801=VERTEX_POINT('',#10434);
#2802=VERTEX_POINT('',#10440);
#2803=VERTEX_POINT('',#10477);
#2804=VERTEX_POINT('',#10478);
#2805=VERTEX_POINT('',#10484);
#2806=VERTEX_POINT('',#10486);
#2807=VERTEX_POINT('',#10503);
#2808=VERTEX_POINT('',#10509);
#2809=VERTEX_POINT('',#10526);
#2810=VERTEX_POINT('',#10532);
#2811=VERTEX_POINT('',#10549);
#2812=VERTEX_POINT('',#10555);
#2813=VERTEX_POINT('',#10572);
#2814=VERTEX_POINT('',#10578);
#2815=VERTEX_POINT('',#10595);
#2816=VERTEX_POINT('',#10601);
#2817=VERTEX_POINT('',#10618);
#2818=VERTEX_POINT('',#10624);
#2819=VERTEX_POINT('',#10641);
#2820=VERTEX_POINT('',#10647);
#2821=VERTEX_POINT('',#10655);
#2822=VERTEX_POINT('',#10657);
#2823=VERTEX_POINT('',#10661);
#2824=VERTEX_POINT('',#10663);
#2825=VERTEX_POINT('',#10667);
#2826=VERTEX_POINT('',#10669);
#2827=VERTEX_POINT('',#10673);
#2828=VERTEX_POINT('',#10675);
#2829=VERTEX_POINT('',#10683);
#2830=VERTEX_POINT('',#10684);
#2831=VERTEX_POINT('',#10686);
#2832=VERTEX_POINT('',#10688);
#2833=VERTEX_POINT('',#10701);
#2834=VERTEX_POINT('',#10707);
#2835=VERTEX_POINT('',#10724);
#2836=VERTEX_POINT('',#10730);
#2837=VERTEX_POINT('',#10747);
#2838=VERTEX_POINT('',#10753);
#2839=VERTEX_POINT('',#10770);
#2840=VERTEX_POINT('',#10776);
#2841=VERTEX_POINT('',#10793);
#2842=VERTEX_POINT('',#10799);
#2843=VERTEX_POINT('',#10807);
#2844=VERTEX_POINT('',#10809);
#2845=VERTEX_POINT('',#10813);
#2846=VERTEX_POINT('',#10815);
#2847=VERTEX_POINT('',#10819);
#2848=VERTEX_POINT('',#10821);
#2849=VERTEX_POINT('',#10834);
#2850=VERTEX_POINT('',#10840);
#2851=VERTEX_POINT('',#10857);
#2852=VERTEX_POINT('',#10863);
#2853=VERTEX_POINT('',#10880);
#2854=VERTEX_POINT('',#10886);
#2855=VERTEX_POINT('',#10903);
#2856=VERTEX_POINT('',#10909);
#2857=VERTEX_POINT('',#10926);
#2858=VERTEX_POINT('',#10932);
#2859=VERTEX_POINT('',#10940);
#2860=VERTEX_POINT('',#10942);
#2861=VERTEX_POINT('',#10946);
#2862=VERTEX_POINT('',#10948);
#2863=VERTEX_POINT('',#10952);
#2864=VERTEX_POINT('',#10954);
#2865=VERTEX_POINT('',#10962);
#2866=VERTEX_POINT('',#10963);
#2867=VERTEX_POINT('',#10965);
#2868=VERTEX_POINT('',#10967);
#2869=VERTEX_POINT('',#10980);
#2870=VERTEX_POINT('',#10986);
#2871=VERTEX_POINT('',#11003);
#2872=VERTEX_POINT('',#11009);
#2873=VERTEX_POINT('',#11026);
#2874=VERTEX_POINT('',#11032);
#2875=VERTEX_POINT('',#11049);
#2876=VERTEX_POINT('',#11055);
#2877=VERTEX_POINT('',#11072);
#2878=VERTEX_POINT('',#11078);
#2879=VERTEX_POINT('',#11086);
#2880=VERTEX_POINT('',#11088);
#2881=VERTEX_POINT('',#11092);
#2882=VERTEX_POINT('',#11094);
#2883=VERTEX_POINT('',#11098);
#2884=VERTEX_POINT('',#11100);
#2885=VERTEX_POINT('',#11113);
#2886=VERTEX_POINT('',#11119);
#2887=VERTEX_POINT('',#11136);
#2888=VERTEX_POINT('',#11142);
#2889=VERTEX_POINT('',#11159);
#2890=VERTEX_POINT('',#11165);
#2891=VERTEX_POINT('',#11182);
#2892=VERTEX_POINT('',#11188);
#2893=VERTEX_POINT('',#11205);
#2894=VERTEX_POINT('',#11211);
#2895=VERTEX_POINT('',#11219);
#2896=VERTEX_POINT('',#11221);
#2897=VERTEX_POINT('',#11225);
#2898=VERTEX_POINT('',#11227);
#2899=VERTEX_POINT('',#11231);
#2900=VERTEX_POINT('',#11233);
#2901=VERTEX_POINT('',#11246);
#2902=VERTEX_POINT('',#11252);
#2903=VERTEX_POINT('',#11269);
#2904=VERTEX_POINT('',#11275);
#2905=VERTEX_POINT('',#11292);
#2906=VERTEX_POINT('',#11298);
#2907=VERTEX_POINT('',#11315);
#2908=VERTEX_POINT('',#11321);
#2909=VERTEX_POINT('',#11338);
#2910=VERTEX_POINT('',#11344);
#2911=VERTEX_POINT('',#11361);
#2912=VERTEX_POINT('',#11367);
#2913=VERTEX_POINT('',#11384);
#2914=VERTEX_POINT('',#11390);
#2915=VERTEX_POINT('',#11398);
#2916=VERTEX_POINT('',#11400);
#2917=VERTEX_POINT('',#11404);
#2918=VERTEX_POINT('',#11406);
#2919=VERTEX_POINT('',#11410);
#2920=VERTEX_POINT('',#11412);
#2921=VERTEX_POINT('',#11429);
#2922=VERTEX_POINT('',#11430);
#2923=VERTEX_POINT('',#11436);
#2924=VERTEX_POINT('',#11438);
#2925=VERTEX_POINT('',#11455);
#2926=VERTEX_POINT('',#11461);
#2927=VERTEX_POINT('',#11478);
#2928=VERTEX_POINT('',#11484);
#2929=VERTEX_POINT('',#11501);
#2930=VERTEX_POINT('',#11507);
#2931=VERTEX_POINT('',#11524);
#2932=VERTEX_POINT('',#11530);
#2933=VERTEX_POINT('',#11547);
#2934=VERTEX_POINT('',#11553);
#2935=VERTEX_POINT('',#11570);
#2936=VERTEX_POINT('',#11576);
#2937=VERTEX_POINT('',#11604);
#2938=VERTEX_POINT('',#11605);
#2939=VERTEX_POINT('',#11607);
#2940=VERTEX_POINT('',#11609);
#2941=VERTEX_POINT('',#11613);
#2942=VERTEX_POINT('',#11615);
#2943=VERTEX_POINT('',#11619);
#2944=VERTEX_POINT('',#11621);
#2945=VERTEX_POINT('',#11634);
#2946=VERTEX_POINT('',#11640);
#2947=VERTEX_POINT('',#11657);
#2948=VERTEX_POINT('',#11663);
#2949=VERTEX_POINT('',#11680);
#2950=VERTEX_POINT('',#11686);
#2951=VERTEX_POINT('',#11703);
#2952=VERTEX_POINT('',#11709);
#2953=VERTEX_POINT('',#11726);
#2954=VERTEX_POINT('',#11732);
#2955=VERTEX_POINT('',#11749);
#2956=VERTEX_POINT('',#11755);
#2957=VERTEX_POINT('',#11772);
#2958=VERTEX_POINT('',#11778);
#2959=VERTEX_POINT('',#11795);
#2960=VERTEX_POINT('',#11801);
#2961=VERTEX_POINT('',#11818);
#2962=VERTEX_POINT('',#11824);
#2963=VERTEX_POINT('',#11832);
#2964=VERTEX_POINT('',#11834);
#2965=VERTEX_POINT('',#11842);
#2966=VERTEX_POINT('',#11843);
#2967=VERTEX_POINT('',#11845);
#2968=VERTEX_POINT('',#11847);
#2969=VERTEX_POINT('',#11849);
#2970=VERTEX_POINT('',#11851);
#2971=VERTEX_POINT('',#11853);
#2972=VERTEX_POINT('',#11855);
#2973=VERTEX_POINT('',#11857);
#2974=VERTEX_POINT('',#11859);
#2975=VERTEX_POINT('',#11861);
#2976=VERTEX_POINT('',#11863);
#2977=VERTEX_POINT('',#11866);
#2978=VERTEX_POINT('',#11867);
#2979=VERTEX_POINT('',#11869);
#2980=VERTEX_POINT('',#11871);
#2981=VERTEX_POINT('',#11873);
#2982=VERTEX_POINT('',#11875);
#2983=VERTEX_POINT('',#11877);
#2984=VERTEX_POINT('',#11879);
#2985=VERTEX_POINT('',#11882);
#2986=VERTEX_POINT('',#11884);
#2987=VERTEX_POINT('',#11885);
#2988=VERTEX_POINT('',#11887);
#2989=VERTEX_POINT('',#11889);
#2990=VERTEX_POINT('',#11891);
#2991=VERTEX_POINT('',#11893);
#2992=VERTEX_POINT('',#11895);
#2993=VERTEX_POINT('',#11897);
#2994=VERTEX_POINT('',#11900);
#2995=VERTEX_POINT('',#11901);
#2996=VERTEX_POINT('',#11903);
#2997=VERTEX_POINT('',#11905);
#2998=VERTEX_POINT('',#11907);
#2999=VERTEX_POINT('',#11909);
#3000=VERTEX_POINT('',#11911);
#3001=VERTEX_POINT('',#11913);
#3002=VERTEX_POINT('',#11916);
#3003=VERTEX_POINT('',#11918);
#3004=VERTEX_POINT('',#11920);
#3005=VERTEX_POINT('',#11929);
#3006=VERTEX_POINT('',#11930);
#3007=VERTEX_POINT('',#11936);
#3008=VERTEX_POINT('',#11940);
#3009=VERTEX_POINT('',#11944);
#3010=VERTEX_POINT('',#11945);
#3011=VERTEX_POINT('',#11950);
#3012=VERTEX_POINT('',#11954);
#3013=VERTEX_POINT('',#11955);
#3014=VERTEX_POINT('',#11962);
#3015=VERTEX_POINT('',#11964);
#3016=VERTEX_POINT('',#11968);
#3017=VERTEX_POINT('',#11972);
#3018=VERTEX_POINT('',#11976);
#3019=VERTEX_POINT('',#11980);
#3020=VERTEX_POINT('',#11984);
#3021=VERTEX_POINT('',#11988);
#3022=VERTEX_POINT('',#11994);
#3023=VERTEX_POINT('',#11998);
#3024=VERTEX_POINT('',#12000);
#3025=VERTEX_POINT('',#12004);
#3026=VERTEX_POINT('',#12008);
#3027=VERTEX_POINT('',#12012);
#3028=VERTEX_POINT('',#12016);
#3029=VERTEX_POINT('',#12020);
#3030=VERTEX_POINT('',#12024);
#3031=VERTEX_POINT('',#12030);
#3032=VERTEX_POINT('',#12032);
#3033=VERTEX_POINT('',#12036);
#3034=VERTEX_POINT('',#12040);
#3035=VERTEX_POINT('',#12044);
#3036=VERTEX_POINT('',#12048);
#3037=VERTEX_POINT('',#12052);
#3038=VERTEX_POINT('',#12056);
#3039=VERTEX_POINT('',#12062);
#3040=VERTEX_POINT('',#12066);
#3041=VERTEX_POINT('',#12070);
#3042=VERTEX_POINT('',#12076);
#3043=VERTEX_POINT('',#12080);
#3044=VERTEX_POINT('',#12084);
#3045=EDGE_CURVE('',#2445,#2446,#2381,.T.);
#3046=EDGE_CURVE('',#2446,#2447,#1413,.T.);
#3047=EDGE_CURVE('',#2447,#2448,#2382,.T.);
#3048=EDGE_CURVE('',#2448,#2445,#1414,.T.);
#3049=EDGE_CURVE('',#2445,#2449,#1415,.T.);
#3050=EDGE_CURVE('',#2449,#2450,#1416,.T.);
#3051=EDGE_CURVE('',#2450,#2451,#1417,.T.);
#3052=EDGE_CURVE('',#2451,#2452,#1418,.T.);
#3053=EDGE_CURVE('',#2452,#2453,#1419,.T.);
#3054=EDGE_CURVE('',#2453,#2454,#1420,.T.);
#3055=EDGE_CURVE('',#2454,#2455,#1421,.T.);
#3056=EDGE_CURVE('',#2455,#2456,#1422,.T.);
#3057=EDGE_CURVE('',#2456,#2457,#1423,.T.);
#3058=EDGE_CURVE('',#2458,#2457,#2383,.T.);
#3059=EDGE_CURVE('',#2458,#2459,#1424,.T.);
#3060=EDGE_CURVE('',#2460,#2459,#2384,.T.);
#3061=EDGE_CURVE('',#2460,#2461,#1425,.T.);
#3062=EDGE_CURVE('',#2462,#2461,#2385,.T.);
#3063=EDGE_CURVE('',#2462,#2446,#1426,.T.);
#3064=EDGE_CURVE('',#2463,#2463,#2386,.T.);
#3065=EDGE_CURVE('',#2464,#2464,#2387,.T.);
#3066=EDGE_CURVE('',#2465,#2465,#2388,.T.);
#3067=EDGE_CURVE('',#2466,#2466,#2389,.T.);
#3068=EDGE_CURVE('',#2448,#2467,#1427,.T.);
#3069=EDGE_CURVE('',#2457,#2467,#1428,.T.);
#3070=EDGE_CURVE('',#2456,#2468,#1429,.T.);
#3071=EDGE_CURVE('',#2468,#2469,#1430,.T.);
#3072=EDGE_CURVE('',#2469,#2449,#1431,.T.);
#3073=EDGE_CURVE('',#2467,#2470,#2390,.T.);
#3074=EDGE_CURVE('',#2470,#2458,#1432,.T.);
#3075=EDGE_CURVE('',#2459,#2471,#1433,.T.);
#3076=EDGE_CURVE('',#2471,#2472,#2391,.T.);
#3077=EDGE_CURVE('',#2472,#2460,#1434,.T.);
#3078=EDGE_CURVE('',#2472,#2473,#1435,.T.);
#3079=EDGE_CURVE('',#2461,#2473,#1436,.T.);
#3080=EDGE_CURVE('',#2473,#2474,#2392,.T.);
#3081=EDGE_CURVE('',#2474,#2462,#1437,.T.);
#3082=EDGE_CURVE('',#2469,#2475,#1438,.T.);
#3083=EDGE_CURVE('',#2450,#2475,#1439,.T.);
#3084=EDGE_CURVE('',#2476,#2455,#1440,.T.);
#3085=EDGE_CURVE('',#2476,#2468,#1441,.T.);
#3086=EDGE_CURVE('',#2475,#2476,#1442,.T.);
#3087=EDGE_CURVE('',#2477,#2454,#1443,.T.);
#3088=EDGE_CURVE('',#2477,#2478,#1444,.T.);
#3089=EDGE_CURVE('',#2478,#2451,#1445,.T.);
#3090=EDGE_CURVE('',#2479,#2477,#1446,.T.);
#3091=EDGE_CURVE('',#2480,#2479,#1447,.T.);
#3092=EDGE_CURVE('',#2478,#2480,#1448,.T.);
#3093=EDGE_CURVE('',#2479,#2453,#1449,.T.);
#3094=EDGE_CURVE('',#2480,#2452,#1450,.T.);
#3095=EDGE_CURVE('',#2481,#2481,#2393,.T.);
#3096=EDGE_CURVE('',#2481,#2482,#1451,.T.);
#3097=EDGE_CURVE('',#2482,#2482,#2394,.T.);
#3098=EDGE_CURVE('',#2483,#2483,#2395,.T.);
#3099=EDGE_CURVE('',#2483,#2484,#1452,.T.);
#3100=EDGE_CURVE('',#2484,#2484,#2396,.T.);
#3101=EDGE_CURVE('',#2485,#2485,#2397,.T.);
#3102=EDGE_CURVE('',#2485,#2486,#1453,.T.);
#3103=EDGE_CURVE('',#2486,#2486,#2398,.T.);
#3104=EDGE_CURVE('',#2487,#2487,#2399,.T.);
#3105=EDGE_CURVE('',#2487,#2488,#1454,.T.);
#3106=EDGE_CURVE('',#2488,#2488,#2400,.T.);
#3107=EDGE_CURVE('',#2471,#2470,#1455,.T.);
#3108=EDGE_CURVE('',#2447,#2474,#1456,.T.);
#3109=EDGE_CURVE('',#2465,#2489,#1457,.T.);
#3110=EDGE_CURVE('',#2489,#2489,#2401,.T.);
#3111=EDGE_CURVE('',#2464,#2490,#1458,.T.);
#3112=EDGE_CURVE('',#2490,#2490,#2402,.T.);
#3113=EDGE_CURVE('',#2466,#2491,#1459,.T.);
#3114=EDGE_CURVE('',#2491,#2491,#2403,.T.);
#3115=EDGE_CURVE('',#2463,#2492,#1460,.T.);
#3116=EDGE_CURVE('',#2492,#2492,#2404,.T.);
#3117=EDGE_CURVE('',#2493,#2494,#19,.T.);
#3118=EDGE_CURVE('',#2493,#2495,#1461,.T.);
#3119=EDGE_CURVE('',#2495,#2496,#20,.T.);
#3120=EDGE_CURVE('',#2494,#2496,#1462,.T.);
#3121=EDGE_CURVE('',#2497,#2493,#21,.T.);
#3122=EDGE_CURVE('',#2497,#2498,#1463,.T.);
#3123=EDGE_CURVE('',#2498,#2495,#22,.T.);
#3124=EDGE_CURVE('',#2499,#2497,#23,.T.);
#3125=EDGE_CURVE('',#2499,#2500,#1464,.T.);
#3126=EDGE_CURVE('',#2500,#2498,#24,.T.);
#3127=EDGE_CURVE('',#2501,#2499,#1465,.T.);
#3128=EDGE_CURVE('',#2501,#2502,#1466,.T.);
#3129=EDGE_CURVE('',#2502,#2500,#1467,.T.);
#3130=EDGE_CURVE('',#2494,#2501,#25,.T.);
#3131=EDGE_CURVE('',#2496,#2502,#26,.T.);
#3132=EDGE_CURVE('',#2503,#2504,#27,.T.);
#3133=EDGE_CURVE('',#2503,#2505,#1468,.T.);
#3134=EDGE_CURVE('',#2505,#2506,#28,.T.);
#3135=EDGE_CURVE('',#2504,#2506,#1469,.T.);
#3136=EDGE_CURVE('',#2507,#2503,#29,.T.);
#3137=EDGE_CURVE('',#2507,#2508,#1470,.T.);
#3138=EDGE_CURVE('',#2508,#2505,#30,.T.);
#3139=EDGE_CURVE('',#2509,#2507,#31,.T.);
#3140=EDGE_CURVE('',#2509,#2510,#1471,.T.);
#3141=EDGE_CURVE('',#2510,#2508,#32,.T.);
#3142=EDGE_CURVE('',#2511,#2509,#1472,.T.);
#3143=EDGE_CURVE('',#2511,#2512,#1473,.T.);
#3144=EDGE_CURVE('',#2512,#2510,#1474,.T.);
#3145=EDGE_CURVE('',#2513,#2511,#33,.T.);
#3146=EDGE_CURVE('',#2513,#2514,#1475,.T.);
#3147=EDGE_CURVE('',#2514,#2512,#34,.T.);
#3148=EDGE_CURVE('',#2515,#2513,#35,.T.);
#3149=EDGE_CURVE('',#2515,#2516,#1476,.T.);
#3150=EDGE_CURVE('',#2516,#2514,#36,.T.);
#3151=EDGE_CURVE('',#2517,#2515,#37,.T.);
#3152=EDGE_CURVE('',#2517,#2518,#1477,.T.);
#3153=EDGE_CURVE('',#2518,#2516,#38,.T.);
#3154=EDGE_CURVE('',#2519,#2517,#39,.T.);
#3155=EDGE_CURVE('',#2519,#2520,#1478,.T.);
#3156=EDGE_CURVE('',#2520,#2518,#40,.T.);
#3157=EDGE_CURVE('',#2521,#2519,#41,.T.);
#3158=EDGE_CURVE('',#2521,#2522,#1479,.T.);
#3159=EDGE_CURVE('',#2522,#2520,#42,.T.);
#3160=EDGE_CURVE('',#2523,#2521,#43,.T.);
#3161=EDGE_CURVE('',#2523,#2524,#1480,.T.);
#3162=EDGE_CURVE('',#2524,#2522,#44,.T.);
#3163=EDGE_CURVE('',#2525,#2523,#45,.T.);
#3164=EDGE_CURVE('',#2525,#2526,#1481,.T.);
#3165=EDGE_CURVE('',#2526,#2524,#46,.T.);
#3166=EDGE_CURVE('',#2527,#2525,#47,.T.);
#3167=EDGE_CURVE('',#2527,#2528,#1482,.T.);
#3168=EDGE_CURVE('',#2528,#2526,#48,.T.);
#3169=EDGE_CURVE('',#2529,#2527,#49,.T.);
#3170=EDGE_CURVE('',#2529,#2530,#1483,.T.);
#3171=EDGE_CURVE('',#2530,#2528,#50,.T.);
#3172=EDGE_CURVE('',#2531,#2529,#1484,.T.);
#3173=EDGE_CURVE('',#2531,#2532,#1485,.T.);
#3174=EDGE_CURVE('',#2532,#2530,#1486,.T.);
#3175=EDGE_CURVE('',#2504,#2531,#51,.T.);
#3176=EDGE_CURVE('',#2506,#2532,#52,.T.);
#3177=EDGE_CURVE('',#2533,#2534,#53,.T.);
#3178=EDGE_CURVE('',#2533,#2535,#1487,.T.);
#3179=EDGE_CURVE('',#2535,#2536,#54,.T.);
#3180=EDGE_CURVE('',#2534,#2536,#1488,.T.);
#3181=EDGE_CURVE('',#2537,#2533,#55,.T.);
#3182=EDGE_CURVE('',#2537,#2538,#1489,.T.);
#3183=EDGE_CURVE('',#2538,#2535,#56,.T.);
#3184=EDGE_CURVE('',#2539,#2537,#57,.T.);
#3185=EDGE_CURVE('',#2539,#2540,#1490,.T.);
#3186=EDGE_CURVE('',#2540,#2538,#58,.T.);
#3187=EDGE_CURVE('',#2541,#2539,#59,.T.);
#3188=EDGE_CURVE('',#2541,#2542,#1491,.T.);
#3189=EDGE_CURVE('',#2542,#2540,#60,.T.);
#3190=EDGE_CURVE('',#2543,#2541,#61,.T.);
#3191=EDGE_CURVE('',#2543,#2544,#1492,.T.);
#3192=EDGE_CURVE('',#2544,#2542,#62,.T.);
#3193=EDGE_CURVE('',#2545,#2543,#63,.T.);
#3194=EDGE_CURVE('',#2545,#2546,#1493,.T.);
#3195=EDGE_CURVE('',#2546,#2544,#64,.T.);
#3196=EDGE_CURVE('',#2547,#2545,#65,.T.);
#3197=EDGE_CURVE('',#2547,#2548,#1494,.T.);
#3198=EDGE_CURVE('',#2548,#2546,#66,.T.);
#3199=EDGE_CURVE('',#2534,#2547,#67,.T.);
#3200=EDGE_CURVE('',#2536,#2548,#68,.T.);
#3201=EDGE_CURVE('',#2549,#2550,#69,.T.);
#3202=EDGE_CURVE('',#2549,#2551,#1495,.T.);
#3203=EDGE_CURVE('',#2551,#2552,#70,.T.);
#3204=EDGE_CURVE('',#2550,#2552,#1496,.T.);
#3205=EDGE_CURVE('',#2553,#2549,#71,.T.);
#3206=EDGE_CURVE('',#2553,#2554,#1497,.T.);
#3207=EDGE_CURVE('',#2554,#2551,#72,.T.);
#3208=EDGE_CURVE('',#2555,#2553,#73,.T.);
#3209=EDGE_CURVE('',#2555,#2556,#1498,.T.);
#3210=EDGE_CURVE('',#2556,#2554,#74,.T.);
#3211=EDGE_CURVE('',#2557,#2555,#75,.T.);
#3212=EDGE_CURVE('',#2557,#2558,#1499,.T.);
#3213=EDGE_CURVE('',#2558,#2556,#76,.T.);
#3214=EDGE_CURVE('',#2559,#2557,#77,.T.);
#3215=EDGE_CURVE('',#2559,#2560,#1500,.T.);
#3216=EDGE_CURVE('',#2560,#2558,#78,.T.);
#3217=EDGE_CURVE('',#2561,#2559,#79,.T.);
#3218=EDGE_CURVE('',#2561,#2562,#1501,.T.);
#3219=EDGE_CURVE('',#2562,#2560,#80,.T.);
#3220=EDGE_CURVE('',#2563,#2561,#81,.T.);
#3221=EDGE_CURVE('',#2563,#2564,#1502,.T.);
#3222=EDGE_CURVE('',#2564,#2562,#82,.T.);
#3223=EDGE_CURVE('',#2565,#2563,#83,.T.);
#3224=EDGE_CURVE('',#2565,#2566,#1503,.T.);
#3225=EDGE_CURVE('',#2566,#2564,#84,.T.);
#3226=EDGE_CURVE('',#2550,#2565,#85,.T.);
#3227=EDGE_CURVE('',#2552,#2566,#86,.T.);
#3228=EDGE_CURVE('',#2567,#2568,#1504,.T.);
#3229=EDGE_CURVE('',#2567,#2569,#1505,.T.);
#3230=EDGE_CURVE('',#2569,#2570,#1506,.T.);
#3231=EDGE_CURVE('',#2568,#2570,#1507,.T.);
#3232=EDGE_CURVE('',#2571,#2567,#87,.T.);
#3233=EDGE_CURVE('',#2571,#2572,#1508,.T.);
#3234=EDGE_CURVE('',#2572,#2569,#88,.T.);
#3235=EDGE_CURVE('',#2573,#2571,#89,.T.);
#3236=EDGE_CURVE('',#2573,#2574,#1509,.T.);
#3237=EDGE_CURVE('',#2574,#2572,#90,.T.);
#3238=EDGE_CURVE('',#2575,#2573,#91,.T.);
#3239=EDGE_CURVE('',#2575,#2576,#1510,.T.);
#3240=EDGE_CURVE('',#2576,#2574,#92,.T.);
#3241=EDGE_CURVE('',#2577,#2575,#93,.T.);
#3242=EDGE_CURVE('',#2577,#2578,#1511,.T.);
#3243=EDGE_CURVE('',#2578,#2576,#94,.T.);
#3244=EDGE_CURVE('',#2579,#2577,#1512,.T.);
#3245=EDGE_CURVE('',#2579,#2580,#1513,.T.);
#3246=EDGE_CURVE('',#2580,#2578,#1514,.T.);
#3247=EDGE_CURVE('',#2581,#2579,#95,.T.);
#3248=EDGE_CURVE('',#2581,#2582,#1515,.T.);
#3249=EDGE_CURVE('',#2582,#2580,#96,.T.);
#3250=EDGE_CURVE('',#2583,#2581,#97,.T.);
#3251=EDGE_CURVE('',#2583,#2584,#1516,.T.);
#3252=EDGE_CURVE('',#2584,#2582,#98,.T.);
#3253=EDGE_CURVE('',#2585,#2583,#99,.T.);
#3254=EDGE_CURVE('',#2585,#2586,#1517,.T.);
#3255=EDGE_CURVE('',#2586,#2584,#100,.T.);
#3256=EDGE_CURVE('',#2587,#2585,#1518,.T.);
#3257=EDGE_CURVE('',#2587,#2588,#1519,.T.);
#3258=EDGE_CURVE('',#2588,#2586,#1520,.T.);
#3259=EDGE_CURVE('',#2589,#2587,#1521,.T.);
#3260=EDGE_CURVE('',#2589,#2590,#1522,.T.);
#3261=EDGE_CURVE('',#2590,#2588,#1523,.T.);
#3262=EDGE_CURVE('',#2591,#2589,#1524,.T.);
#3263=EDGE_CURVE('',#2591,#2592,#1525,.T.);
#3264=EDGE_CURVE('',#2592,#2590,#1526,.T.);
#3265=EDGE_CURVE('',#2568,#2591,#1527,.T.);
#3266=EDGE_CURVE('',#2570,#2592,#1528,.T.);
#3267=EDGE_CURVE('',#2593,#2594,#101,.T.);
#3268=EDGE_CURVE('',#2593,#2595,#1529,.T.);
#3269=EDGE_CURVE('',#2595,#2596,#102,.T.);
#3270=EDGE_CURVE('',#2594,#2596,#1530,.T.);
#3271=EDGE_CURVE('',#2597,#2593,#103,.T.);
#3272=EDGE_CURVE('',#2597,#2598,#1531,.T.);
#3273=EDGE_CURVE('',#2598,#2595,#104,.T.);
#3274=EDGE_CURVE('',#2599,#2597,#105,.T.);
#3275=EDGE_CURVE('',#2599,#2600,#1532,.T.);
#3276=EDGE_CURVE('',#2600,#2598,#106,.T.);
#3277=EDGE_CURVE('',#2601,#2599,#1533,.T.);
#3278=EDGE_CURVE('',#2601,#2602,#1534,.T.);
#3279=EDGE_CURVE('',#2602,#2600,#1535,.T.);
#3280=EDGE_CURVE('',#2594,#2601,#107,.T.);
#3281=EDGE_CURVE('',#2596,#2602,#108,.T.);
#3282=EDGE_CURVE('',#2603,#2604,#109,.T.);
#3283=EDGE_CURVE('',#2603,#2605,#1536,.T.);
#3284=EDGE_CURVE('',#2605,#2606,#110,.T.);
#3285=EDGE_CURVE('',#2604,#2606,#1537,.T.);
#3286=EDGE_CURVE('',#2607,#2603,#111,.T.);
#3287=EDGE_CURVE('',#2607,#2608,#1538,.T.);
#3288=EDGE_CURVE('',#2608,#2605,#112,.T.);
#3289=EDGE_CURVE('',#2609,#2607,#113,.T.);
#3290=EDGE_CURVE('',#2609,#2610,#1539,.T.);
#3291=EDGE_CURVE('',#2610,#2608,#114,.T.);
#3292=EDGE_CURVE('',#2611,#2609,#1540,.T.);
#3293=EDGE_CURVE('',#2611,#2612,#1541,.T.);
#3294=EDGE_CURVE('',#2612,#2610,#1542,.T.);
#3295=EDGE_CURVE('',#2613,#2611,#115,.T.);
#3296=EDGE_CURVE('',#2613,#2614,#1543,.T.);
#3297=EDGE_CURVE('',#2614,#2612,#116,.T.);
#3298=EDGE_CURVE('',#2615,#2613,#117,.T.);
#3299=EDGE_CURVE('',#2615,#2616,#1544,.T.);
#3300=EDGE_CURVE('',#2616,#2614,#118,.T.);
#3301=EDGE_CURVE('',#2617,#2615,#119,.T.);
#3302=EDGE_CURVE('',#2617,#2618,#1545,.T.);
#3303=EDGE_CURVE('',#2618,#2616,#120,.T.);
#3304=EDGE_CURVE('',#2619,#2617,#121,.T.);
#3305=EDGE_CURVE('',#2619,#2620,#1546,.T.);
#3306=EDGE_CURVE('',#2620,#2618,#122,.T.);
#3307=EDGE_CURVE('',#2621,#2619,#123,.T.);
#3308=EDGE_CURVE('',#2621,#2622,#1547,.T.);
#3309=EDGE_CURVE('',#2622,#2620,#124,.T.);
#3310=EDGE_CURVE('',#2623,#2621,#125,.T.);
#3311=EDGE_CURVE('',#2623,#2624,#1548,.T.);
#3312=EDGE_CURVE('',#2624,#2622,#126,.T.);
#3313=EDGE_CURVE('',#2625,#2623,#127,.T.);
#3314=EDGE_CURVE('',#2625,#2626,#1549,.T.);
#3315=EDGE_CURVE('',#2626,#2624,#128,.T.);
#3316=EDGE_CURVE('',#2627,#2625,#129,.T.);
#3317=EDGE_CURVE('',#2627,#2628,#1550,.T.);
#3318=EDGE_CURVE('',#2628,#2626,#130,.T.);
#3319=EDGE_CURVE('',#2629,#2627,#131,.T.);
#3320=EDGE_CURVE('',#2629,#2630,#1551,.T.);
#3321=EDGE_CURVE('',#2630,#2628,#132,.T.);
#3322=EDGE_CURVE('',#2631,#2629,#1552,.T.);
#3323=EDGE_CURVE('',#2631,#2632,#1553,.T.);
#3324=EDGE_CURVE('',#2632,#2630,#1554,.T.);
#3325=EDGE_CURVE('',#2604,#2631,#133,.T.);
#3326=EDGE_CURVE('',#2606,#2632,#134,.T.);
#3327=EDGE_CURVE('',#2633,#2634,#135,.T.);
#3328=EDGE_CURVE('',#2633,#2635,#1555,.T.);
#3329=EDGE_CURVE('',#2635,#2636,#136,.T.);
#3330=EDGE_CURVE('',#2634,#2636,#1556,.T.);
#3331=EDGE_CURVE('',#2637,#2633,#137,.T.);
#3332=EDGE_CURVE('',#2637,#2638,#1557,.T.);
#3333=EDGE_CURVE('',#2638,#2635,#138,.T.);
#3334=EDGE_CURVE('',#2639,#2637,#139,.T.);
#3335=EDGE_CURVE('',#2639,#2640,#1558,.T.);
#3336=EDGE_CURVE('',#2640,#2638,#140,.T.);
#3337=EDGE_CURVE('',#2641,#2639,#1559,.T.);
#3338=EDGE_CURVE('',#2641,#2642,#1560,.T.);
#3339=EDGE_CURVE('',#2642,#2640,#1561,.T.);
#3340=EDGE_CURVE('',#2643,#2641,#1562,.T.);
#3341=EDGE_CURVE('',#2643,#2644,#1563,.T.);
#3342=EDGE_CURVE('',#2644,#2642,#1564,.T.);
#3343=EDGE_CURVE('',#2645,#2643,#1565,.T.);
#3344=EDGE_CURVE('',#2645,#2646,#1566,.T.);
#3345=EDGE_CURVE('',#2646,#2644,#1567,.T.);
#3346=EDGE_CURVE('',#2647,#2645,#1568,.T.);
#3347=EDGE_CURVE('',#2647,#2648,#1569,.T.);
#3348=EDGE_CURVE('',#2648,#2646,#1570,.T.);
#3349=EDGE_CURVE('',#2649,#2647,#1571,.T.);
#3350=EDGE_CURVE('',#2649,#2650,#1572,.T.);
#3351=EDGE_CURVE('',#2650,#2648,#1573,.T.);
#3352=EDGE_CURVE('',#2651,#2649,#1574,.T.);
#3353=EDGE_CURVE('',#2651,#2652,#1575,.T.);
#3354=EDGE_CURVE('',#2652,#2650,#1576,.T.);
#3355=EDGE_CURVE('',#2653,#2651,#1577,.T.);
#3356=EDGE_CURVE('',#2653,#2654,#1578,.T.);
#3357=EDGE_CURVE('',#2654,#2652,#1579,.T.);
#3358=EDGE_CURVE('',#2655,#2653,#1580,.T.);
#3359=EDGE_CURVE('',#2655,#2656,#1581,.T.);
#3360=EDGE_CURVE('',#2656,#2654,#1582,.T.);
#3361=EDGE_CURVE('',#2657,#2655,#1583,.T.);
#3362=EDGE_CURVE('',#2657,#2658,#1584,.T.);
#3363=EDGE_CURVE('',#2658,#2656,#1585,.T.);
#3364=EDGE_CURVE('',#2659,#2657,#1586,.T.);
#3365=EDGE_CURVE('',#2659,#2660,#1587,.T.);
#3366=EDGE_CURVE('',#2660,#2658,#1588,.T.);
#3367=EDGE_CURVE('',#2661,#2659,#1589,.T.);
#3368=EDGE_CURVE('',#2661,#2662,#1590,.T.);
#3369=EDGE_CURVE('',#2662,#2660,#1591,.T.);
#3370=EDGE_CURVE('',#2663,#2661,#141,.T.);
#3371=EDGE_CURVE('',#2663,#2664,#1592,.T.);
#3372=EDGE_CURVE('',#2664,#2662,#142,.T.);
#3373=EDGE_CURVE('',#2665,#2663,#143,.T.);
#3374=EDGE_CURVE('',#2665,#2666,#1593,.T.);
#3375=EDGE_CURVE('',#2666,#2664,#144,.T.);
#3376=EDGE_CURVE('',#2667,#2665,#145,.T.);
#3377=EDGE_CURVE('',#2667,#2668,#1594,.T.);
#3378=EDGE_CURVE('',#2668,#2666,#146,.T.);
#3379=EDGE_CURVE('',#2669,#2667,#147,.T.);
#3380=EDGE_CURVE('',#2669,#2670,#1595,.T.);
#3381=EDGE_CURVE('',#2670,#2668,#148,.T.);
#3382=EDGE_CURVE('',#2671,#2669,#1596,.T.);
#3383=EDGE_CURVE('',#2671,#2672,#1597,.T.);
#3384=EDGE_CURVE('',#2672,#2670,#1598,.T.);
#3385=EDGE_CURVE('',#2634,#2671,#149,.T.);
#3386=EDGE_CURVE('',#2636,#2672,#150,.T.);
#3387=EDGE_CURVE('',#2673,#2674,#151,.T.);
#3388=EDGE_CURVE('',#2673,#2675,#1599,.T.);
#3389=EDGE_CURVE('',#2675,#2676,#152,.T.);
#3390=EDGE_CURVE('',#2674,#2676,#1600,.T.);
#3391=EDGE_CURVE('',#2677,#2673,#153,.T.);
#3392=EDGE_CURVE('',#2677,#2678,#1601,.T.);
#3393=EDGE_CURVE('',#2678,#2675,#154,.T.);
#3394=EDGE_CURVE('',#2679,#2677,#155,.T.);
#3395=EDGE_CURVE('',#2679,#2680,#1602,.T.);
#3396=EDGE_CURVE('',#2680,#2678,#156,.T.);
#3397=EDGE_CURVE('',#2681,#2679,#1603,.T.);
#3398=EDGE_CURVE('',#2681,#2682,#1604,.T.);
#3399=EDGE_CURVE('',#2682,#2680,#1605,.T.);
#3400=EDGE_CURVE('',#2674,#2681,#157,.T.);
#3401=EDGE_CURVE('',#2676,#2682,#158,.T.);
#3402=EDGE_CURVE('',#2683,#2684,#159,.T.);
#3403=EDGE_CURVE('',#2683,#2685,#1606,.T.);
#3404=EDGE_CURVE('',#2685,#2686,#160,.T.);
#3405=EDGE_CURVE('',#2684,#2686,#1607,.T.);
#3406=EDGE_CURVE('',#2687,#2683,#161,.T.);
#3407=EDGE_CURVE('',#2687,#2688,#1608,.T.);
#3408=EDGE_CURVE('',#2688,#2685,#162,.T.);
#3409=EDGE_CURVE('',#2689,#2687,#163,.T.);
#3410=EDGE_CURVE('',#2689,#2690,#1609,.T.);
#3411=EDGE_CURVE('',#2690,#2688,#164,.T.);
#3412=EDGE_CURVE('',#2691,#2689,#1610,.T.);
#3413=EDGE_CURVE('',#2691,#2692,#1611,.T.);
#3414=EDGE_CURVE('',#2692,#2690,#1612,.T.);
#3415=EDGE_CURVE('',#2693,#2691,#165,.T.);
#3416=EDGE_CURVE('',#2693,#2694,#1613,.T.);
#3417=EDGE_CURVE('',#2694,#2692,#166,.T.);
#3418=EDGE_CURVE('',#2695,#2693,#167,.T.);
#3419=EDGE_CURVE('',#2695,#2696,#1614,.T.);
#3420=EDGE_CURVE('',#2696,#2694,#168,.T.);
#3421=EDGE_CURVE('',#2697,#2695,#169,.T.);
#3422=EDGE_CURVE('',#2697,#2698,#1615,.T.);
#3423=EDGE_CURVE('',#2698,#2696,#170,.T.);
#3424=EDGE_CURVE('',#2699,#2697,#171,.T.);
#3425=EDGE_CURVE('',#2699,#2700,#1616,.T.);
#3426=EDGE_CURVE('',#2700,#2698,#172,.T.);
#3427=EDGE_CURVE('',#2701,#2699,#173,.T.);
#3428=EDGE_CURVE('',#2701,#2702,#1617,.T.);
#3429=EDGE_CURVE('',#2702,#2700,#174,.T.);
#3430=EDGE_CURVE('',#2703,#2701,#175,.T.);
#3431=EDGE_CURVE('',#2703,#2704,#1618,.T.);
#3432=EDGE_CURVE('',#2704,#2702,#176,.T.);
#3433=EDGE_CURVE('',#2705,#2703,#177,.T.);
#3434=EDGE_CURVE('',#2705,#2706,#1619,.T.);
#3435=EDGE_CURVE('',#2706,#2704,#178,.T.);
#3436=EDGE_CURVE('',#2707,#2705,#179,.T.);
#3437=EDGE_CURVE('',#2707,#2708,#1620,.T.);
#3438=EDGE_CURVE('',#2708,#2706,#180,.T.);
#3439=EDGE_CURVE('',#2709,#2707,#181,.T.);
#3440=EDGE_CURVE('',#2709,#2710,#1621,.T.);
#3441=EDGE_CURVE('',#2710,#2708,#182,.T.);
#3442=EDGE_CURVE('',#2711,#2709,#1622,.T.);
#3443=EDGE_CURVE('',#2711,#2712,#1623,.T.);
#3444=EDGE_CURVE('',#2712,#2710,#1624,.T.);
#3445=EDGE_CURVE('',#2684,#2711,#183,.T.);
#3446=EDGE_CURVE('',#2686,#2712,#184,.T.);
#3447=EDGE_CURVE('',#2713,#2714,#185,.T.);
#3448=EDGE_CURVE('',#2713,#2715,#1625,.T.);
#3449=EDGE_CURVE('',#2715,#2716,#186,.T.);
#3450=EDGE_CURVE('',#2714,#2716,#1626,.T.);
#3451=EDGE_CURVE('',#2717,#2713,#187,.T.);
#3452=EDGE_CURVE('',#2717,#2718,#1627,.T.);
#3453=EDGE_CURVE('',#2718,#2715,#188,.T.);
#3454=EDGE_CURVE('',#2719,#2717,#189,.T.);
#3455=EDGE_CURVE('',#2719,#2720,#1628,.T.);
#3456=EDGE_CURVE('',#2720,#2718,#190,.T.);
#3457=EDGE_CURVE('',#2721,#2719,#191,.T.);
#3458=EDGE_CURVE('',#2721,#2722,#1629,.T.);
#3459=EDGE_CURVE('',#2722,#2720,#192,.T.);
#3460=EDGE_CURVE('',#2723,#2721,#193,.T.);
#3461=EDGE_CURVE('',#2723,#2724,#1630,.T.);
#3462=EDGE_CURVE('',#2724,#2722,#194,.T.);
#3463=EDGE_CURVE('',#2725,#2723,#195,.T.);
#3464=EDGE_CURVE('',#2725,#2726,#1631,.T.);
#3465=EDGE_CURVE('',#2726,#2724,#196,.T.);
#3466=EDGE_CURVE('',#2727,#2725,#197,.T.);
#3467=EDGE_CURVE('',#2727,#2728,#1632,.T.);
#3468=EDGE_CURVE('',#2728,#2726,#198,.T.);
#3469=EDGE_CURVE('',#2729,#2727,#199,.T.);
#3470=EDGE_CURVE('',#2729,#2730,#1633,.T.);
#3471=EDGE_CURVE('',#2730,#2728,#200,.T.);
#3472=EDGE_CURVE('',#2731,#2729,#201,.T.);
#3473=EDGE_CURVE('',#2731,#2732,#1634,.T.);
#3474=EDGE_CURVE('',#2732,#2730,#202,.T.);
#3475=EDGE_CURVE('',#2714,#2731,#1635,.T.);
#3476=EDGE_CURVE('',#2716,#2732,#1636,.T.);
#3477=EDGE_CURVE('',#2733,#2734,#1637,.T.);
#3478=EDGE_CURVE('',#2733,#2735,#1638,.T.);
#3479=EDGE_CURVE('',#2735,#2736,#1639,.T.);
#3480=EDGE_CURVE('',#2734,#2736,#1640,.T.);
#3481=EDGE_CURVE('',#2737,#2733,#203,.T.);
#3482=EDGE_CURVE('',#2737,#2738,#1641,.T.);
#3483=EDGE_CURVE('',#2738,#2735,#204,.T.);
#3484=EDGE_CURVE('',#2739,#2737,#205,.T.);
#3485=EDGE_CURVE('',#2739,#2740,#1642,.T.);
#3486=EDGE_CURVE('',#2740,#2738,#206,.T.);
#3487=EDGE_CURVE('',#2741,#2739,#1643,.T.);
#3488=EDGE_CURVE('',#2741,#2742,#1644,.T.);
#3489=EDGE_CURVE('',#2742,#2740,#1645,.T.);
#3490=EDGE_CURVE('',#2743,#2741,#207,.T.);
#3491=EDGE_CURVE('',#2743,#2744,#1646,.T.);
#3492=EDGE_CURVE('',#2744,#2742,#208,.T.);
#3493=EDGE_CURVE('',#2745,#2743,#209,.T.);
#3494=EDGE_CURVE('',#2745,#2746,#1647,.T.);
#3495=EDGE_CURVE('',#2746,#2744,#210,.T.);
#3496=EDGE_CURVE('',#2747,#2745,#211,.T.);
#3497=EDGE_CURVE('',#2747,#2748,#1648,.T.);
#3498=EDGE_CURVE('',#2748,#2746,#212,.T.);
#3499=EDGE_CURVE('',#2749,#2747,#213,.T.);
#3500=EDGE_CURVE('',#2749,#2750,#1649,.T.);
#3501=EDGE_CURVE('',#2750,#2748,#214,.T.);
#3502=EDGE_CURVE('',#2751,#2749,#215,.T.);
#3503=EDGE_CURVE('',#2751,#2752,#1650,.T.);
#3504=EDGE_CURVE('',#2752,#2750,#216,.T.);
#3505=EDGE_CURVE('',#2753,#2751,#217,.T.);
#3506=EDGE_CURVE('',#2753,#2754,#1651,.T.);
#3507=EDGE_CURVE('',#2754,#2752,#218,.T.);
#3508=EDGE_CURVE('',#2755,#2753,#219,.T.);
#3509=EDGE_CURVE('',#2755,#2756,#1652,.T.);
#3510=EDGE_CURVE('',#2756,#2754,#220,.T.);
#3511=EDGE_CURVE('',#2757,#2755,#1653,.T.);
#3512=EDGE_CURVE('',#2757,#2758,#1654,.T.);
#3513=EDGE_CURVE('',#2758,#2756,#1655,.T.);
#3514=EDGE_CURVE('',#2759,#2757,#221,.T.);
#3515=EDGE_CURVE('',#2759,#2760,#1656,.T.);
#3516=EDGE_CURVE('',#2760,#2758,#222,.T.);
#3517=EDGE_CURVE('',#2761,#2759,#223,.T.);
#3518=EDGE_CURVE('',#2761,#2762,#1657,.T.);
#3519=EDGE_CURVE('',#2762,#2760,#224,.T.);
#3520=EDGE_CURVE('',#2763,#2761,#225,.T.);
#3521=EDGE_CURVE('',#2763,#2764,#1658,.T.);
#3522=EDGE_CURVE('',#2764,#2762,#226,.T.);
#3523=EDGE_CURVE('',#2765,#2763,#227,.T.);
#3524=EDGE_CURVE('',#2765,#2766,#1659,.T.);
#3525=EDGE_CURVE('',#2766,#2764,#228,.T.);
#3526=EDGE_CURVE('',#2767,#2765,#229,.T.);
#3527=EDGE_CURVE('',#2767,#2768,#1660,.T.);
#3528=EDGE_CURVE('',#2768,#2766,#230,.T.);
#3529=EDGE_CURVE('',#2769,#2767,#231,.T.);
#3530=EDGE_CURVE('',#2769,#2770,#1661,.T.);
#3531=EDGE_CURVE('',#2770,#2768,#232,.T.);
#3532=EDGE_CURVE('',#2771,#2769,#233,.T.);
#3533=EDGE_CURVE('',#2771,#2772,#1662,.T.);
#3534=EDGE_CURVE('',#2772,#2770,#234,.T.);
#3535=EDGE_CURVE('',#2773,#2771,#235,.T.);
#3536=EDGE_CURVE('',#2773,#2774,#1663,.T.);
#3537=EDGE_CURVE('',#2774,#2772,#236,.T.);
#3538=EDGE_CURVE('',#2775,#2773,#237,.T.);
#3539=EDGE_CURVE('',#2775,#2776,#1664,.T.);
#3540=EDGE_CURVE('',#2776,#2774,#238,.T.);
#3541=EDGE_CURVE('',#2777,#2775,#239,.T.);
#3542=EDGE_CURVE('',#2777,#2778,#1665,.T.);
#3543=EDGE_CURVE('',#2778,#2776,#240,.T.);
#3544=EDGE_CURVE('',#2779,#2777,#241,.T.);
#3545=EDGE_CURVE('',#2779,#2780,#1666,.T.);
#3546=EDGE_CURVE('',#2780,#2778,#242,.T.);
#3547=EDGE_CURVE('',#2781,#2779,#243,.T.);
#3548=EDGE_CURVE('',#2781,#2782,#1667,.T.);
#3549=EDGE_CURVE('',#2782,#2780,#244,.T.);
#3550=EDGE_CURVE('',#2783,#2781,#245,.T.);
#3551=EDGE_CURVE('',#2783,#2784,#1668,.T.);
#3552=EDGE_CURVE('',#2784,#2782,#246,.T.);
#3553=EDGE_CURVE('',#2785,#2783,#247,.T.);
#3554=EDGE_CURVE('',#2785,#2786,#1669,.T.);
#3555=EDGE_CURVE('',#2786,#2784,#248,.T.);
#3556=EDGE_CURVE('',#2734,#2785,#249,.T.);
#3557=EDGE_CURVE('',#2736,#2786,#250,.T.);
#3558=EDGE_CURVE('',#2787,#2788,#251,.T.);
#3559=EDGE_CURVE('',#2787,#2789,#1670,.T.);
#3560=EDGE_CURVE('',#2789,#2790,#252,.T.);
#3561=EDGE_CURVE('',#2788,#2790,#1671,.T.);
#3562=EDGE_CURVE('',#2791,#2787,#253,.T.);
#3563=EDGE_CURVE('',#2791,#2792,#1672,.T.);
#3564=EDGE_CURVE('',#2792,#2789,#254,.T.);
#3565=EDGE_CURVE('',#2793,#2791,#255,.T.);
#3566=EDGE_CURVE('',#2793,#2794,#1673,.T.);
#3567=EDGE_CURVE('',#2794,#2792,#256,.T.);
#3568=EDGE_CURVE('',#2795,#2793,#257,.T.);
#3569=EDGE_CURVE('',#2795,#2796,#1674,.T.);
#3570=EDGE_CURVE('',#2796,#2794,#258,.T.);
#3571=EDGE_CURVE('',#2797,#2795,#259,.T.);
#3572=EDGE_CURVE('',#2797,#2798,#1675,.T.);
#3573=EDGE_CURVE('',#2798,#2796,#260,.T.);
#3574=EDGE_CURVE('',#2799,#2797,#261,.T.);
#3575=EDGE_CURVE('',#2799,#2800,#1676,.T.);
#3576=EDGE_CURVE('',#2800,#2798,#262,.T.);
#3577=EDGE_CURVE('',#2801,#2799,#263,.T.);
#3578=EDGE_CURVE('',#2801,#2802,#1677,.T.);
#3579=EDGE_CURVE('',#2802,#2800,#264,.T.);
#3580=EDGE_CURVE('',#2788,#2801,#265,.T.);
#3581=EDGE_CURVE('',#2790,#2802,#266,.T.);
#3582=EDGE_CURVE('',#2803,#2804,#267,.T.);
#3583=EDGE_CURVE('',#2803,#2805,#1678,.T.);
#3584=EDGE_CURVE('',#2805,#2806,#268,.T.);
#3585=EDGE_CURVE('',#2804,#2806,#1679,.T.);
#3586=EDGE_CURVE('',#2807,#2803,#269,.T.);
#3587=EDGE_CURVE('',#2807,#2808,#1680,.T.);
#3588=EDGE_CURVE('',#2808,#2805,#270,.T.);
#3589=EDGE_CURVE('',#2809,#2807,#271,.T.);
#3590=EDGE_CURVE('',#2809,#2810,#1681,.T.);
#3591=EDGE_CURVE('',#2810,#2808,#272,.T.);
#3592=EDGE_CURVE('',#2811,#2809,#273,.T.);
#3593=EDGE_CURVE('',#2811,#2812,#1682,.T.);
#3594=EDGE_CURVE('',#2812,#2810,#274,.T.);
#3595=EDGE_CURVE('',#2813,#2811,#275,.T.);
#3596=EDGE_CURVE('',#2813,#2814,#1683,.T.);
#3597=EDGE_CURVE('',#2814,#2812,#276,.T.);
#3598=EDGE_CURVE('',#2815,#2813,#277,.T.);
#3599=EDGE_CURVE('',#2815,#2816,#1684,.T.);
#3600=EDGE_CURVE('',#2816,#2814,#278,.T.);
#3601=EDGE_CURVE('',#2817,#2815,#279,.T.);
#3602=EDGE_CURVE('',#2817,#2818,#1685,.T.);
#3603=EDGE_CURVE('',#2818,#2816,#280,.T.);
#3604=EDGE_CURVE('',#2819,#2817,#281,.T.);
#3605=EDGE_CURVE('',#2819,#2820,#1686,.T.);
#3606=EDGE_CURVE('',#2820,#2818,#282,.T.);
#3607=EDGE_CURVE('',#2821,#2819,#1687,.T.);
#3608=EDGE_CURVE('',#2821,#2822,#1688,.T.);
#3609=EDGE_CURVE('',#2822,#2820,#1689,.T.);
#3610=EDGE_CURVE('',#2823,#2821,#1690,.T.);
#3611=EDGE_CURVE('',#2823,#2824,#1691,.T.);
#3612=EDGE_CURVE('',#2824,#2822,#1692,.T.);
#3613=EDGE_CURVE('',#2825,#2823,#1693,.T.);
#3614=EDGE_CURVE('',#2825,#2826,#1694,.T.);
#3615=EDGE_CURVE('',#2826,#2824,#1695,.T.);
#3616=EDGE_CURVE('',#2827,#2825,#1696,.T.);
#3617=EDGE_CURVE('',#2827,#2828,#1697,.T.);
#3618=EDGE_CURVE('',#2828,#2826,#1698,.T.);
#3619=EDGE_CURVE('',#2804,#2827,#1699,.T.);
#3620=EDGE_CURVE('',#2806,#2828,#1700,.T.);
#3621=EDGE_CURVE('',#2829,#2830,#1701,.T.);
#3622=EDGE_CURVE('',#2829,#2831,#1702,.T.);
#3623=EDGE_CURVE('',#2831,#2832,#1703,.T.);
#3624=EDGE_CURVE('',#2830,#2832,#1704,.T.);
#3625=EDGE_CURVE('',#2833,#2829,#283,.T.);
#3626=EDGE_CURVE('',#2833,#2834,#1705,.T.);
#3627=EDGE_CURVE('',#2834,#2831,#284,.T.);
#3628=EDGE_CURVE('',#2835,#2833,#285,.T.);
#3629=EDGE_CURVE('',#2835,#2836,#1706,.T.);
#3630=EDGE_CURVE('',#2836,#2834,#286,.T.);
#3631=EDGE_CURVE('',#2837,#2835,#287,.T.);
#3632=EDGE_CURVE('',#2837,#2838,#1707,.T.);
#3633=EDGE_CURVE('',#2838,#2836,#288,.T.);
#3634=EDGE_CURVE('',#2839,#2837,#289,.T.);
#3635=EDGE_CURVE('',#2839,#2840,#1708,.T.);
#3636=EDGE_CURVE('',#2840,#2838,#290,.T.);
#3637=EDGE_CURVE('',#2841,#2839,#291,.T.);
#3638=EDGE_CURVE('',#2841,#2842,#1709,.T.);
#3639=EDGE_CURVE('',#2842,#2840,#292,.T.);
#3640=EDGE_CURVE('',#2843,#2841,#1710,.T.);
#3641=EDGE_CURVE('',#2843,#2844,#1711,.T.);
#3642=EDGE_CURVE('',#2844,#2842,#1712,.T.);
#3643=EDGE_CURVE('',#2845,#2843,#1713,.T.);
#3644=EDGE_CURVE('',#2845,#2846,#1714,.T.);
#3645=EDGE_CURVE('',#2846,#2844,#1715,.T.);
#3646=EDGE_CURVE('',#2847,#2845,#1716,.T.);
#3647=EDGE_CURVE('',#2847,#2848,#1717,.T.);
#3648=EDGE_CURVE('',#2848,#2846,#1718,.T.);
#3649=EDGE_CURVE('',#2849,#2847,#293,.T.);
#3650=EDGE_CURVE('',#2849,#2850,#1719,.T.);
#3651=EDGE_CURVE('',#2850,#2848,#294,.T.);
#3652=EDGE_CURVE('',#2851,#2849,#295,.T.);
#3653=EDGE_CURVE('',#2851,#2852,#1720,.T.);
#3654=EDGE_CURVE('',#2852,#2850,#296,.T.);
#3655=EDGE_CURVE('',#2853,#2851,#297,.T.);
#3656=EDGE_CURVE('',#2853,#2854,#1721,.T.);
#3657=EDGE_CURVE('',#2854,#2852,#298,.T.);
#3658=EDGE_CURVE('',#2855,#2853,#299,.T.);
#3659=EDGE_CURVE('',#2855,#2856,#1722,.T.);
#3660=EDGE_CURVE('',#2856,#2854,#300,.T.);
#3661=EDGE_CURVE('',#2857,#2855,#301,.T.);
#3662=EDGE_CURVE('',#2857,#2858,#1723,.T.);
#3663=EDGE_CURVE('',#2858,#2856,#302,.T.);
#3664=EDGE_CURVE('',#2859,#2857,#1724,.T.);
#3665=EDGE_CURVE('',#2859,#2860,#1725,.T.);
#3666=EDGE_CURVE('',#2860,#2858,#1726,.T.);
#3667=EDGE_CURVE('',#2861,#2859,#1727,.T.);
#3668=EDGE_CURVE('',#2861,#2862,#1728,.T.);
#3669=EDGE_CURVE('',#2862,#2860,#1729,.T.);
#3670=EDGE_CURVE('',#2863,#2861,#1730,.T.);
#3671=EDGE_CURVE('',#2863,#2864,#1731,.T.);
#3672=EDGE_CURVE('',#2864,#2862,#1732,.T.);
#3673=EDGE_CURVE('',#2830,#2863,#1733,.T.);
#3674=EDGE_CURVE('',#2832,#2864,#1734,.T.);
#3675=EDGE_CURVE('',#2865,#2866,#1735,.T.);
#3676=EDGE_CURVE('',#2865,#2867,#1736,.T.);
#3677=EDGE_CURVE('',#2867,#2868,#1737,.T.);
#3678=EDGE_CURVE('',#2866,#2868,#1738,.T.);
#3679=EDGE_CURVE('',#2869,#2865,#303,.T.);
#3680=EDGE_CURVE('',#2869,#2870,#1739,.T.);
#3681=EDGE_CURVE('',#2870,#2867,#304,.T.);
#3682=EDGE_CURVE('',#2871,#2869,#305,.T.);
#3683=EDGE_CURVE('',#2871,#2872,#1740,.T.);
#3684=EDGE_CURVE('',#2872,#2870,#306,.T.);
#3685=EDGE_CURVE('',#2873,#2871,#307,.T.);
#3686=EDGE_CURVE('',#2873,#2874,#1741,.T.);
#3687=EDGE_CURVE('',#2874,#2872,#308,.T.);
#3688=EDGE_CURVE('',#2875,#2873,#309,.T.);
#3689=EDGE_CURVE('',#2875,#2876,#1742,.T.);
#3690=EDGE_CURVE('',#2876,#2874,#310,.T.);
#3691=EDGE_CURVE('',#2877,#2875,#311,.T.);
#3692=EDGE_CURVE('',#2877,#2878,#1743,.T.);
#3693=EDGE_CURVE('',#2878,#2876,#312,.T.);
#3694=EDGE_CURVE('',#2879,#2877,#1744,.T.);
#3695=EDGE_CURVE('',#2879,#2880,#1745,.T.);
#3696=EDGE_CURVE('',#2880,#2878,#1746,.T.);
#3697=EDGE_CURVE('',#2881,#2879,#1747,.T.);
#3698=EDGE_CURVE('',#2881,#2882,#1748,.T.);
#3699=EDGE_CURVE('',#2882,#2880,#1749,.T.);
#3700=EDGE_CURVE('',#2883,#2881,#1750,.T.);
#3701=EDGE_CURVE('',#2883,#2884,#1751,.T.);
#3702=EDGE_CURVE('',#2884,#2882,#1752,.T.);
#3703=EDGE_CURVE('',#2885,#2883,#313,.T.);
#3704=EDGE_CURVE('',#2885,#2886,#1753,.T.);
#3705=EDGE_CURVE('',#2886,#2884,#314,.T.);
#3706=EDGE_CURVE('',#2887,#2885,#315,.T.);
#3707=EDGE_CURVE('',#2887,#2888,#1754,.T.);
#3708=EDGE_CURVE('',#2888,#2886,#316,.T.);
#3709=EDGE_CURVE('',#2889,#2887,#317,.T.);
#3710=EDGE_CURVE('',#2889,#2890,#1755,.T.);
#3711=EDGE_CURVE('',#2890,#2888,#318,.T.);
#3712=EDGE_CURVE('',#2891,#2889,#319,.T.);
#3713=EDGE_CURVE('',#2891,#2892,#1756,.T.);
#3714=EDGE_CURVE('',#2892,#2890,#320,.T.);
#3715=EDGE_CURVE('',#2893,#2891,#321,.T.);
#3716=EDGE_CURVE('',#2893,#2894,#1757,.T.);
#3717=EDGE_CURVE('',#2894,#2892,#322,.T.);
#3718=EDGE_CURVE('',#2895,#2893,#1758,.T.);
#3719=EDGE_CURVE('',#2895,#2896,#1759,.T.);
#3720=EDGE_CURVE('',#2896,#2894,#1760,.T.);
#3721=EDGE_CURVE('',#2897,#2895,#1761,.T.);
#3722=EDGE_CURVE('',#2897,#2898,#1762,.T.);
#3723=EDGE_CURVE('',#2898,#2896,#1763,.T.);
#3724=EDGE_CURVE('',#2899,#2897,#1764,.T.);
#3725=EDGE_CURVE('',#2899,#2900,#1765,.T.);
#3726=EDGE_CURVE('',#2900,#2898,#1766,.T.);
#3727=EDGE_CURVE('',#2901,#2899,#323,.T.);
#3728=EDGE_CURVE('',#2901,#2902,#1767,.T.);
#3729=EDGE_CURVE('',#2902,#2900,#324,.T.);
#3730=EDGE_CURVE('',#2903,#2901,#325,.T.);
#3731=EDGE_CURVE('',#2903,#2904,#1768,.T.);
#3732=EDGE_CURVE('',#2904,#2902,#326,.T.);
#3733=EDGE_CURVE('',#2905,#2903,#327,.T.);
#3734=EDGE_CURVE('',#2905,#2906,#1769,.T.);
#3735=EDGE_CURVE('',#2906,#2904,#328,.T.);
#3736=EDGE_CURVE('',#2907,#2905,#329,.T.);
#3737=EDGE_CURVE('',#2907,#2908,#1770,.T.);
#3738=EDGE_CURVE('',#2908,#2906,#330,.T.);
#3739=EDGE_CURVE('',#2909,#2907,#331,.T.);
#3740=EDGE_CURVE('',#2909,#2910,#1771,.T.);
#3741=EDGE_CURVE('',#2910,#2908,#332,.T.);
#3742=EDGE_CURVE('',#2911,#2909,#333,.T.);
#3743=EDGE_CURVE('',#2911,#2912,#1772,.T.);
#3744=EDGE_CURVE('',#2912,#2910,#334,.T.);
#3745=EDGE_CURVE('',#2913,#2911,#335,.T.);
#3746=EDGE_CURVE('',#2913,#2914,#1773,.T.);
#3747=EDGE_CURVE('',#2914,#2912,#336,.T.);
#3748=EDGE_CURVE('',#2915,#2913,#1774,.T.);
#3749=EDGE_CURVE('',#2915,#2916,#1775,.T.);
#3750=EDGE_CURVE('',#2916,#2914,#1776,.T.);
#3751=EDGE_CURVE('',#2917,#2915,#1777,.T.);
#3752=EDGE_CURVE('',#2917,#2918,#1778,.T.);
#3753=EDGE_CURVE('',#2918,#2916,#1779,.T.);
#3754=EDGE_CURVE('',#2919,#2917,#1780,.T.);
#3755=EDGE_CURVE('',#2919,#2920,#1781,.T.);
#3756=EDGE_CURVE('',#2920,#2918,#1782,.T.);
#3757=EDGE_CURVE('',#2866,#2919,#1783,.T.);
#3758=EDGE_CURVE('',#2868,#2920,#1784,.T.);
#3759=EDGE_CURVE('',#2921,#2922,#337,.T.);
#3760=EDGE_CURVE('',#2921,#2923,#1785,.T.);
#3761=EDGE_CURVE('',#2923,#2924,#338,.T.);
#3762=EDGE_CURVE('',#2922,#2924,#1786,.T.);
#3763=EDGE_CURVE('',#2925,#2921,#339,.T.);
#3764=EDGE_CURVE('',#2925,#2926,#1787,.T.);
#3765=EDGE_CURVE('',#2926,#2923,#340,.T.);
#3766=EDGE_CURVE('',#2927,#2925,#341,.T.);
#3767=EDGE_CURVE('',#2927,#2928,#1788,.T.);
#3768=EDGE_CURVE('',#2928,#2926,#342,.T.);
#3769=EDGE_CURVE('',#2929,#2927,#343,.T.);
#3770=EDGE_CURVE('',#2929,#2930,#1789,.T.);
#3771=EDGE_CURVE('',#2930,#2928,#344,.T.);
#3772=EDGE_CURVE('',#2931,#2929,#345,.T.);
#3773=EDGE_CURVE('',#2931,#2932,#1790,.T.);
#3774=EDGE_CURVE('',#2932,#2930,#346,.T.);
#3775=EDGE_CURVE('',#2933,#2931,#347,.T.);
#3776=EDGE_CURVE('',#2933,#2934,#1791,.T.);
#3777=EDGE_CURVE('',#2934,#2932,#348,.T.);
#3778=EDGE_CURVE('',#2935,#2933,#349,.T.);
#3779=EDGE_CURVE('',#2935,#2936,#1792,.T.);
#3780=EDGE_CURVE('',#2936,#2934,#350,.T.);
#3781=EDGE_CURVE('',#2922,#2935,#351,.T.);
#3782=EDGE_CURVE('',#2924,#2936,#352,.T.);
#3783=EDGE_CURVE('',#2937,#2938,#1793,.T.);
#3784=EDGE_CURVE('',#2937,#2939,#1794,.T.);
#3785=EDGE_CURVE('',#2939,#2940,#1795,.T.);
#3786=EDGE_CURVE('',#2938,#2940,#1796,.T.);
#3787=EDGE_CURVE('',#2941,#2937,#1797,.T.);
#3788=EDGE_CURVE('',#2941,#2942,#1798,.T.);
#3789=EDGE_CURVE('',#2942,#2939,#1799,.T.);
#3790=EDGE_CURVE('',#2943,#2941,#1800,.T.);
#3791=EDGE_CURVE('',#2943,#2944,#1801,.T.);
#3792=EDGE_CURVE('',#2944,#2942,#1802,.T.);
#3793=EDGE_CURVE('',#2945,#2943,#353,.T.);
#3794=EDGE_CURVE('',#2945,#2946,#1803,.T.);
#3795=EDGE_CURVE('',#2946,#2944,#354,.T.);
#3796=EDGE_CURVE('',#2947,#2945,#355,.T.);
#3797=EDGE_CURVE('',#2947,#2948,#1804,.T.);
#3798=EDGE_CURVE('',#2948,#2946,#356,.T.);
#3799=EDGE_CURVE('',#2949,#2947,#357,.T.);
#3800=EDGE_CURVE('',#2949,#2950,#1805,.T.);
#3801=EDGE_CURVE('',#2950,#2948,#358,.T.);
#3802=EDGE_CURVE('',#2951,#2949,#359,.T.);
#3803=EDGE_CURVE('',#2951,#2952,#1806,.T.);
#3804=EDGE_CURVE('',#2952,#2950,#360,.T.);
#3805=EDGE_CURVE('',#2953,#2951,#361,.T.);
#3806=EDGE_CURVE('',#2953,#2954,#1807,.T.);
#3807=EDGE_CURVE('',#2954,#2952,#362,.T.);
#3808=EDGE_CURVE('',#2955,#2953,#363,.T.);
#3809=EDGE_CURVE('',#2955,#2956,#1808,.T.);
#3810=EDGE_CURVE('',#2956,#2954,#364,.T.);
#3811=EDGE_CURVE('',#2957,#2955,#365,.T.);
#3812=EDGE_CURVE('',#2957,#2958,#1809,.T.);
#3813=EDGE_CURVE('',#2958,#2956,#366,.T.);
#3814=EDGE_CURVE('',#2959,#2957,#367,.T.);
#3815=EDGE_CURVE('',#2959,#2960,#1810,.T.);
#3816=EDGE_CURVE('',#2960,#2958,#368,.T.);
#3817=EDGE_CURVE('',#2961,#2959,#369,.T.);
#3818=EDGE_CURVE('',#2961,#2962,#1811,.T.);
#3819=EDGE_CURVE('',#2962,#2960,#370,.T.);
#3820=EDGE_CURVE('',#2963,#2961,#1812,.T.);
#3821=EDGE_CURVE('',#2963,#2964,#1813,.T.);
#3822=EDGE_CURVE('',#2964,#2962,#1814,.T.);
#3823=EDGE_CURVE('',#2938,#2963,#1815,.T.);
#3824=EDGE_CURVE('',#2940,#2964,#1816,.T.);
#3825=EDGE_CURVE('',#2965,#2966,#2405,.T.);
#3826=EDGE_CURVE('',#2965,#2967,#1817,.T.);
#3827=EDGE_CURVE('',#2968,#2967,#2406,.T.);
#3828=EDGE_CURVE('',#2968,#2969,#1818,.T.);
#3829=EDGE_CURVE('',#2970,#2969,#1819,.T.);
#3830=EDGE_CURVE('',#2971,#2970,#1820,.T.);
#3831=EDGE_CURVE('',#2972,#2971,#1821,.T.);
#3832=EDGE_CURVE('',#2972,#2973,#1822,.T.);
#3833=EDGE_CURVE('',#2974,#2973,#2407,.T.);
#3834=EDGE_CURVE('',#2974,#2975,#1823,.T.);
#3835=EDGE_CURVE('',#2976,#2975,#2408,.T.);
#3836=EDGE_CURVE('',#2976,#2966,#1824,.T.);
#3837=EDGE_CURVE('',#2977,#2978,#2409,.T.);
#3838=EDGE_CURVE('',#2979,#2977,#1825,.T.);
#3839=EDGE_CURVE('',#2980,#2979,#2410,.T.);
#3840=EDGE_CURVE('',#2981,#2980,#1826,.T.);
#3841=EDGE_CURVE('',#2982,#2981,#2411,.T.);
#3842=EDGE_CURVE('',#2983,#2982,#1827,.T.);
#3843=EDGE_CURVE('',#2984,#2983,#2412,.T.);
#3844=EDGE_CURVE('',#2978,#2984,#1828,.T.);
#3845=EDGE_CURVE('',#2985,#2985,#2413,.T.);
#3846=EDGE_CURVE('',#2986,#2987,#2414,.T.);
#3847=EDGE_CURVE('',#2988,#2986,#1829,.T.);
#3848=EDGE_CURVE('',#2989,#2988,#2415,.T.);
#3849=EDGE_CURVE('',#2990,#2989,#1830,.T.);
#3850=EDGE_CURVE('',#2991,#2990,#2416,.T.);
#3851=EDGE_CURVE('',#2992,#2991,#1831,.T.);
#3852=EDGE_CURVE('',#2993,#2992,#2417,.T.);
#3853=EDGE_CURVE('',#2987,#2993,#1832,.T.);
#3854=EDGE_CURVE('',#2994,#2995,#2418,.T.);
#3855=EDGE_CURVE('',#2996,#2994,#1833,.T.);
#3856=EDGE_CURVE('',#2997,#2996,#2419,.T.);
#3857=EDGE_CURVE('',#2998,#2997,#1834,.T.);
#3858=EDGE_CURVE('',#2999,#2998,#2420,.T.);
#3859=EDGE_CURVE('',#3000,#2999,#1835,.T.);
#3860=EDGE_CURVE('',#3001,#3000,#2421,.T.);
#3861=EDGE_CURVE('',#2995,#3001,#1836,.T.);
#3862=EDGE_CURVE('',#3002,#3002,#2422,.T.);
#3863=EDGE_CURVE('',#3003,#3003,#2423,.T.);
#3864=EDGE_CURVE('',#3004,#3004,#2424,.T.);
#3865=EDGE_CURVE('',#3005,#3006,#2425,.T.);
#3866=EDGE_CURVE('',#3006,#2965,#1837,.T.);
#3867=EDGE_CURVE('',#2966,#3005,#1838,.T.);
#3868=EDGE_CURVE('',#3007,#3006,#1839,.T.);
#3869=EDGE_CURVE('',#2967,#3007,#1840,.T.);
#3870=EDGE_CURVE('',#3007,#3008,#2426,.T.);
#3871=EDGE_CURVE('',#3008,#2968,#1841,.T.);
#3872=EDGE_CURVE('',#3009,#3010,#2427,.T.);
#3873=EDGE_CURVE('',#3010,#2974,#1842,.T.);
#3874=EDGE_CURVE('',#2973,#3009,#1843,.T.);
#3875=EDGE_CURVE('',#2972,#3011,#1844,.T.);
#3876=EDGE_CURVE('',#3009,#3011,#1845,.T.);
#3877=EDGE_CURVE('',#3012,#3013,#2428,.T.);
#3878=EDGE_CURVE('',#3013,#2976,#1846,.T.);
#3879=EDGE_CURVE('',#2975,#3012,#1847,.T.);
#3880=EDGE_CURVE('',#3005,#3013,#1848,.T.);
#3881=EDGE_CURVE('',#2977,#3014,#1849,.T.);
#3882=EDGE_CURVE('',#3015,#3014,#1850,.T.);
#3883=EDGE_CURVE('',#2979,#3015,#1851,.T.);
#3884=EDGE_CURVE('',#3016,#3015,#2429,.T.);
#3885=EDGE_CURVE('',#2980,#3016,#1852,.T.);
#3886=EDGE_CURVE('',#3017,#3016,#1853,.T.);
#3887=EDGE_CURVE('',#2981,#3017,#1854,.T.);
#3888=EDGE_CURVE('',#3018,#3017,#2430,.T.);
#3889=EDGE_CURVE('',#2982,#3018,#1855,.T.);
#3890=EDGE_CURVE('',#3019,#3018,#1856,.T.);
#3891=EDGE_CURVE('',#2983,#3019,#1857,.T.);
#3892=EDGE_CURVE('',#3020,#3019,#2431,.T.);
#3893=EDGE_CURVE('',#2984,#3020,#1858,.T.);
#3894=EDGE_CURVE('',#3021,#3020,#1859,.T.);
#3895=EDGE_CURVE('',#2978,#3021,#1860,.T.);
#3896=EDGE_CURVE('',#3014,#3021,#2432,.T.);
#3897=EDGE_CURVE('',#3022,#3022,#2433,.T.);
#3898=EDGE_CURVE('',#3022,#2985,#1861,.T.);
#3899=EDGE_CURVE('',#2986,#3023,#1862,.T.);
#3900=EDGE_CURVE('',#3024,#3023,#1863,.T.);
#3901=EDGE_CURVE('',#2988,#3024,#1864,.T.);
#3902=EDGE_CURVE('',#3025,#3024,#2434,.T.);
#3903=EDGE_CURVE('',#2989,#3025,#1865,.T.);
#3904=EDGE_CURVE('',#3026,#3025,#1866,.T.);
#3905=EDGE_CURVE('',#2990,#3026,#1867,.T.);
#3906=EDGE_CURVE('',#3027,#3026,#2435,.T.);
#3907=EDGE_CURVE('',#2991,#3027,#1868,.T.);
#3908=EDGE_CURVE('',#3028,#3027,#1869,.T.);
#3909=EDGE_CURVE('',#2992,#3028,#1870,.T.);
#3910=EDGE_CURVE('',#3029,#3028,#2436,.T.);
#3911=EDGE_CURVE('',#2993,#3029,#1871,.T.);
#3912=EDGE_CURVE('',#3030,#3029,#1872,.T.);
#3913=EDGE_CURVE('',#2987,#3030,#1873,.T.);
#3914=EDGE_CURVE('',#3023,#3030,#2437,.T.);
#3915=EDGE_CURVE('',#2994,#3031,#1874,.T.);
#3916=EDGE_CURVE('',#3032,#3031,#1875,.T.);
#3917=EDGE_CURVE('',#2996,#3032,#1876,.T.);
#3918=EDGE_CURVE('',#3033,#3032,#2438,.T.);
#3919=EDGE_CURVE('',#2997,#3033,#1877,.T.);
#3920=EDGE_CURVE('',#3034,#3033,#1878,.T.);
#3921=EDGE_CURVE('',#2998,#3034,#1879,.T.);
#3922=EDGE_CURVE('',#3035,#3034,#2439,.T.);
#3923=EDGE_CURVE('',#2999,#3035,#1880,.T.);
#3924=EDGE_CURVE('',#3036,#3035,#1881,.T.);
#3925=EDGE_CURVE('',#3000,#3036,#1882,.T.);
#3926=EDGE_CURVE('',#3037,#3036,#2440,.T.);
#3927=EDGE_CURVE('',#3001,#3037,#1883,.T.);
#3928=EDGE_CURVE('',#3038,#3037,#1884,.T.);
#3929=EDGE_CURVE('',#2995,#3038,#1885,.T.);
#3930=EDGE_CURVE('',#3031,#3038,#2441,.T.);
#3931=EDGE_CURVE('',#3039,#3039,#2442,.T.);
#3932=EDGE_CURVE('',#3039,#3002,#1886,.T.);
#3933=EDGE_CURVE('',#3040,#3040,#2443,.T.);
#3934=EDGE_CURVE('',#3040,#3003,#1887,.T.);
#3935=EDGE_CURVE('',#3041,#3041,#2444,.T.);
#3936=EDGE_CURVE('',#3041,#3004,#1888,.T.);
#3937=EDGE_CURVE('',#3012,#3010,#1889,.T.);
#3938=EDGE_CURVE('',#3042,#3008,#1890,.T.);
#3939=EDGE_CURVE('',#2969,#3042,#1891,.T.);
#3940=EDGE_CURVE('',#3043,#3042,#1892,.T.);
#3941=EDGE_CURVE('',#2970,#3043,#1893,.T.);
#3942=EDGE_CURVE('',#3044,#3043,#1894,.T.);
#3943=EDGE_CURVE('',#2971,#3044,#1895,.T.);
#3944=EDGE_CURVE('',#3011,#3044,#1896,.T.);
#3945=ORIENTED_EDGE('',*,*,#3045,.T.);
#3946=ORIENTED_EDGE('',*,*,#3046,.T.);
#3947=ORIENTED_EDGE('',*,*,#3047,.T.);
#3948=ORIENTED_EDGE('',*,*,#3048,.T.);
#3949=ORIENTED_EDGE('',*,*,#3045,.F.);
#3950=ORIENTED_EDGE('',*,*,#3049,.T.);
#3951=ORIENTED_EDGE('',*,*,#3050,.T.);
#3952=ORIENTED_EDGE('',*,*,#3051,.T.);
#3953=ORIENTED_EDGE('',*,*,#3052,.T.);
#3954=ORIENTED_EDGE('',*,*,#3053,.T.);
#3955=ORIENTED_EDGE('',*,*,#3054,.T.);
#3956=ORIENTED_EDGE('',*,*,#3055,.T.);
#3957=ORIENTED_EDGE('',*,*,#3056,.T.);
#3958=ORIENTED_EDGE('',*,*,#3057,.T.);
#3959=ORIENTED_EDGE('',*,*,#3058,.F.);
#3960=ORIENTED_EDGE('',*,*,#3059,.T.);
#3961=ORIENTED_EDGE('',*,*,#3060,.F.);
#3962=ORIENTED_EDGE('',*,*,#3061,.T.);
#3963=ORIENTED_EDGE('',*,*,#3062,.F.);
#3964=ORIENTED_EDGE('',*,*,#3063,.T.);
#3965=ORIENTED_EDGE('',*,*,#3064,.T.);
#3966=ORIENTED_EDGE('',*,*,#3065,.T.);
#3967=ORIENTED_EDGE('',*,*,#3066,.T.);
#3968=ORIENTED_EDGE('',*,*,#3067,.T.);
#3969=ORIENTED_EDGE('',*,*,#3048,.F.);
#3970=ORIENTED_EDGE('',*,*,#3068,.T.);
#3971=ORIENTED_EDGE('',*,*,#3069,.F.);
#3972=ORIENTED_EDGE('',*,*,#3057,.F.);
#3973=ORIENTED_EDGE('',*,*,#3070,.T.);
#3974=ORIENTED_EDGE('',*,*,#3071,.T.);
#3975=ORIENTED_EDGE('',*,*,#3072,.T.);
#3976=ORIENTED_EDGE('',*,*,#3049,.F.);
#3977=ORIENTED_EDGE('',*,*,#3058,.T.);
#3978=ORIENTED_EDGE('',*,*,#3069,.T.);
#3979=ORIENTED_EDGE('',*,*,#3073,.T.);
#3980=ORIENTED_EDGE('',*,*,#3074,.T.);
#3981=ORIENTED_EDGE('',*,*,#3060,.T.);
#3982=ORIENTED_EDGE('',*,*,#3075,.T.);
#3983=ORIENTED_EDGE('',*,*,#3076,.T.);
#3984=ORIENTED_EDGE('',*,*,#3077,.T.);
#3985=ORIENTED_EDGE('',*,*,#3077,.F.);
#3986=ORIENTED_EDGE('',*,*,#3078,.T.);
#3987=ORIENTED_EDGE('',*,*,#3079,.F.);
#3988=ORIENTED_EDGE('',*,*,#3061,.F.);
#3989=ORIENTED_EDGE('',*,*,#3062,.T.);
#3990=ORIENTED_EDGE('',*,*,#3079,.T.);
#3991=ORIENTED_EDGE('',*,*,#3080,.T.);
#3992=ORIENTED_EDGE('',*,*,#3081,.T.);
#3993=ORIENTED_EDGE('',*,*,#3050,.F.);
#3994=ORIENTED_EDGE('',*,*,#3072,.F.);
#3995=ORIENTED_EDGE('',*,*,#3082,.T.);
#3996=ORIENTED_EDGE('',*,*,#3083,.F.);
#3997=ORIENTED_EDGE('',*,*,#3056,.F.);
#3998=ORIENTED_EDGE('',*,*,#3084,.F.);
#3999=ORIENTED_EDGE('',*,*,#3085,.T.);
#4000=ORIENTED_EDGE('',*,*,#3070,.F.);
#4001=ORIENTED_EDGE('',*,*,#3086,.F.);
#4002=ORIENTED_EDGE('',*,*,#3082,.F.);
#4003=ORIENTED_EDGE('',*,*,#3071,.F.);
#4004=ORIENTED_EDGE('',*,*,#3085,.F.);
#4005=ORIENTED_EDGE('',*,*,#3083,.T.);
#4006=ORIENTED_EDGE('',*,*,#3086,.T.);
#4007=ORIENTED_EDGE('',*,*,#3084,.T.);
#4008=ORIENTED_EDGE('',*,*,#3055,.F.);
#4009=ORIENTED_EDGE('',*,*,#3087,.F.);
#4010=ORIENTED_EDGE('',*,*,#3088,.T.);
#4011=ORIENTED_EDGE('',*,*,#3089,.T.);
#4012=ORIENTED_EDGE('',*,*,#3051,.F.);
#4013=ORIENTED_EDGE('',*,*,#3088,.F.);
#4014=ORIENTED_EDGE('',*,*,#3090,.F.);
#4015=ORIENTED_EDGE('',*,*,#3091,.F.);
#4016=ORIENTED_EDGE('',*,*,#3092,.F.);
#4017=ORIENTED_EDGE('',*,*,#3091,.T.);
#4018=ORIENTED_EDGE('',*,*,#3093,.T.);
#4019=ORIENTED_EDGE('',*,*,#3053,.F.);
#4020=ORIENTED_EDGE('',*,*,#3094,.F.);
#4021=ORIENTED_EDGE('',*,*,#3090,.T.);
#4022=ORIENTED_EDGE('',*,*,#3087,.T.);
#4023=ORIENTED_EDGE('',*,*,#3054,.F.);
#4024=ORIENTED_EDGE('',*,*,#3093,.F.);
#4025=ORIENTED_EDGE('',*,*,#3095,.T.);
#4026=ORIENTED_EDGE('',*,*,#3096,.T.);
#4027=ORIENTED_EDGE('',*,*,#3097,.T.);
#4028=ORIENTED_EDGE('',*,*,#3096,.F.);
#4029=ORIENTED_EDGE('',*,*,#3098,.T.);
#4030=ORIENTED_EDGE('',*,*,#3099,.T.);
#4031=ORIENTED_EDGE('',*,*,#3100,.T.);
#4032=ORIENTED_EDGE('',*,*,#3099,.F.);
#4033=ORIENTED_EDGE('',*,*,#3101,.T.);
#4034=ORIENTED_EDGE('',*,*,#3102,.T.);
#4035=ORIENTED_EDGE('',*,*,#3103,.T.);
#4036=ORIENTED_EDGE('',*,*,#3102,.F.);
#4037=ORIENTED_EDGE('',*,*,#3104,.T.);
#4038=ORIENTED_EDGE('',*,*,#3105,.T.);
#4039=ORIENTED_EDGE('',*,*,#3106,.T.);
#4040=ORIENTED_EDGE('',*,*,#3105,.F.);
#4041=ORIENTED_EDGE('',*,*,#3092,.T.);
#4042=ORIENTED_EDGE('',*,*,#3094,.T.);
#4043=ORIENTED_EDGE('',*,*,#3052,.F.);
#4044=ORIENTED_EDGE('',*,*,#3089,.F.);
#4045=ORIENTED_EDGE('',*,*,#3074,.F.);
#4046=ORIENTED_EDGE('',*,*,#3107,.F.);
#4047=ORIENTED_EDGE('',*,*,#3075,.F.);
#4048=ORIENTED_EDGE('',*,*,#3059,.F.);
#4049=ORIENTED_EDGE('',*,*,#3046,.F.);
#4050=ORIENTED_EDGE('',*,*,#3063,.F.);
#4051=ORIENTED_EDGE('',*,*,#3081,.F.);
#4052=ORIENTED_EDGE('',*,*,#3108,.F.);
#4053=ORIENTED_EDGE('',*,*,#3047,.F.);
#4054=ORIENTED_EDGE('',*,*,#3108,.T.);
#4055=ORIENTED_EDGE('',*,*,#3080,.F.);
#4056=ORIENTED_EDGE('',*,*,#3078,.F.);
#4057=ORIENTED_EDGE('',*,*,#3076,.F.);
#4058=ORIENTED_EDGE('',*,*,#3107,.T.);
#4059=ORIENTED_EDGE('',*,*,#3073,.F.);
#4060=ORIENTED_EDGE('',*,*,#3068,.F.);
#4061=ORIENTED_EDGE('',*,*,#3106,.F.);
#4062=ORIENTED_EDGE('',*,*,#3103,.F.);
#4063=ORIENTED_EDGE('',*,*,#3100,.F.);
#4064=ORIENTED_EDGE('',*,*,#3097,.F.);
#4065=ORIENTED_EDGE('',*,*,#3066,.F.);
#4066=ORIENTED_EDGE('',*,*,#3109,.T.);
#4067=ORIENTED_EDGE('',*,*,#3110,.T.);
#4068=ORIENTED_EDGE('',*,*,#3109,.F.);
#4069=ORIENTED_EDGE('',*,*,#3104,.F.);
#4070=ORIENTED_EDGE('',*,*,#3110,.F.);
#4071=ORIENTED_EDGE('',*,*,#3065,.F.);
#4072=ORIENTED_EDGE('',*,*,#3111,.T.);
#4073=ORIENTED_EDGE('',*,*,#3112,.T.);
#4074=ORIENTED_EDGE('',*,*,#3111,.F.);
#4075=ORIENTED_EDGE('',*,*,#3101,.F.);
#4076=ORIENTED_EDGE('',*,*,#3112,.F.);
#4077=ORIENTED_EDGE('',*,*,#3067,.F.);
#4078=ORIENTED_EDGE('',*,*,#3113,.T.);
#4079=ORIENTED_EDGE('',*,*,#3114,.T.);
#4080=ORIENTED_EDGE('',*,*,#3113,.F.);
#4081=ORIENTED_EDGE('',*,*,#3098,.F.);
#4082=ORIENTED_EDGE('',*,*,#3114,.F.);
#4083=ORIENTED_EDGE('',*,*,#3064,.F.);
#4084=ORIENTED_EDGE('',*,*,#3115,.T.);
#4085=ORIENTED_EDGE('',*,*,#3116,.T.);
#4086=ORIENTED_EDGE('',*,*,#3115,.F.);
#4087=ORIENTED_EDGE('',*,*,#3095,.F.);
#4088=ORIENTED_EDGE('',*,*,#3116,.F.);
#4089=ORIENTED_EDGE('',*,*,#3117,.F.);
#4090=ORIENTED_EDGE('',*,*,#3118,.T.);
#4091=ORIENTED_EDGE('',*,*,#3119,.T.);
#4092=ORIENTED_EDGE('',*,*,#3120,.F.);
#4093=ORIENTED_EDGE('',*,*,#3121,.F.);
#4094=ORIENTED_EDGE('',*,*,#3122,.T.);
#4095=ORIENTED_EDGE('',*,*,#3123,.T.);
#4096=ORIENTED_EDGE('',*,*,#3118,.F.);
#4097=ORIENTED_EDGE('',*,*,#3124,.F.);
#4098=ORIENTED_EDGE('',*,*,#3125,.T.);
#4099=ORIENTED_EDGE('',*,*,#3126,.T.);
#4100=ORIENTED_EDGE('',*,*,#3122,.F.);
#4101=ORIENTED_EDGE('',*,*,#3127,.F.);
#4102=ORIENTED_EDGE('',*,*,#3128,.T.);
#4103=ORIENTED_EDGE('',*,*,#3129,.T.);
#4104=ORIENTED_EDGE('',*,*,#3125,.F.);
#4105=ORIENTED_EDGE('',*,*,#3130,.F.);
#4106=ORIENTED_EDGE('',*,*,#3120,.T.);
#4107=ORIENTED_EDGE('',*,*,#3131,.T.);
#4108=ORIENTED_EDGE('',*,*,#3128,.F.);
#4109=ORIENTED_EDGE('',*,*,#3132,.F.);
#4110=ORIENTED_EDGE('',*,*,#3133,.T.);
#4111=ORIENTED_EDGE('',*,*,#3134,.T.);
#4112=ORIENTED_EDGE('',*,*,#3135,.F.);
#4113=ORIENTED_EDGE('',*,*,#3136,.F.);
#4114=ORIENTED_EDGE('',*,*,#3137,.T.);
#4115=ORIENTED_EDGE('',*,*,#3138,.T.);
#4116=ORIENTED_EDGE('',*,*,#3133,.F.);
#4117=ORIENTED_EDGE('',*,*,#3139,.F.);
#4118=ORIENTED_EDGE('',*,*,#3140,.T.);
#4119=ORIENTED_EDGE('',*,*,#3141,.T.);
#4120=ORIENTED_EDGE('',*,*,#3137,.F.);
#4121=ORIENTED_EDGE('',*,*,#3142,.F.);
#4122=ORIENTED_EDGE('',*,*,#3143,.T.);
#4123=ORIENTED_EDGE('',*,*,#3144,.T.);
#4124=ORIENTED_EDGE('',*,*,#3140,.F.);
#4125=ORIENTED_EDGE('',*,*,#3145,.F.);
#4126=ORIENTED_EDGE('',*,*,#3146,.T.);
#4127=ORIENTED_EDGE('',*,*,#3147,.T.);
#4128=ORIENTED_EDGE('',*,*,#3143,.F.);
#4129=ORIENTED_EDGE('',*,*,#3148,.F.);
#4130=ORIENTED_EDGE('',*,*,#3149,.T.);
#4131=ORIENTED_EDGE('',*,*,#3150,.T.);
#4132=ORIENTED_EDGE('',*,*,#3146,.F.);
#4133=ORIENTED_EDGE('',*,*,#3151,.F.);
#4134=ORIENTED_EDGE('',*,*,#3152,.T.);
#4135=ORIENTED_EDGE('',*,*,#3153,.T.);
#4136=ORIENTED_EDGE('',*,*,#3149,.F.);
#4137=ORIENTED_EDGE('',*,*,#3154,.F.);
#4138=ORIENTED_EDGE('',*,*,#3155,.T.);
#4139=ORIENTED_EDGE('',*,*,#3156,.T.);
#4140=ORIENTED_EDGE('',*,*,#3152,.F.);
#4141=ORIENTED_EDGE('',*,*,#3157,.F.);
#4142=ORIENTED_EDGE('',*,*,#3158,.T.);
#4143=ORIENTED_EDGE('',*,*,#3159,.T.);
#4144=ORIENTED_EDGE('',*,*,#3155,.F.);
#4145=ORIENTED_EDGE('',*,*,#3160,.F.);
#4146=ORIENTED_EDGE('',*,*,#3161,.T.);
#4147=ORIENTED_EDGE('',*,*,#3162,.T.);
#4148=ORIENTED_EDGE('',*,*,#3158,.F.);
#4149=ORIENTED_EDGE('',*,*,#3163,.F.);
#4150=ORIENTED_EDGE('',*,*,#3164,.T.);
#4151=ORIENTED_EDGE('',*,*,#3165,.T.);
#4152=ORIENTED_EDGE('',*,*,#3161,.F.);
#4153=ORIENTED_EDGE('',*,*,#3166,.F.);
#4154=ORIENTED_EDGE('',*,*,#3167,.T.);
#4155=ORIENTED_EDGE('',*,*,#3168,.T.);
#4156=ORIENTED_EDGE('',*,*,#3164,.F.);
#4157=ORIENTED_EDGE('',*,*,#3169,.F.);
#4158=ORIENTED_EDGE('',*,*,#3170,.T.);
#4159=ORIENTED_EDGE('',*,*,#3171,.T.);
#4160=ORIENTED_EDGE('',*,*,#3167,.F.);
#4161=ORIENTED_EDGE('',*,*,#3172,.F.);
#4162=ORIENTED_EDGE('',*,*,#3173,.T.);
#4163=ORIENTED_EDGE('',*,*,#3174,.T.);
#4164=ORIENTED_EDGE('',*,*,#3170,.F.);
#4165=ORIENTED_EDGE('',*,*,#3175,.F.);
#4166=ORIENTED_EDGE('',*,*,#3135,.T.);
#4167=ORIENTED_EDGE('',*,*,#3176,.T.);
#4168=ORIENTED_EDGE('',*,*,#3173,.F.);
#4169=ORIENTED_EDGE('',*,*,#3176,.F.);
#4170=ORIENTED_EDGE('',*,*,#3134,.F.);
#4171=ORIENTED_EDGE('',*,*,#3138,.F.);
#4172=ORIENTED_EDGE('',*,*,#3141,.F.);
#4173=ORIENTED_EDGE('',*,*,#3144,.F.);
#4174=ORIENTED_EDGE('',*,*,#3147,.F.);
#4175=ORIENTED_EDGE('',*,*,#3150,.F.);
#4176=ORIENTED_EDGE('',*,*,#3153,.F.);
#4177=ORIENTED_EDGE('',*,*,#3156,.F.);
#4178=ORIENTED_EDGE('',*,*,#3159,.F.);
#4179=ORIENTED_EDGE('',*,*,#3162,.F.);
#4180=ORIENTED_EDGE('',*,*,#3165,.F.);
#4181=ORIENTED_EDGE('',*,*,#3168,.F.);
#4182=ORIENTED_EDGE('',*,*,#3171,.F.);
#4183=ORIENTED_EDGE('',*,*,#3174,.F.);
#4184=ORIENTED_EDGE('',*,*,#3131,.F.);
#4185=ORIENTED_EDGE('',*,*,#3119,.F.);
#4186=ORIENTED_EDGE('',*,*,#3123,.F.);
#4187=ORIENTED_EDGE('',*,*,#3126,.F.);
#4188=ORIENTED_EDGE('',*,*,#3129,.F.);
#4189=ORIENTED_EDGE('',*,*,#3177,.F.);
#4190=ORIENTED_EDGE('',*,*,#3178,.T.);
#4191=ORIENTED_EDGE('',*,*,#3179,.T.);
#4192=ORIENTED_EDGE('',*,*,#3180,.F.);
#4193=ORIENTED_EDGE('',*,*,#3181,.F.);
#4194=ORIENTED_EDGE('',*,*,#3182,.T.);
#4195=ORIENTED_EDGE('',*,*,#3183,.T.);
#4196=ORIENTED_EDGE('',*,*,#3178,.F.);
#4197=ORIENTED_EDGE('',*,*,#3184,.F.);
#4198=ORIENTED_EDGE('',*,*,#3185,.T.);
#4199=ORIENTED_EDGE('',*,*,#3186,.T.);
#4200=ORIENTED_EDGE('',*,*,#3182,.F.);
#4201=ORIENTED_EDGE('',*,*,#3187,.F.);
#4202=ORIENTED_EDGE('',*,*,#3188,.T.);
#4203=ORIENTED_EDGE('',*,*,#3189,.T.);
#4204=ORIENTED_EDGE('',*,*,#3185,.F.);
#4205=ORIENTED_EDGE('',*,*,#3190,.F.);
#4206=ORIENTED_EDGE('',*,*,#3191,.T.);
#4207=ORIENTED_EDGE('',*,*,#3192,.T.);
#4208=ORIENTED_EDGE('',*,*,#3188,.F.);
#4209=ORIENTED_EDGE('',*,*,#3193,.F.);
#4210=ORIENTED_EDGE('',*,*,#3194,.T.);
#4211=ORIENTED_EDGE('',*,*,#3195,.T.);
#4212=ORIENTED_EDGE('',*,*,#3191,.F.);
#4213=ORIENTED_EDGE('',*,*,#3196,.F.);
#4214=ORIENTED_EDGE('',*,*,#3197,.T.);
#4215=ORIENTED_EDGE('',*,*,#3198,.T.);
#4216=ORIENTED_EDGE('',*,*,#3194,.F.);
#4217=ORIENTED_EDGE('',*,*,#3199,.F.);
#4218=ORIENTED_EDGE('',*,*,#3180,.T.);
#4219=ORIENTED_EDGE('',*,*,#3200,.T.);
#4220=ORIENTED_EDGE('',*,*,#3197,.F.);
#4221=ORIENTED_EDGE('',*,*,#3201,.F.);
#4222=ORIENTED_EDGE('',*,*,#3202,.T.);
#4223=ORIENTED_EDGE('',*,*,#3203,.T.);
#4224=ORIENTED_EDGE('',*,*,#3204,.F.);
#4225=ORIENTED_EDGE('',*,*,#3205,.F.);
#4226=ORIENTED_EDGE('',*,*,#3206,.T.);
#4227=ORIENTED_EDGE('',*,*,#3207,.T.);
#4228=ORIENTED_EDGE('',*,*,#3202,.F.);
#4229=ORIENTED_EDGE('',*,*,#3208,.F.);
#4230=ORIENTED_EDGE('',*,*,#3209,.T.);
#4231=ORIENTED_EDGE('',*,*,#3210,.T.);
#4232=ORIENTED_EDGE('',*,*,#3206,.F.);
#4233=ORIENTED_EDGE('',*,*,#3211,.F.);
#4234=ORIENTED_EDGE('',*,*,#3212,.T.);
#4235=ORIENTED_EDGE('',*,*,#3213,.T.);
#4236=ORIENTED_EDGE('',*,*,#3209,.F.);
#4237=ORIENTED_EDGE('',*,*,#3214,.F.);
#4238=ORIENTED_EDGE('',*,*,#3215,.T.);
#4239=ORIENTED_EDGE('',*,*,#3216,.T.);
#4240=ORIENTED_EDGE('',*,*,#3212,.F.);
#4241=ORIENTED_EDGE('',*,*,#3217,.F.);
#4242=ORIENTED_EDGE('',*,*,#3218,.T.);
#4243=ORIENTED_EDGE('',*,*,#3219,.T.);
#4244=ORIENTED_EDGE('',*,*,#3215,.F.);
#4245=ORIENTED_EDGE('',*,*,#3220,.F.);
#4246=ORIENTED_EDGE('',*,*,#3221,.T.);
#4247=ORIENTED_EDGE('',*,*,#3222,.T.);
#4248=ORIENTED_EDGE('',*,*,#3218,.F.);
#4249=ORIENTED_EDGE('',*,*,#3223,.F.);
#4250=ORIENTED_EDGE('',*,*,#3224,.T.);
#4251=ORIENTED_EDGE('',*,*,#3225,.T.);
#4252=ORIENTED_EDGE('',*,*,#3221,.F.);
#4253=ORIENTED_EDGE('',*,*,#3226,.F.);
#4254=ORIENTED_EDGE('',*,*,#3204,.T.);
#4255=ORIENTED_EDGE('',*,*,#3227,.T.);
#4256=ORIENTED_EDGE('',*,*,#3224,.F.);
#4257=ORIENTED_EDGE('',*,*,#3227,.F.);
#4258=ORIENTED_EDGE('',*,*,#3203,.F.);
#4259=ORIENTED_EDGE('',*,*,#3207,.F.);
#4260=ORIENTED_EDGE('',*,*,#3210,.F.);
#4261=ORIENTED_EDGE('',*,*,#3213,.F.);
#4262=ORIENTED_EDGE('',*,*,#3216,.F.);
#4263=ORIENTED_EDGE('',*,*,#3219,.F.);
#4264=ORIENTED_EDGE('',*,*,#3222,.F.);
#4265=ORIENTED_EDGE('',*,*,#3225,.F.);
#4266=ORIENTED_EDGE('',*,*,#3200,.F.);
#4267=ORIENTED_EDGE('',*,*,#3179,.F.);
#4268=ORIENTED_EDGE('',*,*,#3183,.F.);
#4269=ORIENTED_EDGE('',*,*,#3186,.F.);
#4270=ORIENTED_EDGE('',*,*,#3189,.F.);
#4271=ORIENTED_EDGE('',*,*,#3192,.F.);
#4272=ORIENTED_EDGE('',*,*,#3195,.F.);
#4273=ORIENTED_EDGE('',*,*,#3198,.F.);
#4274=ORIENTED_EDGE('',*,*,#3228,.F.);
#4275=ORIENTED_EDGE('',*,*,#3229,.T.);
#4276=ORIENTED_EDGE('',*,*,#3230,.T.);
#4277=ORIENTED_EDGE('',*,*,#3231,.F.);
#4278=ORIENTED_EDGE('',*,*,#3232,.F.);
#4279=ORIENTED_EDGE('',*,*,#3233,.T.);
#4280=ORIENTED_EDGE('',*,*,#3234,.T.);
#4281=ORIENTED_EDGE('',*,*,#3229,.F.);
#4282=ORIENTED_EDGE('',*,*,#3235,.F.);
#4283=ORIENTED_EDGE('',*,*,#3236,.T.);
#4284=ORIENTED_EDGE('',*,*,#3237,.T.);
#4285=ORIENTED_EDGE('',*,*,#3233,.F.);
#4286=ORIENTED_EDGE('',*,*,#3238,.F.);
#4287=ORIENTED_EDGE('',*,*,#3239,.T.);
#4288=ORIENTED_EDGE('',*,*,#3240,.T.);
#4289=ORIENTED_EDGE('',*,*,#3236,.F.);
#4290=ORIENTED_EDGE('',*,*,#3241,.F.);
#4291=ORIENTED_EDGE('',*,*,#3242,.T.);
#4292=ORIENTED_EDGE('',*,*,#3243,.T.);
#4293=ORIENTED_EDGE('',*,*,#3239,.F.);
#4294=ORIENTED_EDGE('',*,*,#3244,.F.);
#4295=ORIENTED_EDGE('',*,*,#3245,.T.);
#4296=ORIENTED_EDGE('',*,*,#3246,.T.);
#4297=ORIENTED_EDGE('',*,*,#3242,.F.);
#4298=ORIENTED_EDGE('',*,*,#3247,.F.);
#4299=ORIENTED_EDGE('',*,*,#3248,.T.);
#4300=ORIENTED_EDGE('',*,*,#3249,.T.);
#4301=ORIENTED_EDGE('',*,*,#3245,.F.);
#4302=ORIENTED_EDGE('',*,*,#3250,.F.);
#4303=ORIENTED_EDGE('',*,*,#3251,.T.);
#4304=ORIENTED_EDGE('',*,*,#3252,.T.);
#4305=ORIENTED_EDGE('',*,*,#3248,.F.);
#4306=ORIENTED_EDGE('',*,*,#3253,.F.);
#4307=ORIENTED_EDGE('',*,*,#3254,.T.);
#4308=ORIENTED_EDGE('',*,*,#3255,.T.);
#4309=ORIENTED_EDGE('',*,*,#3251,.F.);
#4310=ORIENTED_EDGE('',*,*,#3256,.F.);
#4311=ORIENTED_EDGE('',*,*,#3257,.T.);
#4312=ORIENTED_EDGE('',*,*,#3258,.T.);
#4313=ORIENTED_EDGE('',*,*,#3254,.F.);
#4314=ORIENTED_EDGE('',*,*,#3259,.F.);
#4315=ORIENTED_EDGE('',*,*,#3260,.T.);
#4316=ORIENTED_EDGE('',*,*,#3261,.T.);
#4317=ORIENTED_EDGE('',*,*,#3257,.F.);
#4318=ORIENTED_EDGE('',*,*,#3262,.F.);
#4319=ORIENTED_EDGE('',*,*,#3263,.T.);
#4320=ORIENTED_EDGE('',*,*,#3264,.T.);
#4321=ORIENTED_EDGE('',*,*,#3260,.F.);
#4322=ORIENTED_EDGE('',*,*,#3265,.F.);
#4323=ORIENTED_EDGE('',*,*,#3231,.T.);
#4324=ORIENTED_EDGE('',*,*,#3266,.T.);
#4325=ORIENTED_EDGE('',*,*,#3263,.F.);
#4326=ORIENTED_EDGE('',*,*,#3266,.F.);
#4327=ORIENTED_EDGE('',*,*,#3230,.F.);
#4328=ORIENTED_EDGE('',*,*,#3234,.F.);
#4329=ORIENTED_EDGE('',*,*,#3237,.F.);
#4330=ORIENTED_EDGE('',*,*,#3240,.F.);
#4331=ORIENTED_EDGE('',*,*,#3243,.F.);
#4332=ORIENTED_EDGE('',*,*,#3246,.F.);
#4333=ORIENTED_EDGE('',*,*,#3249,.F.);
#4334=ORIENTED_EDGE('',*,*,#3252,.F.);
#4335=ORIENTED_EDGE('',*,*,#3255,.F.);
#4336=ORIENTED_EDGE('',*,*,#3258,.F.);
#4337=ORIENTED_EDGE('',*,*,#3261,.F.);
#4338=ORIENTED_EDGE('',*,*,#3264,.F.);
#4339=ORIENTED_EDGE('',*,*,#3267,.F.);
#4340=ORIENTED_EDGE('',*,*,#3268,.T.);
#4341=ORIENTED_EDGE('',*,*,#3269,.T.);
#4342=ORIENTED_EDGE('',*,*,#3270,.F.);
#4343=ORIENTED_EDGE('',*,*,#3271,.F.);
#4344=ORIENTED_EDGE('',*,*,#3272,.T.);
#4345=ORIENTED_EDGE('',*,*,#3273,.T.);
#4346=ORIENTED_EDGE('',*,*,#3268,.F.);
#4347=ORIENTED_EDGE('',*,*,#3274,.F.);
#4348=ORIENTED_EDGE('',*,*,#3275,.T.);
#4349=ORIENTED_EDGE('',*,*,#3276,.T.);
#4350=ORIENTED_EDGE('',*,*,#3272,.F.);
#4351=ORIENTED_EDGE('',*,*,#3277,.F.);
#4352=ORIENTED_EDGE('',*,*,#3278,.T.);
#4353=ORIENTED_EDGE('',*,*,#3279,.T.);
#4354=ORIENTED_EDGE('',*,*,#3275,.F.);
#4355=ORIENTED_EDGE('',*,*,#3280,.F.);
#4356=ORIENTED_EDGE('',*,*,#3270,.T.);
#4357=ORIENTED_EDGE('',*,*,#3281,.T.);
#4358=ORIENTED_EDGE('',*,*,#3278,.F.);
#4359=ORIENTED_EDGE('',*,*,#3282,.F.);
#4360=ORIENTED_EDGE('',*,*,#3283,.T.);
#4361=ORIENTED_EDGE('',*,*,#3284,.T.);
#4362=ORIENTED_EDGE('',*,*,#3285,.F.);
#4363=ORIENTED_EDGE('',*,*,#3286,.F.);
#4364=ORIENTED_EDGE('',*,*,#3287,.T.);
#4365=ORIENTED_EDGE('',*,*,#3288,.T.);
#4366=ORIENTED_EDGE('',*,*,#3283,.F.);
#4367=ORIENTED_EDGE('',*,*,#3289,.F.);
#4368=ORIENTED_EDGE('',*,*,#3290,.T.);
#4369=ORIENTED_EDGE('',*,*,#3291,.T.);
#4370=ORIENTED_EDGE('',*,*,#3287,.F.);
#4371=ORIENTED_EDGE('',*,*,#3292,.F.);
#4372=ORIENTED_EDGE('',*,*,#3293,.T.);
#4373=ORIENTED_EDGE('',*,*,#3294,.T.);
#4374=ORIENTED_EDGE('',*,*,#3290,.F.);
#4375=ORIENTED_EDGE('',*,*,#3295,.F.);
#4376=ORIENTED_EDGE('',*,*,#3296,.T.);
#4377=ORIENTED_EDGE('',*,*,#3297,.T.);
#4378=ORIENTED_EDGE('',*,*,#3293,.F.);
#4379=ORIENTED_EDGE('',*,*,#3298,.F.);
#4380=ORIENTED_EDGE('',*,*,#3299,.T.);
#4381=ORIENTED_EDGE('',*,*,#3300,.T.);
#4382=ORIENTED_EDGE('',*,*,#3296,.F.);
#4383=ORIENTED_EDGE('',*,*,#3301,.F.);
#4384=ORIENTED_EDGE('',*,*,#3302,.T.);
#4385=ORIENTED_EDGE('',*,*,#3303,.T.);
#4386=ORIENTED_EDGE('',*,*,#3299,.F.);
#4387=ORIENTED_EDGE('',*,*,#3304,.F.);
#4388=ORIENTED_EDGE('',*,*,#3305,.T.);
#4389=ORIENTED_EDGE('',*,*,#3306,.T.);
#4390=ORIENTED_EDGE('',*,*,#3302,.F.);
#4391=ORIENTED_EDGE('',*,*,#3307,.F.);
#4392=ORIENTED_EDGE('',*,*,#3308,.T.);
#4393=ORIENTED_EDGE('',*,*,#3309,.T.);
#4394=ORIENTED_EDGE('',*,*,#3305,.F.);
#4395=ORIENTED_EDGE('',*,*,#3310,.F.);
#4396=ORIENTED_EDGE('',*,*,#3311,.T.);
#4397=ORIENTED_EDGE('',*,*,#3312,.T.);
#4398=ORIENTED_EDGE('',*,*,#3308,.F.);
#4399=ORIENTED_EDGE('',*,*,#3313,.F.);
#4400=ORIENTED_EDGE('',*,*,#3314,.T.);
#4401=ORIENTED_EDGE('',*,*,#3315,.T.);
#4402=ORIENTED_EDGE('',*,*,#3311,.F.);
#4403=ORIENTED_EDGE('',*,*,#3316,.F.);
#4404=ORIENTED_EDGE('',*,*,#3317,.T.);
#4405=ORIENTED_EDGE('',*,*,#3318,.T.);
#4406=ORIENTED_EDGE('',*,*,#3314,.F.);
#4407=ORIENTED_EDGE('',*,*,#3319,.F.);
#4408=ORIENTED_EDGE('',*,*,#3320,.T.);
#4409=ORIENTED_EDGE('',*,*,#3321,.T.);
#4410=ORIENTED_EDGE('',*,*,#3317,.F.);
#4411=ORIENTED_EDGE('',*,*,#3322,.F.);
#4412=ORIENTED_EDGE('',*,*,#3323,.T.);
#4413=ORIENTED_EDGE('',*,*,#3324,.T.);
#4414=ORIENTED_EDGE('',*,*,#3320,.F.);
#4415=ORIENTED_EDGE('',*,*,#3325,.F.);
#4416=ORIENTED_EDGE('',*,*,#3285,.T.);
#4417=ORIENTED_EDGE('',*,*,#3326,.T.);
#4418=ORIENTED_EDGE('',*,*,#3323,.F.);
#4419=ORIENTED_EDGE('',*,*,#3326,.F.);
#4420=ORIENTED_EDGE('',*,*,#3284,.F.);
#4421=ORIENTED_EDGE('',*,*,#3288,.F.);
#4422=ORIENTED_EDGE('',*,*,#3291,.F.);
#4423=ORIENTED_EDGE('',*,*,#3294,.F.);
#4424=ORIENTED_EDGE('',*,*,#3297,.F.);
#4425=ORIENTED_EDGE('',*,*,#3300,.F.);
#4426=ORIENTED_EDGE('',*,*,#3303,.F.);
#4427=ORIENTED_EDGE('',*,*,#3306,.F.);
#4428=ORIENTED_EDGE('',*,*,#3309,.F.);
#4429=ORIENTED_EDGE('',*,*,#3312,.F.);
#4430=ORIENTED_EDGE('',*,*,#3315,.F.);
#4431=ORIENTED_EDGE('',*,*,#3318,.F.);
#4432=ORIENTED_EDGE('',*,*,#3321,.F.);
#4433=ORIENTED_EDGE('',*,*,#3324,.F.);
#4434=ORIENTED_EDGE('',*,*,#3281,.F.);
#4435=ORIENTED_EDGE('',*,*,#3269,.F.);
#4436=ORIENTED_EDGE('',*,*,#3273,.F.);
#4437=ORIENTED_EDGE('',*,*,#3276,.F.);
#4438=ORIENTED_EDGE('',*,*,#3279,.F.);
#4439=ORIENTED_EDGE('',*,*,#3327,.F.);
#4440=ORIENTED_EDGE('',*,*,#3328,.T.);
#4441=ORIENTED_EDGE('',*,*,#3329,.T.);
#4442=ORIENTED_EDGE('',*,*,#3330,.F.);
#4443=ORIENTED_EDGE('',*,*,#3331,.F.);
#4444=ORIENTED_EDGE('',*,*,#3332,.T.);
#4445=ORIENTED_EDGE('',*,*,#3333,.T.);
#4446=ORIENTED_EDGE('',*,*,#3328,.F.);
#4447=ORIENTED_EDGE('',*,*,#3334,.F.);
#4448=ORIENTED_EDGE('',*,*,#3335,.T.);
#4449=ORIENTED_EDGE('',*,*,#3336,.T.);
#4450=ORIENTED_EDGE('',*,*,#3332,.F.);
#4451=ORIENTED_EDGE('',*,*,#3337,.F.);
#4452=ORIENTED_EDGE('',*,*,#3338,.T.);
#4453=ORIENTED_EDGE('',*,*,#3339,.T.);
#4454=ORIENTED_EDGE('',*,*,#3335,.F.);
#4455=ORIENTED_EDGE('',*,*,#3340,.F.);
#4456=ORIENTED_EDGE('',*,*,#3341,.T.);
#4457=ORIENTED_EDGE('',*,*,#3342,.T.);
#4458=ORIENTED_EDGE('',*,*,#3338,.F.);
#4459=ORIENTED_EDGE('',*,*,#3343,.F.);
#4460=ORIENTED_EDGE('',*,*,#3344,.T.);
#4461=ORIENTED_EDGE('',*,*,#3345,.T.);
#4462=ORIENTED_EDGE('',*,*,#3341,.F.);
#4463=ORIENTED_EDGE('',*,*,#3346,.F.);
#4464=ORIENTED_EDGE('',*,*,#3347,.T.);
#4465=ORIENTED_EDGE('',*,*,#3348,.T.);
#4466=ORIENTED_EDGE('',*,*,#3344,.F.);
#4467=ORIENTED_EDGE('',*,*,#3349,.F.);
#4468=ORIENTED_EDGE('',*,*,#3350,.T.);
#4469=ORIENTED_EDGE('',*,*,#3351,.T.);
#4470=ORIENTED_EDGE('',*,*,#3347,.F.);
#4471=ORIENTED_EDGE('',*,*,#3352,.F.);
#4472=ORIENTED_EDGE('',*,*,#3353,.T.);
#4473=ORIENTED_EDGE('',*,*,#3354,.T.);
#4474=ORIENTED_EDGE('',*,*,#3350,.F.);
#4475=ORIENTED_EDGE('',*,*,#3355,.F.);
#4476=ORIENTED_EDGE('',*,*,#3356,.T.);
#4477=ORIENTED_EDGE('',*,*,#3357,.T.);
#4478=ORIENTED_EDGE('',*,*,#3353,.F.);
#4479=ORIENTED_EDGE('',*,*,#3358,.F.);
#4480=ORIENTED_EDGE('',*,*,#3359,.T.);
#4481=ORIENTED_EDGE('',*,*,#3360,.T.);
#4482=ORIENTED_EDGE('',*,*,#3356,.F.);
#4483=ORIENTED_EDGE('',*,*,#3361,.F.);
#4484=ORIENTED_EDGE('',*,*,#3362,.T.);
#4485=ORIENTED_EDGE('',*,*,#3363,.T.);
#4486=ORIENTED_EDGE('',*,*,#3359,.F.);
#4487=ORIENTED_EDGE('',*,*,#3364,.F.);
#4488=ORIENTED_EDGE('',*,*,#3365,.T.);
#4489=ORIENTED_EDGE('',*,*,#3366,.T.);
#4490=ORIENTED_EDGE('',*,*,#3362,.F.);
#4491=ORIENTED_EDGE('',*,*,#3367,.F.);
#4492=ORIENTED_EDGE('',*,*,#3368,.T.);
#4493=ORIENTED_EDGE('',*,*,#3369,.T.);
#4494=ORIENTED_EDGE('',*,*,#3365,.F.);
#4495=ORIENTED_EDGE('',*,*,#3370,.F.);
#4496=ORIENTED_EDGE('',*,*,#3371,.T.);
#4497=ORIENTED_EDGE('',*,*,#3372,.T.);
#4498=ORIENTED_EDGE('',*,*,#3368,.F.);
#4499=ORIENTED_EDGE('',*,*,#3373,.F.);
#4500=ORIENTED_EDGE('',*,*,#3374,.T.);
#4501=ORIENTED_EDGE('',*,*,#3375,.T.);
#4502=ORIENTED_EDGE('',*,*,#3371,.F.);
#4503=ORIENTED_EDGE('',*,*,#3376,.F.);
#4504=ORIENTED_EDGE('',*,*,#3377,.T.);
#4505=ORIENTED_EDGE('',*,*,#3378,.T.);
#4506=ORIENTED_EDGE('',*,*,#3374,.F.);
#4507=ORIENTED_EDGE('',*,*,#3379,.F.);
#4508=ORIENTED_EDGE('',*,*,#3380,.T.);
#4509=ORIENTED_EDGE('',*,*,#3381,.T.);
#4510=ORIENTED_EDGE('',*,*,#3377,.F.);
#4511=ORIENTED_EDGE('',*,*,#3382,.F.);
#4512=ORIENTED_EDGE('',*,*,#3383,.T.);
#4513=ORIENTED_EDGE('',*,*,#3384,.T.);
#4514=ORIENTED_EDGE('',*,*,#3380,.F.);
#4515=ORIENTED_EDGE('',*,*,#3385,.F.);
#4516=ORIENTED_EDGE('',*,*,#3330,.T.);
#4517=ORIENTED_EDGE('',*,*,#3386,.T.);
#4518=ORIENTED_EDGE('',*,*,#3383,.F.);
#4519=ORIENTED_EDGE('',*,*,#3386,.F.);
#4520=ORIENTED_EDGE('',*,*,#3329,.F.);
#4521=ORIENTED_EDGE('',*,*,#3333,.F.);
#4522=ORIENTED_EDGE('',*,*,#3336,.F.);
#4523=ORIENTED_EDGE('',*,*,#3339,.F.);
#4524=ORIENTED_EDGE('',*,*,#3342,.F.);
#4525=ORIENTED_EDGE('',*,*,#3345,.F.);
#4526=ORIENTED_EDGE('',*,*,#3348,.F.);
#4527=ORIENTED_EDGE('',*,*,#3351,.F.);
#4528=ORIENTED_EDGE('',*,*,#3354,.F.);
#4529=ORIENTED_EDGE('',*,*,#3357,.F.);
#4530=ORIENTED_EDGE('',*,*,#3360,.F.);
#4531=ORIENTED_EDGE('',*,*,#3363,.F.);
#4532=ORIENTED_EDGE('',*,*,#3366,.F.);
#4533=ORIENTED_EDGE('',*,*,#3369,.F.);
#4534=ORIENTED_EDGE('',*,*,#3372,.F.);
#4535=ORIENTED_EDGE('',*,*,#3375,.F.);
#4536=ORIENTED_EDGE('',*,*,#3378,.F.);
#4537=ORIENTED_EDGE('',*,*,#3381,.F.);
#4538=ORIENTED_EDGE('',*,*,#3384,.F.);
#4539=ORIENTED_EDGE('',*,*,#3387,.F.);
#4540=ORIENTED_EDGE('',*,*,#3388,.T.);
#4541=ORIENTED_EDGE('',*,*,#3389,.T.);
#4542=ORIENTED_EDGE('',*,*,#3390,.F.);
#4543=ORIENTED_EDGE('',*,*,#3391,.F.);
#4544=ORIENTED_EDGE('',*,*,#3392,.T.);
#4545=ORIENTED_EDGE('',*,*,#3393,.T.);
#4546=ORIENTED_EDGE('',*,*,#3388,.F.);
#4547=ORIENTED_EDGE('',*,*,#3394,.F.);
#4548=ORIENTED_EDGE('',*,*,#3395,.T.);
#4549=ORIENTED_EDGE('',*,*,#3396,.T.);
#4550=ORIENTED_EDGE('',*,*,#3392,.F.);
#4551=ORIENTED_EDGE('',*,*,#3397,.F.);
#4552=ORIENTED_EDGE('',*,*,#3398,.T.);
#4553=ORIENTED_EDGE('',*,*,#3399,.T.);
#4554=ORIENTED_EDGE('',*,*,#3395,.F.);
#4555=ORIENTED_EDGE('',*,*,#3400,.F.);
#4556=ORIENTED_EDGE('',*,*,#3390,.T.);
#4557=ORIENTED_EDGE('',*,*,#3401,.T.);
#4558=ORIENTED_EDGE('',*,*,#3398,.F.);
#4559=ORIENTED_EDGE('',*,*,#3402,.F.);
#4560=ORIENTED_EDGE('',*,*,#3403,.T.);
#4561=ORIENTED_EDGE('',*,*,#3404,.T.);
#4562=ORIENTED_EDGE('',*,*,#3405,.F.);
#4563=ORIENTED_EDGE('',*,*,#3406,.F.);
#4564=ORIENTED_EDGE('',*,*,#3407,.T.);
#4565=ORIENTED_EDGE('',*,*,#3408,.T.);
#4566=ORIENTED_EDGE('',*,*,#3403,.F.);
#4567=ORIENTED_EDGE('',*,*,#3409,.F.);
#4568=ORIENTED_EDGE('',*,*,#3410,.T.);
#4569=ORIENTED_EDGE('',*,*,#3411,.T.);
#4570=ORIENTED_EDGE('',*,*,#3407,.F.);
#4571=ORIENTED_EDGE('',*,*,#3412,.F.);
#4572=ORIENTED_EDGE('',*,*,#3413,.T.);
#4573=ORIENTED_EDGE('',*,*,#3414,.T.);
#4574=ORIENTED_EDGE('',*,*,#3410,.F.);
#4575=ORIENTED_EDGE('',*,*,#3415,.F.);
#4576=ORIENTED_EDGE('',*,*,#3416,.T.);
#4577=ORIENTED_EDGE('',*,*,#3417,.T.);
#4578=ORIENTED_EDGE('',*,*,#3413,.F.);
#4579=ORIENTED_EDGE('',*,*,#3418,.F.);
#4580=ORIENTED_EDGE('',*,*,#3419,.T.);
#4581=ORIENTED_EDGE('',*,*,#3420,.T.);
#4582=ORIENTED_EDGE('',*,*,#3416,.F.);
#4583=ORIENTED_EDGE('',*,*,#3421,.F.);
#4584=ORIENTED_EDGE('',*,*,#3422,.T.);
#4585=ORIENTED_EDGE('',*,*,#3423,.T.);
#4586=ORIENTED_EDGE('',*,*,#3419,.F.);
#4587=ORIENTED_EDGE('',*,*,#3424,.F.);
#4588=ORIENTED_EDGE('',*,*,#3425,.T.);
#4589=ORIENTED_EDGE('',*,*,#3426,.T.);
#4590=ORIENTED_EDGE('',*,*,#3422,.F.);
#4591=ORIENTED_EDGE('',*,*,#3427,.F.);
#4592=ORIENTED_EDGE('',*,*,#3428,.T.);
#4593=ORIENTED_EDGE('',*,*,#3429,.T.);
#4594=ORIENTED_EDGE('',*,*,#3425,.F.);
#4595=ORIENTED_EDGE('',*,*,#3430,.F.);
#4596=ORIENTED_EDGE('',*,*,#3431,.T.);
#4597=ORIENTED_EDGE('',*,*,#3432,.T.);
#4598=ORIENTED_EDGE('',*,*,#3428,.F.);
#4599=ORIENTED_EDGE('',*,*,#3433,.F.);
#4600=ORIENTED_EDGE('',*,*,#3434,.T.);
#4601=ORIENTED_EDGE('',*,*,#3435,.T.);
#4602=ORIENTED_EDGE('',*,*,#3431,.F.);
#4603=ORIENTED_EDGE('',*,*,#3436,.F.);
#4604=ORIENTED_EDGE('',*,*,#3437,.T.);
#4605=ORIENTED_EDGE('',*,*,#3438,.T.);
#4606=ORIENTED_EDGE('',*,*,#3434,.F.);
#4607=ORIENTED_EDGE('',*,*,#3439,.F.);
#4608=ORIENTED_EDGE('',*,*,#3440,.T.);
#4609=ORIENTED_EDGE('',*,*,#3441,.T.);
#4610=ORIENTED_EDGE('',*,*,#3437,.F.);
#4611=ORIENTED_EDGE('',*,*,#3442,.F.);
#4612=ORIENTED_EDGE('',*,*,#3443,.T.);
#4613=ORIENTED_EDGE('',*,*,#3444,.T.);
#4614=ORIENTED_EDGE('',*,*,#3440,.F.);
#4615=ORIENTED_EDGE('',*,*,#3445,.F.);
#4616=ORIENTED_EDGE('',*,*,#3405,.T.);
#4617=ORIENTED_EDGE('',*,*,#3446,.T.);
#4618=ORIENTED_EDGE('',*,*,#3443,.F.);
#4619=ORIENTED_EDGE('',*,*,#3446,.F.);
#4620=ORIENTED_EDGE('',*,*,#3404,.F.);
#4621=ORIENTED_EDGE('',*,*,#3408,.F.);
#4622=ORIENTED_EDGE('',*,*,#3411,.F.);
#4623=ORIENTED_EDGE('',*,*,#3414,.F.);
#4624=ORIENTED_EDGE('',*,*,#3417,.F.);
#4625=ORIENTED_EDGE('',*,*,#3420,.F.);
#4626=ORIENTED_EDGE('',*,*,#3423,.F.);
#4627=ORIENTED_EDGE('',*,*,#3426,.F.);
#4628=ORIENTED_EDGE('',*,*,#3429,.F.);
#4629=ORIENTED_EDGE('',*,*,#3432,.F.);
#4630=ORIENTED_EDGE('',*,*,#3435,.F.);
#4631=ORIENTED_EDGE('',*,*,#3438,.F.);
#4632=ORIENTED_EDGE('',*,*,#3441,.F.);
#4633=ORIENTED_EDGE('',*,*,#3444,.F.);
#4634=ORIENTED_EDGE('',*,*,#3401,.F.);
#4635=ORIENTED_EDGE('',*,*,#3389,.F.);
#4636=ORIENTED_EDGE('',*,*,#3393,.F.);
#4637=ORIENTED_EDGE('',*,*,#3396,.F.);
#4638=ORIENTED_EDGE('',*,*,#3399,.F.);
#4639=ORIENTED_EDGE('',*,*,#3447,.F.);
#4640=ORIENTED_EDGE('',*,*,#3448,.T.);
#4641=ORIENTED_EDGE('',*,*,#3449,.T.);
#4642=ORIENTED_EDGE('',*,*,#3450,.F.);
#4643=ORIENTED_EDGE('',*,*,#3451,.F.);
#4644=ORIENTED_EDGE('',*,*,#3452,.T.);
#4645=ORIENTED_EDGE('',*,*,#3453,.T.);
#4646=ORIENTED_EDGE('',*,*,#3448,.F.);
#4647=ORIENTED_EDGE('',*,*,#3454,.F.);
#4648=ORIENTED_EDGE('',*,*,#3455,.T.);
#4649=ORIENTED_EDGE('',*,*,#3456,.T.);
#4650=ORIENTED_EDGE('',*,*,#3452,.F.);
#4651=ORIENTED_EDGE('',*,*,#3457,.F.);
#4652=ORIENTED_EDGE('',*,*,#3458,.T.);
#4653=ORIENTED_EDGE('',*,*,#3459,.T.);
#4654=ORIENTED_EDGE('',*,*,#3455,.F.);
#4655=ORIENTED_EDGE('',*,*,#3460,.F.);
#4656=ORIENTED_EDGE('',*,*,#3461,.T.);
#4657=ORIENTED_EDGE('',*,*,#3462,.T.);
#4658=ORIENTED_EDGE('',*,*,#3458,.F.);
#4659=ORIENTED_EDGE('',*,*,#3463,.F.);
#4660=ORIENTED_EDGE('',*,*,#3464,.T.);
#4661=ORIENTED_EDGE('',*,*,#3465,.T.);
#4662=ORIENTED_EDGE('',*,*,#3461,.F.);
#4663=ORIENTED_EDGE('',*,*,#3466,.F.);
#4664=ORIENTED_EDGE('',*,*,#3467,.T.);
#4665=ORIENTED_EDGE('',*,*,#3468,.T.);
#4666=ORIENTED_EDGE('',*,*,#3464,.F.);
#4667=ORIENTED_EDGE('',*,*,#3469,.F.);
#4668=ORIENTED_EDGE('',*,*,#3470,.T.);
#4669=ORIENTED_EDGE('',*,*,#3471,.T.);
#4670=ORIENTED_EDGE('',*,*,#3467,.F.);
#4671=ORIENTED_EDGE('',*,*,#3472,.F.);
#4672=ORIENTED_EDGE('',*,*,#3473,.T.);
#4673=ORIENTED_EDGE('',*,*,#3474,.T.);
#4674=ORIENTED_EDGE('',*,*,#3470,.F.);
#4675=ORIENTED_EDGE('',*,*,#3475,.F.);
#4676=ORIENTED_EDGE('',*,*,#3450,.T.);
#4677=ORIENTED_EDGE('',*,*,#3476,.T.);
#4678=ORIENTED_EDGE('',*,*,#3473,.F.);
#4679=ORIENTED_EDGE('',*,*,#3477,.F.);
#4680=ORIENTED_EDGE('',*,*,#3478,.T.);
#4681=ORIENTED_EDGE('',*,*,#3479,.T.);
#4682=ORIENTED_EDGE('',*,*,#3480,.F.);
#4683=ORIENTED_EDGE('',*,*,#3481,.F.);
#4684=ORIENTED_EDGE('',*,*,#3482,.T.);
#4685=ORIENTED_EDGE('',*,*,#3483,.T.);
#4686=ORIENTED_EDGE('',*,*,#3478,.F.);
#4687=ORIENTED_EDGE('',*,*,#3484,.F.);
#4688=ORIENTED_EDGE('',*,*,#3485,.T.);
#4689=ORIENTED_EDGE('',*,*,#3486,.T.);
#4690=ORIENTED_EDGE('',*,*,#3482,.F.);
#4691=ORIENTED_EDGE('',*,*,#3487,.F.);
#4692=ORIENTED_EDGE('',*,*,#3488,.T.);
#4693=ORIENTED_EDGE('',*,*,#3489,.T.);
#4694=ORIENTED_EDGE('',*,*,#3485,.F.);
#4695=ORIENTED_EDGE('',*,*,#3490,.F.);
#4696=ORIENTED_EDGE('',*,*,#3491,.T.);
#4697=ORIENTED_EDGE('',*,*,#3492,.T.);
#4698=ORIENTED_EDGE('',*,*,#3488,.F.);
#4699=ORIENTED_EDGE('',*,*,#3493,.F.);
#4700=ORIENTED_EDGE('',*,*,#3494,.T.);
#4701=ORIENTED_EDGE('',*,*,#3495,.T.);
#4702=ORIENTED_EDGE('',*,*,#3491,.F.);
#4703=ORIENTED_EDGE('',*,*,#3496,.F.);
#4704=ORIENTED_EDGE('',*,*,#3497,.T.);
#4705=ORIENTED_EDGE('',*,*,#3498,.T.);
#4706=ORIENTED_EDGE('',*,*,#3494,.F.);
#4707=ORIENTED_EDGE('',*,*,#3499,.F.);
#4708=ORIENTED_EDGE('',*,*,#3500,.T.);
#4709=ORIENTED_EDGE('',*,*,#3501,.T.);
#4710=ORIENTED_EDGE('',*,*,#3497,.F.);
#4711=ORIENTED_EDGE('',*,*,#3502,.F.);
#4712=ORIENTED_EDGE('',*,*,#3503,.T.);
#4713=ORIENTED_EDGE('',*,*,#3504,.T.);
#4714=ORIENTED_EDGE('',*,*,#3500,.F.);
#4715=ORIENTED_EDGE('',*,*,#3505,.F.);
#4716=ORIENTED_EDGE('',*,*,#3506,.T.);
#4717=ORIENTED_EDGE('',*,*,#3507,.T.);
#4718=ORIENTED_EDGE('',*,*,#3503,.F.);
#4719=ORIENTED_EDGE('',*,*,#3508,.F.);
#4720=ORIENTED_EDGE('',*,*,#3509,.T.);
#4721=ORIENTED_EDGE('',*,*,#3510,.T.);
#4722=ORIENTED_EDGE('',*,*,#3506,.F.);
#4723=ORIENTED_EDGE('',*,*,#3511,.F.);
#4724=ORIENTED_EDGE('',*,*,#3512,.T.);
#4725=ORIENTED_EDGE('',*,*,#3513,.T.);
#4726=ORIENTED_EDGE('',*,*,#3509,.F.);
#4727=ORIENTED_EDGE('',*,*,#3514,.F.);
#4728=ORIENTED_EDGE('',*,*,#3515,.T.);
#4729=ORIENTED_EDGE('',*,*,#3516,.T.);
#4730=ORIENTED_EDGE('',*,*,#3512,.F.);
#4731=ORIENTED_EDGE('',*,*,#3517,.F.);
#4732=ORIENTED_EDGE('',*,*,#3518,.T.);
#4733=ORIENTED_EDGE('',*,*,#3519,.T.);
#4734=ORIENTED_EDGE('',*,*,#3515,.F.);
#4735=ORIENTED_EDGE('',*,*,#3520,.F.);
#4736=ORIENTED_EDGE('',*,*,#3521,.T.);
#4737=ORIENTED_EDGE('',*,*,#3522,.T.);
#4738=ORIENTED_EDGE('',*,*,#3518,.F.);
#4739=ORIENTED_EDGE('',*,*,#3523,.F.);
#4740=ORIENTED_EDGE('',*,*,#3524,.T.);
#4741=ORIENTED_EDGE('',*,*,#3525,.T.);
#4742=ORIENTED_EDGE('',*,*,#3521,.F.);
#4743=ORIENTED_EDGE('',*,*,#3526,.F.);
#4744=ORIENTED_EDGE('',*,*,#3527,.T.);
#4745=ORIENTED_EDGE('',*,*,#3528,.T.);
#4746=ORIENTED_EDGE('',*,*,#3524,.F.);
#4747=ORIENTED_EDGE('',*,*,#3529,.F.);
#4748=ORIENTED_EDGE('',*,*,#3530,.T.);
#4749=ORIENTED_EDGE('',*,*,#3531,.T.);
#4750=ORIENTED_EDGE('',*,*,#3527,.F.);
#4751=ORIENTED_EDGE('',*,*,#3532,.F.);
#4752=ORIENTED_EDGE('',*,*,#3533,.T.);
#4753=ORIENTED_EDGE('',*,*,#3534,.T.);
#4754=ORIENTED_EDGE('',*,*,#3530,.F.);
#4755=ORIENTED_EDGE('',*,*,#3535,.F.);
#4756=ORIENTED_EDGE('',*,*,#3536,.T.);
#4757=ORIENTED_EDGE('',*,*,#3537,.T.);
#4758=ORIENTED_EDGE('',*,*,#3533,.F.);
#4759=ORIENTED_EDGE('',*,*,#3538,.F.);
#4760=ORIENTED_EDGE('',*,*,#3539,.T.);
#4761=ORIENTED_EDGE('',*,*,#3540,.T.);
#4762=ORIENTED_EDGE('',*,*,#3536,.F.);
#4763=ORIENTED_EDGE('',*,*,#3541,.F.);
#4764=ORIENTED_EDGE('',*,*,#3542,.T.);
#4765=ORIENTED_EDGE('',*,*,#3543,.T.);
#4766=ORIENTED_EDGE('',*,*,#3539,.F.);
#4767=ORIENTED_EDGE('',*,*,#3544,.F.);
#4768=ORIENTED_EDGE('',*,*,#3545,.T.);
#4769=ORIENTED_EDGE('',*,*,#3546,.T.);
#4770=ORIENTED_EDGE('',*,*,#3542,.F.);
#4771=ORIENTED_EDGE('',*,*,#3547,.F.);
#4772=ORIENTED_EDGE('',*,*,#3548,.T.);
#4773=ORIENTED_EDGE('',*,*,#3549,.T.);
#4774=ORIENTED_EDGE('',*,*,#3545,.F.);
#4775=ORIENTED_EDGE('',*,*,#3550,.F.);
#4776=ORIENTED_EDGE('',*,*,#3551,.T.);
#4777=ORIENTED_EDGE('',*,*,#3552,.T.);
#4778=ORIENTED_EDGE('',*,*,#3548,.F.);
#4779=ORIENTED_EDGE('',*,*,#3553,.F.);
#4780=ORIENTED_EDGE('',*,*,#3554,.T.);
#4781=ORIENTED_EDGE('',*,*,#3555,.T.);
#4782=ORIENTED_EDGE('',*,*,#3551,.F.);
#4783=ORIENTED_EDGE('',*,*,#3556,.F.);
#4784=ORIENTED_EDGE('',*,*,#3480,.T.);
#4785=ORIENTED_EDGE('',*,*,#3557,.T.);
#4786=ORIENTED_EDGE('',*,*,#3554,.F.);
#4787=ORIENTED_EDGE('',*,*,#3557,.F.);
#4788=ORIENTED_EDGE('',*,*,#3479,.F.);
#4789=ORIENTED_EDGE('',*,*,#3483,.F.);
#4790=ORIENTED_EDGE('',*,*,#3486,.F.);
#4791=ORIENTED_EDGE('',*,*,#3489,.F.);
#4792=ORIENTED_EDGE('',*,*,#3492,.F.);
#4793=ORIENTED_EDGE('',*,*,#3495,.F.);
#4794=ORIENTED_EDGE('',*,*,#3498,.F.);
#4795=ORIENTED_EDGE('',*,*,#3501,.F.);
#4796=ORIENTED_EDGE('',*,*,#3504,.F.);
#4797=ORIENTED_EDGE('',*,*,#3507,.F.);
#4798=ORIENTED_EDGE('',*,*,#3510,.F.);
#4799=ORIENTED_EDGE('',*,*,#3513,.F.);
#4800=ORIENTED_EDGE('',*,*,#3516,.F.);
#4801=ORIENTED_EDGE('',*,*,#3519,.F.);
#4802=ORIENTED_EDGE('',*,*,#3522,.F.);
#4803=ORIENTED_EDGE('',*,*,#3525,.F.);
#4804=ORIENTED_EDGE('',*,*,#3528,.F.);
#4805=ORIENTED_EDGE('',*,*,#3531,.F.);
#4806=ORIENTED_EDGE('',*,*,#3534,.F.);
#4807=ORIENTED_EDGE('',*,*,#3537,.F.);
#4808=ORIENTED_EDGE('',*,*,#3540,.F.);
#4809=ORIENTED_EDGE('',*,*,#3543,.F.);
#4810=ORIENTED_EDGE('',*,*,#3546,.F.);
#4811=ORIENTED_EDGE('',*,*,#3549,.F.);
#4812=ORIENTED_EDGE('',*,*,#3552,.F.);
#4813=ORIENTED_EDGE('',*,*,#3555,.F.);
#4814=ORIENTED_EDGE('',*,*,#3476,.F.);
#4815=ORIENTED_EDGE('',*,*,#3449,.F.);
#4816=ORIENTED_EDGE('',*,*,#3453,.F.);
#4817=ORIENTED_EDGE('',*,*,#3456,.F.);
#4818=ORIENTED_EDGE('',*,*,#3459,.F.);
#4819=ORIENTED_EDGE('',*,*,#3462,.F.);
#4820=ORIENTED_EDGE('',*,*,#3465,.F.);
#4821=ORIENTED_EDGE('',*,*,#3468,.F.);
#4822=ORIENTED_EDGE('',*,*,#3471,.F.);
#4823=ORIENTED_EDGE('',*,*,#3474,.F.);
#4824=ORIENTED_EDGE('',*,*,#3558,.F.);
#4825=ORIENTED_EDGE('',*,*,#3559,.T.);
#4826=ORIENTED_EDGE('',*,*,#3560,.T.);
#4827=ORIENTED_EDGE('',*,*,#3561,.F.);
#4828=ORIENTED_EDGE('',*,*,#3562,.F.);
#4829=ORIENTED_EDGE('',*,*,#3563,.T.);
#4830=ORIENTED_EDGE('',*,*,#3564,.T.);
#4831=ORIENTED_EDGE('',*,*,#3559,.F.);
#4832=ORIENTED_EDGE('',*,*,#3565,.F.);
#4833=ORIENTED_EDGE('',*,*,#3566,.T.);
#4834=ORIENTED_EDGE('',*,*,#3567,.T.);
#4835=ORIENTED_EDGE('',*,*,#3563,.F.);
#4836=ORIENTED_EDGE('',*,*,#3568,.F.);
#4837=ORIENTED_EDGE('',*,*,#3569,.T.);
#4838=ORIENTED_EDGE('',*,*,#3570,.T.);
#4839=ORIENTED_EDGE('',*,*,#3566,.F.);
#4840=ORIENTED_EDGE('',*,*,#3571,.F.);
#4841=ORIENTED_EDGE('',*,*,#3572,.T.);
#4842=ORIENTED_EDGE('',*,*,#3573,.T.);
#4843=ORIENTED_EDGE('',*,*,#3569,.F.);
#4844=ORIENTED_EDGE('',*,*,#3574,.F.);
#4845=ORIENTED_EDGE('',*,*,#3575,.T.);
#4846=ORIENTED_EDGE('',*,*,#3576,.T.);
#4847=ORIENTED_EDGE('',*,*,#3572,.F.);
#4848=ORIENTED_EDGE('',*,*,#3577,.F.);
#4849=ORIENTED_EDGE('',*,*,#3578,.T.);
#4850=ORIENTED_EDGE('',*,*,#3579,.T.);
#4851=ORIENTED_EDGE('',*,*,#3575,.F.);
#4852=ORIENTED_EDGE('',*,*,#3580,.F.);
#4853=ORIENTED_EDGE('',*,*,#3561,.T.);
#4854=ORIENTED_EDGE('',*,*,#3581,.T.);
#4855=ORIENTED_EDGE('',*,*,#3578,.F.);
#4856=ORIENTED_EDGE('',*,*,#3582,.F.);
#4857=ORIENTED_EDGE('',*,*,#3583,.T.);
#4858=ORIENTED_EDGE('',*,*,#3584,.T.);
#4859=ORIENTED_EDGE('',*,*,#3585,.F.);
#4860=ORIENTED_EDGE('',*,*,#3586,.F.);
#4861=ORIENTED_EDGE('',*,*,#3587,.T.);
#4862=ORIENTED_EDGE('',*,*,#3588,.T.);
#4863=ORIENTED_EDGE('',*,*,#3583,.F.);
#4864=ORIENTED_EDGE('',*,*,#3589,.F.);
#4865=ORIENTED_EDGE('',*,*,#3590,.T.);
#4866=ORIENTED_EDGE('',*,*,#3591,.T.);
#4867=ORIENTED_EDGE('',*,*,#3587,.F.);
#4868=ORIENTED_EDGE('',*,*,#3592,.F.);
#4869=ORIENTED_EDGE('',*,*,#3593,.T.);
#4870=ORIENTED_EDGE('',*,*,#3594,.T.);
#4871=ORIENTED_EDGE('',*,*,#3590,.F.);
#4872=ORIENTED_EDGE('',*,*,#3595,.F.);
#4873=ORIENTED_EDGE('',*,*,#3596,.T.);
#4874=ORIENTED_EDGE('',*,*,#3597,.T.);
#4875=ORIENTED_EDGE('',*,*,#3593,.F.);
#4876=ORIENTED_EDGE('',*,*,#3598,.F.);
#4877=ORIENTED_EDGE('',*,*,#3599,.T.);
#4878=ORIENTED_EDGE('',*,*,#3600,.T.);
#4879=ORIENTED_EDGE('',*,*,#3596,.F.);
#4880=ORIENTED_EDGE('',*,*,#3601,.F.);
#4881=ORIENTED_EDGE('',*,*,#3602,.T.);
#4882=ORIENTED_EDGE('',*,*,#3603,.T.);
#4883=ORIENTED_EDGE('',*,*,#3599,.F.);
#4884=ORIENTED_EDGE('',*,*,#3604,.F.);
#4885=ORIENTED_EDGE('',*,*,#3605,.T.);
#4886=ORIENTED_EDGE('',*,*,#3606,.T.);
#4887=ORIENTED_EDGE('',*,*,#3602,.F.);
#4888=ORIENTED_EDGE('',*,*,#3607,.F.);
#4889=ORIENTED_EDGE('',*,*,#3608,.T.);
#4890=ORIENTED_EDGE('',*,*,#3609,.T.);
#4891=ORIENTED_EDGE('',*,*,#3605,.F.);
#4892=ORIENTED_EDGE('',*,*,#3610,.F.);
#4893=ORIENTED_EDGE('',*,*,#3611,.T.);
#4894=ORIENTED_EDGE('',*,*,#3612,.T.);
#4895=ORIENTED_EDGE('',*,*,#3608,.F.);
#4896=ORIENTED_EDGE('',*,*,#3613,.F.);
#4897=ORIENTED_EDGE('',*,*,#3614,.T.);
#4898=ORIENTED_EDGE('',*,*,#3615,.T.);
#4899=ORIENTED_EDGE('',*,*,#3611,.F.);
#4900=ORIENTED_EDGE('',*,*,#3616,.F.);
#4901=ORIENTED_EDGE('',*,*,#3617,.T.);
#4902=ORIENTED_EDGE('',*,*,#3618,.T.);
#4903=ORIENTED_EDGE('',*,*,#3614,.F.);
#4904=ORIENTED_EDGE('',*,*,#3619,.F.);
#4905=ORIENTED_EDGE('',*,*,#3585,.T.);
#4906=ORIENTED_EDGE('',*,*,#3620,.T.);
#4907=ORIENTED_EDGE('',*,*,#3617,.F.);
#4908=ORIENTED_EDGE('',*,*,#3620,.F.);
#4909=ORIENTED_EDGE('',*,*,#3584,.F.);
#4910=ORIENTED_EDGE('',*,*,#3588,.F.);
#4911=ORIENTED_EDGE('',*,*,#3591,.F.);
#4912=ORIENTED_EDGE('',*,*,#3594,.F.);
#4913=ORIENTED_EDGE('',*,*,#3597,.F.);
#4914=ORIENTED_EDGE('',*,*,#3600,.F.);
#4915=ORIENTED_EDGE('',*,*,#3603,.F.);
#4916=ORIENTED_EDGE('',*,*,#3606,.F.);
#4917=ORIENTED_EDGE('',*,*,#3609,.F.);
#4918=ORIENTED_EDGE('',*,*,#3612,.F.);
#4919=ORIENTED_EDGE('',*,*,#3615,.F.);
#4920=ORIENTED_EDGE('',*,*,#3618,.F.);
#4921=ORIENTED_EDGE('',*,*,#3581,.F.);
#4922=ORIENTED_EDGE('',*,*,#3560,.F.);
#4923=ORIENTED_EDGE('',*,*,#3564,.F.);
#4924=ORIENTED_EDGE('',*,*,#3567,.F.);
#4925=ORIENTED_EDGE('',*,*,#3570,.F.);
#4926=ORIENTED_EDGE('',*,*,#3573,.F.);
#4927=ORIENTED_EDGE('',*,*,#3576,.F.);
#4928=ORIENTED_EDGE('',*,*,#3579,.F.);
#4929=ORIENTED_EDGE('',*,*,#3621,.F.);
#4930=ORIENTED_EDGE('',*,*,#3622,.T.);
#4931=ORIENTED_EDGE('',*,*,#3623,.T.);
#4932=ORIENTED_EDGE('',*,*,#3624,.F.);
#4933=ORIENTED_EDGE('',*,*,#3625,.F.);
#4934=ORIENTED_EDGE('',*,*,#3626,.T.);
#4935=ORIENTED_EDGE('',*,*,#3627,.T.);
#4936=ORIENTED_EDGE('',*,*,#3622,.F.);
#4937=ORIENTED_EDGE('',*,*,#3628,.F.);
#4938=ORIENTED_EDGE('',*,*,#3629,.T.);
#4939=ORIENTED_EDGE('',*,*,#3630,.T.);
#4940=ORIENTED_EDGE('',*,*,#3626,.F.);
#4941=ORIENTED_EDGE('',*,*,#3631,.F.);
#4942=ORIENTED_EDGE('',*,*,#3632,.T.);
#4943=ORIENTED_EDGE('',*,*,#3633,.T.);
#4944=ORIENTED_EDGE('',*,*,#3629,.F.);
#4945=ORIENTED_EDGE('',*,*,#3634,.F.);
#4946=ORIENTED_EDGE('',*,*,#3635,.T.);
#4947=ORIENTED_EDGE('',*,*,#3636,.T.);
#4948=ORIENTED_EDGE('',*,*,#3632,.F.);
#4949=ORIENTED_EDGE('',*,*,#3637,.F.);
#4950=ORIENTED_EDGE('',*,*,#3638,.T.);
#4951=ORIENTED_EDGE('',*,*,#3639,.T.);
#4952=ORIENTED_EDGE('',*,*,#3635,.F.);
#4953=ORIENTED_EDGE('',*,*,#3640,.F.);
#4954=ORIENTED_EDGE('',*,*,#3641,.T.);
#4955=ORIENTED_EDGE('',*,*,#3642,.T.);
#4956=ORIENTED_EDGE('',*,*,#3638,.F.);
#4957=ORIENTED_EDGE('',*,*,#3643,.F.);
#4958=ORIENTED_EDGE('',*,*,#3644,.T.);
#4959=ORIENTED_EDGE('',*,*,#3645,.T.);
#4960=ORIENTED_EDGE('',*,*,#3641,.F.);
#4961=ORIENTED_EDGE('',*,*,#3646,.F.);
#4962=ORIENTED_EDGE('',*,*,#3647,.T.);
#4963=ORIENTED_EDGE('',*,*,#3648,.T.);
#4964=ORIENTED_EDGE('',*,*,#3644,.F.);
#4965=ORIENTED_EDGE('',*,*,#3649,.F.);
#4966=ORIENTED_EDGE('',*,*,#3650,.T.);
#4967=ORIENTED_EDGE('',*,*,#3651,.T.);
#4968=ORIENTED_EDGE('',*,*,#3647,.F.);
#4969=ORIENTED_EDGE('',*,*,#3652,.F.);
#4970=ORIENTED_EDGE('',*,*,#3653,.T.);
#4971=ORIENTED_EDGE('',*,*,#3654,.T.);
#4972=ORIENTED_EDGE('',*,*,#3650,.F.);
#4973=ORIENTED_EDGE('',*,*,#3655,.F.);
#4974=ORIENTED_EDGE('',*,*,#3656,.T.);
#4975=ORIENTED_EDGE('',*,*,#3657,.T.);
#4976=ORIENTED_EDGE('',*,*,#3653,.F.);
#4977=ORIENTED_EDGE('',*,*,#3658,.F.);
#4978=ORIENTED_EDGE('',*,*,#3659,.T.);
#4979=ORIENTED_EDGE('',*,*,#3660,.T.);
#4980=ORIENTED_EDGE('',*,*,#3656,.F.);
#4981=ORIENTED_EDGE('',*,*,#3661,.F.);
#4982=ORIENTED_EDGE('',*,*,#3662,.T.);
#4983=ORIENTED_EDGE('',*,*,#3663,.T.);
#4984=ORIENTED_EDGE('',*,*,#3659,.F.);
#4985=ORIENTED_EDGE('',*,*,#3664,.F.);
#4986=ORIENTED_EDGE('',*,*,#3665,.T.);
#4987=ORIENTED_EDGE('',*,*,#3666,.T.);
#4988=ORIENTED_EDGE('',*,*,#3662,.F.);
#4989=ORIENTED_EDGE('',*,*,#3667,.F.);
#4990=ORIENTED_EDGE('',*,*,#3668,.T.);
#4991=ORIENTED_EDGE('',*,*,#3669,.T.);
#4992=ORIENTED_EDGE('',*,*,#3665,.F.);
#4993=ORIENTED_EDGE('',*,*,#3670,.F.);
#4994=ORIENTED_EDGE('',*,*,#3671,.T.);
#4995=ORIENTED_EDGE('',*,*,#3672,.T.);
#4996=ORIENTED_EDGE('',*,*,#3668,.F.);
#4997=ORIENTED_EDGE('',*,*,#3673,.F.);
#4998=ORIENTED_EDGE('',*,*,#3624,.T.);
#4999=ORIENTED_EDGE('',*,*,#3674,.T.);
#5000=ORIENTED_EDGE('',*,*,#3671,.F.);
#5001=ORIENTED_EDGE('',*,*,#3674,.F.);
#5002=ORIENTED_EDGE('',*,*,#3623,.F.);
#5003=ORIENTED_EDGE('',*,*,#3627,.F.);
#5004=ORIENTED_EDGE('',*,*,#3630,.F.);
#5005=ORIENTED_EDGE('',*,*,#3633,.F.);
#5006=ORIENTED_EDGE('',*,*,#3636,.F.);
#5007=ORIENTED_EDGE('',*,*,#3639,.F.);
#5008=ORIENTED_EDGE('',*,*,#3642,.F.);
#5009=ORIENTED_EDGE('',*,*,#3645,.F.);
#5010=ORIENTED_EDGE('',*,*,#3648,.F.);
#5011=ORIENTED_EDGE('',*,*,#3651,.F.);
#5012=ORIENTED_EDGE('',*,*,#3654,.F.);
#5013=ORIENTED_EDGE('',*,*,#3657,.F.);
#5014=ORIENTED_EDGE('',*,*,#3660,.F.);
#5015=ORIENTED_EDGE('',*,*,#3663,.F.);
#5016=ORIENTED_EDGE('',*,*,#3666,.F.);
#5017=ORIENTED_EDGE('',*,*,#3669,.F.);
#5018=ORIENTED_EDGE('',*,*,#3672,.F.);
#5019=ORIENTED_EDGE('',*,*,#3675,.F.);
#5020=ORIENTED_EDGE('',*,*,#3676,.T.);
#5021=ORIENTED_EDGE('',*,*,#3677,.T.);
#5022=ORIENTED_EDGE('',*,*,#3678,.F.);
#5023=ORIENTED_EDGE('',*,*,#3679,.F.);
#5024=ORIENTED_EDGE('',*,*,#3680,.T.);
#5025=ORIENTED_EDGE('',*,*,#3681,.T.);
#5026=ORIENTED_EDGE('',*,*,#3676,.F.);
#5027=ORIENTED_EDGE('',*,*,#3682,.F.);
#5028=ORIENTED_EDGE('',*,*,#3683,.T.);
#5029=ORIENTED_EDGE('',*,*,#3684,.T.);
#5030=ORIENTED_EDGE('',*,*,#3680,.F.);
#5031=ORIENTED_EDGE('',*,*,#3685,.F.);
#5032=ORIENTED_EDGE('',*,*,#3686,.T.);
#5033=ORIENTED_EDGE('',*,*,#3687,.T.);
#5034=ORIENTED_EDGE('',*,*,#3683,.F.);
#5035=ORIENTED_EDGE('',*,*,#3688,.F.);
#5036=ORIENTED_EDGE('',*,*,#3689,.T.);
#5037=ORIENTED_EDGE('',*,*,#3690,.T.);
#5038=ORIENTED_EDGE('',*,*,#3686,.F.);
#5039=ORIENTED_EDGE('',*,*,#3691,.F.);
#5040=ORIENTED_EDGE('',*,*,#3692,.T.);
#5041=ORIENTED_EDGE('',*,*,#3693,.T.);
#5042=ORIENTED_EDGE('',*,*,#3689,.F.);
#5043=ORIENTED_EDGE('',*,*,#3694,.F.);
#5044=ORIENTED_EDGE('',*,*,#3695,.T.);
#5045=ORIENTED_EDGE('',*,*,#3696,.T.);
#5046=ORIENTED_EDGE('',*,*,#3692,.F.);
#5047=ORIENTED_EDGE('',*,*,#3697,.F.);
#5048=ORIENTED_EDGE('',*,*,#3698,.T.);
#5049=ORIENTED_EDGE('',*,*,#3699,.T.);
#5050=ORIENTED_EDGE('',*,*,#3695,.F.);
#5051=ORIENTED_EDGE('',*,*,#3700,.F.);
#5052=ORIENTED_EDGE('',*,*,#3701,.T.);
#5053=ORIENTED_EDGE('',*,*,#3702,.T.);
#5054=ORIENTED_EDGE('',*,*,#3698,.F.);
#5055=ORIENTED_EDGE('',*,*,#3703,.F.);
#5056=ORIENTED_EDGE('',*,*,#3704,.T.);
#5057=ORIENTED_EDGE('',*,*,#3705,.T.);
#5058=ORIENTED_EDGE('',*,*,#3701,.F.);
#5059=ORIENTED_EDGE('',*,*,#3706,.F.);
#5060=ORIENTED_EDGE('',*,*,#3707,.T.);
#5061=ORIENTED_EDGE('',*,*,#3708,.T.);
#5062=ORIENTED_EDGE('',*,*,#3704,.F.);
#5063=ORIENTED_EDGE('',*,*,#3709,.F.);
#5064=ORIENTED_EDGE('',*,*,#3710,.T.);
#5065=ORIENTED_EDGE('',*,*,#3711,.T.);
#5066=ORIENTED_EDGE('',*,*,#3707,.F.);
#5067=ORIENTED_EDGE('',*,*,#3712,.F.);
#5068=ORIENTED_EDGE('',*,*,#3713,.T.);
#5069=ORIENTED_EDGE('',*,*,#3714,.T.);
#5070=ORIENTED_EDGE('',*,*,#3710,.F.);
#5071=ORIENTED_EDGE('',*,*,#3715,.F.);
#5072=ORIENTED_EDGE('',*,*,#3716,.T.);
#5073=ORIENTED_EDGE('',*,*,#3717,.T.);
#5074=ORIENTED_EDGE('',*,*,#3713,.F.);
#5075=ORIENTED_EDGE('',*,*,#3718,.F.);
#5076=ORIENTED_EDGE('',*,*,#3719,.T.);
#5077=ORIENTED_EDGE('',*,*,#3720,.T.);
#5078=ORIENTED_EDGE('',*,*,#3716,.F.);
#5079=ORIENTED_EDGE('',*,*,#3721,.F.);
#5080=ORIENTED_EDGE('',*,*,#3722,.T.);
#5081=ORIENTED_EDGE('',*,*,#3723,.T.);
#5082=ORIENTED_EDGE('',*,*,#3719,.F.);
#5083=ORIENTED_EDGE('',*,*,#3724,.F.);
#5084=ORIENTED_EDGE('',*,*,#3725,.T.);
#5085=ORIENTED_EDGE('',*,*,#3726,.T.);
#5086=ORIENTED_EDGE('',*,*,#3722,.F.);
#5087=ORIENTED_EDGE('',*,*,#3727,.F.);
#5088=ORIENTED_EDGE('',*,*,#3728,.T.);
#5089=ORIENTED_EDGE('',*,*,#3729,.T.);
#5090=ORIENTED_EDGE('',*,*,#3725,.F.);
#5091=ORIENTED_EDGE('',*,*,#3730,.F.);
#5092=ORIENTED_EDGE('',*,*,#3731,.T.);
#5093=ORIENTED_EDGE('',*,*,#3732,.T.);
#5094=ORIENTED_EDGE('',*,*,#3728,.F.);
#5095=ORIENTED_EDGE('',*,*,#3733,.F.);
#5096=ORIENTED_EDGE('',*,*,#3734,.T.);
#5097=ORIENTED_EDGE('',*,*,#3735,.T.);
#5098=ORIENTED_EDGE('',*,*,#3731,.F.);
#5099=ORIENTED_EDGE('',*,*,#3736,.F.);
#5100=ORIENTED_EDGE('',*,*,#3737,.T.);
#5101=ORIENTED_EDGE('',*,*,#3738,.T.);
#5102=ORIENTED_EDGE('',*,*,#3734,.F.);
#5103=ORIENTED_EDGE('',*,*,#3739,.F.);
#5104=ORIENTED_EDGE('',*,*,#3740,.T.);
#5105=ORIENTED_EDGE('',*,*,#3741,.T.);
#5106=ORIENTED_EDGE('',*,*,#3737,.F.);
#5107=ORIENTED_EDGE('',*,*,#3742,.F.);
#5108=ORIENTED_EDGE('',*,*,#3743,.T.);
#5109=ORIENTED_EDGE('',*,*,#3744,.T.);
#5110=ORIENTED_EDGE('',*,*,#3740,.F.);
#5111=ORIENTED_EDGE('',*,*,#3745,.F.);
#5112=ORIENTED_EDGE('',*,*,#3746,.T.);
#5113=ORIENTED_EDGE('',*,*,#3747,.T.);
#5114=ORIENTED_EDGE('',*,*,#3743,.F.);
#5115=ORIENTED_EDGE('',*,*,#3748,.F.);
#5116=ORIENTED_EDGE('',*,*,#3749,.T.);
#5117=ORIENTED_EDGE('',*,*,#3750,.T.);
#5118=ORIENTED_EDGE('',*,*,#3746,.F.);
#5119=ORIENTED_EDGE('',*,*,#3751,.F.);
#5120=ORIENTED_EDGE('',*,*,#3752,.T.);
#5121=ORIENTED_EDGE('',*,*,#3753,.T.);
#5122=ORIENTED_EDGE('',*,*,#3749,.F.);
#5123=ORIENTED_EDGE('',*,*,#3754,.F.);
#5124=ORIENTED_EDGE('',*,*,#3755,.T.);
#5125=ORIENTED_EDGE('',*,*,#3756,.T.);
#5126=ORIENTED_EDGE('',*,*,#3752,.F.);
#5127=ORIENTED_EDGE('',*,*,#3757,.F.);
#5128=ORIENTED_EDGE('',*,*,#3678,.T.);
#5129=ORIENTED_EDGE('',*,*,#3758,.T.);
#5130=ORIENTED_EDGE('',*,*,#3755,.F.);
#5131=ORIENTED_EDGE('',*,*,#3758,.F.);
#5132=ORIENTED_EDGE('',*,*,#3677,.F.);
#5133=ORIENTED_EDGE('',*,*,#3681,.F.);
#5134=ORIENTED_EDGE('',*,*,#3684,.F.);
#5135=ORIENTED_EDGE('',*,*,#3687,.F.);
#5136=ORIENTED_EDGE('',*,*,#3690,.F.);
#5137=ORIENTED_EDGE('',*,*,#3693,.F.);
#5138=ORIENTED_EDGE('',*,*,#3696,.F.);
#5139=ORIENTED_EDGE('',*,*,#3699,.F.);
#5140=ORIENTED_EDGE('',*,*,#3702,.F.);
#5141=ORIENTED_EDGE('',*,*,#3705,.F.);
#5142=ORIENTED_EDGE('',*,*,#3708,.F.);
#5143=ORIENTED_EDGE('',*,*,#3711,.F.);
#5144=ORIENTED_EDGE('',*,*,#3714,.F.);
#5145=ORIENTED_EDGE('',*,*,#3717,.F.);
#5146=ORIENTED_EDGE('',*,*,#3720,.F.);
#5147=ORIENTED_EDGE('',*,*,#3723,.F.);
#5148=ORIENTED_EDGE('',*,*,#3726,.F.);
#5149=ORIENTED_EDGE('',*,*,#3729,.F.);
#5150=ORIENTED_EDGE('',*,*,#3732,.F.);
#5151=ORIENTED_EDGE('',*,*,#3735,.F.);
#5152=ORIENTED_EDGE('',*,*,#3738,.F.);
#5153=ORIENTED_EDGE('',*,*,#3741,.F.);
#5154=ORIENTED_EDGE('',*,*,#3744,.F.);
#5155=ORIENTED_EDGE('',*,*,#3747,.F.);
#5156=ORIENTED_EDGE('',*,*,#3750,.F.);
#5157=ORIENTED_EDGE('',*,*,#3753,.F.);
#5158=ORIENTED_EDGE('',*,*,#3756,.F.);
#5159=ORIENTED_EDGE('',*,*,#3759,.F.);
#5160=ORIENTED_EDGE('',*,*,#3760,.T.);
#5161=ORIENTED_EDGE('',*,*,#3761,.T.);
#5162=ORIENTED_EDGE('',*,*,#3762,.F.);
#5163=ORIENTED_EDGE('',*,*,#3763,.F.);
#5164=ORIENTED_EDGE('',*,*,#3764,.T.);
#5165=ORIENTED_EDGE('',*,*,#3765,.T.);
#5166=ORIENTED_EDGE('',*,*,#3760,.F.);
#5167=ORIENTED_EDGE('',*,*,#3766,.F.);
#5168=ORIENTED_EDGE('',*,*,#3767,.T.);
#5169=ORIENTED_EDGE('',*,*,#3768,.T.);
#5170=ORIENTED_EDGE('',*,*,#3764,.F.);
#5171=ORIENTED_EDGE('',*,*,#3769,.F.);
#5172=ORIENTED_EDGE('',*,*,#3770,.T.);
#5173=ORIENTED_EDGE('',*,*,#3771,.T.);
#5174=ORIENTED_EDGE('',*,*,#3767,.F.);
#5175=ORIENTED_EDGE('',*,*,#3772,.F.);
#5176=ORIENTED_EDGE('',*,*,#3773,.T.);
#5177=ORIENTED_EDGE('',*,*,#3774,.T.);
#5178=ORIENTED_EDGE('',*,*,#3770,.F.);
#5179=ORIENTED_EDGE('',*,*,#3775,.F.);
#5180=ORIENTED_EDGE('',*,*,#3776,.T.);
#5181=ORIENTED_EDGE('',*,*,#3777,.T.);
#5182=ORIENTED_EDGE('',*,*,#3773,.F.);
#5183=ORIENTED_EDGE('',*,*,#3778,.F.);
#5184=ORIENTED_EDGE('',*,*,#3779,.T.);
#5185=ORIENTED_EDGE('',*,*,#3780,.T.);
#5186=ORIENTED_EDGE('',*,*,#3776,.F.);
#5187=ORIENTED_EDGE('',*,*,#3781,.F.);
#5188=ORIENTED_EDGE('',*,*,#3762,.T.);
#5189=ORIENTED_EDGE('',*,*,#3782,.T.);
#5190=ORIENTED_EDGE('',*,*,#3779,.F.);
#5191=ORIENTED_EDGE('',*,*,#3783,.F.);
#5192=ORIENTED_EDGE('',*,*,#3784,.T.);
#5193=ORIENTED_EDGE('',*,*,#3785,.T.);
#5194=ORIENTED_EDGE('',*,*,#3786,.F.);
#5195=ORIENTED_EDGE('',*,*,#3787,.F.);
#5196=ORIENTED_EDGE('',*,*,#3788,.T.);
#5197=ORIENTED_EDGE('',*,*,#3789,.T.);
#5198=ORIENTED_EDGE('',*,*,#3784,.F.);
#5199=ORIENTED_EDGE('',*,*,#3790,.F.);
#5200=ORIENTED_EDGE('',*,*,#3791,.T.);
#5201=ORIENTED_EDGE('',*,*,#3792,.T.);
#5202=ORIENTED_EDGE('',*,*,#3788,.F.);
#5203=ORIENTED_EDGE('',*,*,#3793,.F.);
#5204=ORIENTED_EDGE('',*,*,#3794,.T.);
#5205=ORIENTED_EDGE('',*,*,#3795,.T.);
#5206=ORIENTED_EDGE('',*,*,#3791,.F.);
#5207=ORIENTED_EDGE('',*,*,#3796,.F.);
#5208=ORIENTED_EDGE('',*,*,#3797,.T.);
#5209=ORIENTED_EDGE('',*,*,#3798,.T.);
#5210=ORIENTED_EDGE('',*,*,#3794,.F.);
#5211=ORIENTED_EDGE('',*,*,#3799,.F.);
#5212=ORIENTED_EDGE('',*,*,#3800,.T.);
#5213=ORIENTED_EDGE('',*,*,#3801,.T.);
#5214=ORIENTED_EDGE('',*,*,#3797,.F.);
#5215=ORIENTED_EDGE('',*,*,#3802,.F.);
#5216=ORIENTED_EDGE('',*,*,#3803,.T.);
#5217=ORIENTED_EDGE('',*,*,#3804,.T.);
#5218=ORIENTED_EDGE('',*,*,#3800,.F.);
#5219=ORIENTED_EDGE('',*,*,#3805,.F.);
#5220=ORIENTED_EDGE('',*,*,#3806,.T.);
#5221=ORIENTED_EDGE('',*,*,#3807,.T.);
#5222=ORIENTED_EDGE('',*,*,#3803,.F.);
#5223=ORIENTED_EDGE('',*,*,#3808,.F.);
#5224=ORIENTED_EDGE('',*,*,#3809,.T.);
#5225=ORIENTED_EDGE('',*,*,#3810,.T.);
#5226=ORIENTED_EDGE('',*,*,#3806,.F.);
#5227=ORIENTED_EDGE('',*,*,#3811,.F.);
#5228=ORIENTED_EDGE('',*,*,#3812,.T.);
#5229=ORIENTED_EDGE('',*,*,#3813,.T.);
#5230=ORIENTED_EDGE('',*,*,#3809,.F.);
#5231=ORIENTED_EDGE('',*,*,#3814,.F.);
#5232=ORIENTED_EDGE('',*,*,#3815,.T.);
#5233=ORIENTED_EDGE('',*,*,#3816,.T.);
#5234=ORIENTED_EDGE('',*,*,#3812,.F.);
#5235=ORIENTED_EDGE('',*,*,#3817,.F.);
#5236=ORIENTED_EDGE('',*,*,#3818,.T.);
#5237=ORIENTED_EDGE('',*,*,#3819,.T.);
#5238=ORIENTED_EDGE('',*,*,#3815,.F.);
#5239=ORIENTED_EDGE('',*,*,#3820,.F.);
#5240=ORIENTED_EDGE('',*,*,#3821,.T.);
#5241=ORIENTED_EDGE('',*,*,#3822,.T.);
#5242=ORIENTED_EDGE('',*,*,#3818,.F.);
#5243=ORIENTED_EDGE('',*,*,#3823,.F.);
#5244=ORIENTED_EDGE('',*,*,#3786,.T.);
#5245=ORIENTED_EDGE('',*,*,#3824,.T.);
#5246=ORIENTED_EDGE('',*,*,#3821,.F.);
#5247=ORIENTED_EDGE('',*,*,#3824,.F.);
#5248=ORIENTED_EDGE('',*,*,#3785,.F.);
#5249=ORIENTED_EDGE('',*,*,#3789,.F.);
#5250=ORIENTED_EDGE('',*,*,#3792,.F.);
#5251=ORIENTED_EDGE('',*,*,#3795,.F.);
#5252=ORIENTED_EDGE('',*,*,#3798,.F.);
#5253=ORIENTED_EDGE('',*,*,#3801,.F.);
#5254=ORIENTED_EDGE('',*,*,#3804,.F.);
#5255=ORIENTED_EDGE('',*,*,#3807,.F.);
#5256=ORIENTED_EDGE('',*,*,#3810,.F.);
#5257=ORIENTED_EDGE('',*,*,#3813,.F.);
#5258=ORIENTED_EDGE('',*,*,#3816,.F.);
#5259=ORIENTED_EDGE('',*,*,#3819,.F.);
#5260=ORIENTED_EDGE('',*,*,#3822,.F.);
#5261=ORIENTED_EDGE('',*,*,#3782,.F.);
#5262=ORIENTED_EDGE('',*,*,#3761,.F.);
#5263=ORIENTED_EDGE('',*,*,#3765,.F.);
#5264=ORIENTED_EDGE('',*,*,#3768,.F.);
#5265=ORIENTED_EDGE('',*,*,#3771,.F.);
#5266=ORIENTED_EDGE('',*,*,#3774,.F.);
#5267=ORIENTED_EDGE('',*,*,#3777,.F.);
#5268=ORIENTED_EDGE('',*,*,#3780,.F.);
#5269=ORIENTED_EDGE('',*,*,#3825,.F.);
#5270=ORIENTED_EDGE('',*,*,#3826,.T.);
#5271=ORIENTED_EDGE('',*,*,#3827,.F.);
#5272=ORIENTED_EDGE('',*,*,#3828,.T.);
#5273=ORIENTED_EDGE('',*,*,#3829,.F.);
#5274=ORIENTED_EDGE('',*,*,#3830,.F.);
#5275=ORIENTED_EDGE('',*,*,#3831,.F.);
#5276=ORIENTED_EDGE('',*,*,#3832,.T.);
#5277=ORIENTED_EDGE('',*,*,#3833,.F.);
#5278=ORIENTED_EDGE('',*,*,#3834,.T.);
#5279=ORIENTED_EDGE('',*,*,#3835,.F.);
#5280=ORIENTED_EDGE('',*,*,#3836,.T.);
#5281=ORIENTED_EDGE('',*,*,#3837,.F.);
#5282=ORIENTED_EDGE('',*,*,#3838,.F.);
#5283=ORIENTED_EDGE('',*,*,#3839,.F.);
#5284=ORIENTED_EDGE('',*,*,#3840,.F.);
#5285=ORIENTED_EDGE('',*,*,#3841,.F.);
#5286=ORIENTED_EDGE('',*,*,#3842,.F.);
#5287=ORIENTED_EDGE('',*,*,#3843,.F.);
#5288=ORIENTED_EDGE('',*,*,#3844,.F.);
#5289=ORIENTED_EDGE('',*,*,#3845,.F.);
#5290=ORIENTED_EDGE('',*,*,#3846,.F.);
#5291=ORIENTED_EDGE('',*,*,#3847,.F.);
#5292=ORIENTED_EDGE('',*,*,#3848,.F.);
#5293=ORIENTED_EDGE('',*,*,#3849,.F.);
#5294=ORIENTED_EDGE('',*,*,#3850,.F.);
#5295=ORIENTED_EDGE('',*,*,#3851,.F.);
#5296=ORIENTED_EDGE('',*,*,#3852,.F.);
#5297=ORIENTED_EDGE('',*,*,#3853,.F.);
#5298=ORIENTED_EDGE('',*,*,#3854,.F.);
#5299=ORIENTED_EDGE('',*,*,#3855,.F.);
#5300=ORIENTED_EDGE('',*,*,#3856,.F.);
#5301=ORIENTED_EDGE('',*,*,#3857,.F.);
#5302=ORIENTED_EDGE('',*,*,#3858,.F.);
#5303=ORIENTED_EDGE('',*,*,#3859,.F.);
#5304=ORIENTED_EDGE('',*,*,#3860,.F.);
#5305=ORIENTED_EDGE('',*,*,#3861,.F.);
#5306=ORIENTED_EDGE('',*,*,#3862,.F.);
#5307=ORIENTED_EDGE('',*,*,#3863,.F.);
#5308=ORIENTED_EDGE('',*,*,#3864,.F.);
#5309=ORIENTED_EDGE('',*,*,#3783,.T.);
#5310=ORIENTED_EDGE('',*,*,#3823,.T.);
#5311=ORIENTED_EDGE('',*,*,#3820,.T.);
#5312=ORIENTED_EDGE('',*,*,#3817,.T.);
#5313=ORIENTED_EDGE('',*,*,#3814,.T.);
#5314=ORIENTED_EDGE('',*,*,#3811,.T.);
#5315=ORIENTED_EDGE('',*,*,#3808,.T.);
#5316=ORIENTED_EDGE('',*,*,#3805,.T.);
#5317=ORIENTED_EDGE('',*,*,#3802,.T.);
#5318=ORIENTED_EDGE('',*,*,#3799,.T.);
#5319=ORIENTED_EDGE('',*,*,#3796,.T.);
#5320=ORIENTED_EDGE('',*,*,#3793,.T.);
#5321=ORIENTED_EDGE('',*,*,#3790,.T.);
#5322=ORIENTED_EDGE('',*,*,#3787,.T.);
#5323=ORIENTED_EDGE('',*,*,#3675,.T.);
#5324=ORIENTED_EDGE('',*,*,#3757,.T.);
#5325=ORIENTED_EDGE('',*,*,#3754,.T.);
#5326=ORIENTED_EDGE('',*,*,#3751,.T.);
#5327=ORIENTED_EDGE('',*,*,#3748,.T.);
#5328=ORIENTED_EDGE('',*,*,#3745,.T.);
#5329=ORIENTED_EDGE('',*,*,#3742,.T.);
#5330=ORIENTED_EDGE('',*,*,#3739,.T.);
#5331=ORIENTED_EDGE('',*,*,#3736,.T.);
#5332=ORIENTED_EDGE('',*,*,#3733,.T.);
#5333=ORIENTED_EDGE('',*,*,#3730,.T.);
#5334=ORIENTED_EDGE('',*,*,#3727,.T.);
#5335=ORIENTED_EDGE('',*,*,#3724,.T.);
#5336=ORIENTED_EDGE('',*,*,#3721,.T.);
#5337=ORIENTED_EDGE('',*,*,#3718,.T.);
#5338=ORIENTED_EDGE('',*,*,#3715,.T.);
#5339=ORIENTED_EDGE('',*,*,#3712,.T.);
#5340=ORIENTED_EDGE('',*,*,#3709,.T.);
#5341=ORIENTED_EDGE('',*,*,#3706,.T.);
#5342=ORIENTED_EDGE('',*,*,#3703,.T.);
#5343=ORIENTED_EDGE('',*,*,#3700,.T.);
#5344=ORIENTED_EDGE('',*,*,#3697,.T.);
#5345=ORIENTED_EDGE('',*,*,#3694,.T.);
#5346=ORIENTED_EDGE('',*,*,#3691,.T.);
#5347=ORIENTED_EDGE('',*,*,#3688,.T.);
#5348=ORIENTED_EDGE('',*,*,#3685,.T.);
#5349=ORIENTED_EDGE('',*,*,#3682,.T.);
#5350=ORIENTED_EDGE('',*,*,#3679,.T.);
#5351=ORIENTED_EDGE('',*,*,#3621,.T.);
#5352=ORIENTED_EDGE('',*,*,#3673,.T.);
#5353=ORIENTED_EDGE('',*,*,#3670,.T.);
#5354=ORIENTED_EDGE('',*,*,#3667,.T.);
#5355=ORIENTED_EDGE('',*,*,#3664,.T.);
#5356=ORIENTED_EDGE('',*,*,#3661,.T.);
#5357=ORIENTED_EDGE('',*,*,#3658,.T.);
#5358=ORIENTED_EDGE('',*,*,#3655,.T.);
#5359=ORIENTED_EDGE('',*,*,#3652,.T.);
#5360=ORIENTED_EDGE('',*,*,#3649,.T.);
#5361=ORIENTED_EDGE('',*,*,#3646,.T.);
#5362=ORIENTED_EDGE('',*,*,#3643,.T.);
#5363=ORIENTED_EDGE('',*,*,#3640,.T.);
#5364=ORIENTED_EDGE('',*,*,#3637,.T.);
#5365=ORIENTED_EDGE('',*,*,#3634,.T.);
#5366=ORIENTED_EDGE('',*,*,#3631,.T.);
#5367=ORIENTED_EDGE('',*,*,#3628,.T.);
#5368=ORIENTED_EDGE('',*,*,#3625,.T.);
#5369=ORIENTED_EDGE('',*,*,#3582,.T.);
#5370=ORIENTED_EDGE('',*,*,#3619,.T.);
#5371=ORIENTED_EDGE('',*,*,#3616,.T.);
#5372=ORIENTED_EDGE('',*,*,#3613,.T.);
#5373=ORIENTED_EDGE('',*,*,#3610,.T.);
#5374=ORIENTED_EDGE('',*,*,#3607,.T.);
#5375=ORIENTED_EDGE('',*,*,#3604,.T.);
#5376=ORIENTED_EDGE('',*,*,#3601,.T.);
#5377=ORIENTED_EDGE('',*,*,#3598,.T.);
#5378=ORIENTED_EDGE('',*,*,#3595,.T.);
#5379=ORIENTED_EDGE('',*,*,#3592,.T.);
#5380=ORIENTED_EDGE('',*,*,#3589,.T.);
#5381=ORIENTED_EDGE('',*,*,#3586,.T.);
#5382=ORIENTED_EDGE('',*,*,#3477,.T.);
#5383=ORIENTED_EDGE('',*,*,#3556,.T.);
#5384=ORIENTED_EDGE('',*,*,#3553,.T.);
#5385=ORIENTED_EDGE('',*,*,#3550,.T.);
#5386=ORIENTED_EDGE('',*,*,#3547,.T.);
#5387=ORIENTED_EDGE('',*,*,#3544,.T.);
#5388=ORIENTED_EDGE('',*,*,#3541,.T.);
#5389=ORIENTED_EDGE('',*,*,#3538,.T.);
#5390=ORIENTED_EDGE('',*,*,#3535,.T.);
#5391=ORIENTED_EDGE('',*,*,#3532,.T.);
#5392=ORIENTED_EDGE('',*,*,#3529,.T.);
#5393=ORIENTED_EDGE('',*,*,#3526,.T.);
#5394=ORIENTED_EDGE('',*,*,#3523,.T.);
#5395=ORIENTED_EDGE('',*,*,#3520,.T.);
#5396=ORIENTED_EDGE('',*,*,#3517,.T.);
#5397=ORIENTED_EDGE('',*,*,#3514,.T.);
#5398=ORIENTED_EDGE('',*,*,#3511,.T.);
#5399=ORIENTED_EDGE('',*,*,#3508,.T.);
#5400=ORIENTED_EDGE('',*,*,#3505,.T.);
#5401=ORIENTED_EDGE('',*,*,#3502,.T.);
#5402=ORIENTED_EDGE('',*,*,#3499,.T.);
#5403=ORIENTED_EDGE('',*,*,#3496,.T.);
#5404=ORIENTED_EDGE('',*,*,#3493,.T.);
#5405=ORIENTED_EDGE('',*,*,#3490,.T.);
#5406=ORIENTED_EDGE('',*,*,#3487,.T.);
#5407=ORIENTED_EDGE('',*,*,#3484,.T.);
#5408=ORIENTED_EDGE('',*,*,#3481,.T.);
#5409=ORIENTED_EDGE('',*,*,#3402,.T.);
#5410=ORIENTED_EDGE('',*,*,#3445,.T.);
#5411=ORIENTED_EDGE('',*,*,#3442,.T.);
#5412=ORIENTED_EDGE('',*,*,#3439,.T.);
#5413=ORIENTED_EDGE('',*,*,#3436,.T.);
#5414=ORIENTED_EDGE('',*,*,#3433,.T.);
#5415=ORIENTED_EDGE('',*,*,#3430,.T.);
#5416=ORIENTED_EDGE('',*,*,#3427,.T.);
#5417=ORIENTED_EDGE('',*,*,#3424,.T.);
#5418=ORIENTED_EDGE('',*,*,#3421,.T.);
#5419=ORIENTED_EDGE('',*,*,#3418,.T.);
#5420=ORIENTED_EDGE('',*,*,#3415,.T.);
#5421=ORIENTED_EDGE('',*,*,#3412,.T.);
#5422=ORIENTED_EDGE('',*,*,#3409,.T.);
#5423=ORIENTED_EDGE('',*,*,#3406,.T.);
#5424=ORIENTED_EDGE('',*,*,#3327,.T.);
#5425=ORIENTED_EDGE('',*,*,#3385,.T.);
#5426=ORIENTED_EDGE('',*,*,#3382,.T.);
#5427=ORIENTED_EDGE('',*,*,#3379,.T.);
#5428=ORIENTED_EDGE('',*,*,#3376,.T.);
#5429=ORIENTED_EDGE('',*,*,#3373,.T.);
#5430=ORIENTED_EDGE('',*,*,#3370,.T.);
#5431=ORIENTED_EDGE('',*,*,#3367,.T.);
#5432=ORIENTED_EDGE('',*,*,#3364,.T.);
#5433=ORIENTED_EDGE('',*,*,#3361,.T.);
#5434=ORIENTED_EDGE('',*,*,#3358,.T.);
#5435=ORIENTED_EDGE('',*,*,#3355,.T.);
#5436=ORIENTED_EDGE('',*,*,#3352,.T.);
#5437=ORIENTED_EDGE('',*,*,#3349,.T.);
#5438=ORIENTED_EDGE('',*,*,#3346,.T.);
#5439=ORIENTED_EDGE('',*,*,#3343,.T.);
#5440=ORIENTED_EDGE('',*,*,#3340,.T.);
#5441=ORIENTED_EDGE('',*,*,#3337,.T.);
#5442=ORIENTED_EDGE('',*,*,#3334,.T.);
#5443=ORIENTED_EDGE('',*,*,#3331,.T.);
#5444=ORIENTED_EDGE('',*,*,#3282,.T.);
#5445=ORIENTED_EDGE('',*,*,#3325,.T.);
#5446=ORIENTED_EDGE('',*,*,#3322,.T.);
#5447=ORIENTED_EDGE('',*,*,#3319,.T.);
#5448=ORIENTED_EDGE('',*,*,#3316,.T.);
#5449=ORIENTED_EDGE('',*,*,#3313,.T.);
#5450=ORIENTED_EDGE('',*,*,#3310,.T.);
#5451=ORIENTED_EDGE('',*,*,#3307,.T.);
#5452=ORIENTED_EDGE('',*,*,#3304,.T.);
#5453=ORIENTED_EDGE('',*,*,#3301,.T.);
#5454=ORIENTED_EDGE('',*,*,#3298,.T.);
#5455=ORIENTED_EDGE('',*,*,#3295,.T.);
#5456=ORIENTED_EDGE('',*,*,#3292,.T.);
#5457=ORIENTED_EDGE('',*,*,#3289,.T.);
#5458=ORIENTED_EDGE('',*,*,#3286,.T.);
#5459=ORIENTED_EDGE('',*,*,#3228,.T.);
#5460=ORIENTED_EDGE('',*,*,#3265,.T.);
#5461=ORIENTED_EDGE('',*,*,#3262,.T.);
#5462=ORIENTED_EDGE('',*,*,#3259,.T.);
#5463=ORIENTED_EDGE('',*,*,#3256,.T.);
#5464=ORIENTED_EDGE('',*,*,#3253,.T.);
#5465=ORIENTED_EDGE('',*,*,#3250,.T.);
#5466=ORIENTED_EDGE('',*,*,#3247,.T.);
#5467=ORIENTED_EDGE('',*,*,#3244,.T.);
#5468=ORIENTED_EDGE('',*,*,#3241,.T.);
#5469=ORIENTED_EDGE('',*,*,#3238,.T.);
#5470=ORIENTED_EDGE('',*,*,#3235,.T.);
#5471=ORIENTED_EDGE('',*,*,#3232,.T.);
#5472=ORIENTED_EDGE('',*,*,#3201,.T.);
#5473=ORIENTED_EDGE('',*,*,#3226,.T.);
#5474=ORIENTED_EDGE('',*,*,#3223,.T.);
#5475=ORIENTED_EDGE('',*,*,#3220,.T.);
#5476=ORIENTED_EDGE('',*,*,#3217,.T.);
#5477=ORIENTED_EDGE('',*,*,#3214,.T.);
#5478=ORIENTED_EDGE('',*,*,#3211,.T.);
#5479=ORIENTED_EDGE('',*,*,#3208,.T.);
#5480=ORIENTED_EDGE('',*,*,#3205,.T.);
#5481=ORIENTED_EDGE('',*,*,#3132,.T.);
#5482=ORIENTED_EDGE('',*,*,#3175,.T.);
#5483=ORIENTED_EDGE('',*,*,#3172,.T.);
#5484=ORIENTED_EDGE('',*,*,#3169,.T.);
#5485=ORIENTED_EDGE('',*,*,#3166,.T.);
#5486=ORIENTED_EDGE('',*,*,#3163,.T.);
#5487=ORIENTED_EDGE('',*,*,#3160,.T.);
#5488=ORIENTED_EDGE('',*,*,#3157,.T.);
#5489=ORIENTED_EDGE('',*,*,#3154,.T.);
#5490=ORIENTED_EDGE('',*,*,#3151,.T.);
#5491=ORIENTED_EDGE('',*,*,#3148,.T.);
#5492=ORIENTED_EDGE('',*,*,#3145,.T.);
#5493=ORIENTED_EDGE('',*,*,#3142,.T.);
#5494=ORIENTED_EDGE('',*,*,#3139,.T.);
#5495=ORIENTED_EDGE('',*,*,#3136,.T.);
#5496=ORIENTED_EDGE('',*,*,#3759,.T.);
#5497=ORIENTED_EDGE('',*,*,#3781,.T.);
#5498=ORIENTED_EDGE('',*,*,#3778,.T.);
#5499=ORIENTED_EDGE('',*,*,#3775,.T.);
#5500=ORIENTED_EDGE('',*,*,#3772,.T.);
#5501=ORIENTED_EDGE('',*,*,#3769,.T.);
#5502=ORIENTED_EDGE('',*,*,#3766,.T.);
#5503=ORIENTED_EDGE('',*,*,#3763,.T.);
#5504=ORIENTED_EDGE('',*,*,#3558,.T.);
#5505=ORIENTED_EDGE('',*,*,#3580,.T.);
#5506=ORIENTED_EDGE('',*,*,#3577,.T.);
#5507=ORIENTED_EDGE('',*,*,#3574,.T.);
#5508=ORIENTED_EDGE('',*,*,#3571,.T.);
#5509=ORIENTED_EDGE('',*,*,#3568,.T.);
#5510=ORIENTED_EDGE('',*,*,#3565,.T.);
#5511=ORIENTED_EDGE('',*,*,#3562,.T.);
#5512=ORIENTED_EDGE('',*,*,#3447,.T.);
#5513=ORIENTED_EDGE('',*,*,#3475,.T.);
#5514=ORIENTED_EDGE('',*,*,#3472,.T.);
#5515=ORIENTED_EDGE('',*,*,#3469,.T.);
#5516=ORIENTED_EDGE('',*,*,#3466,.T.);
#5517=ORIENTED_EDGE('',*,*,#3463,.T.);
#5518=ORIENTED_EDGE('',*,*,#3460,.T.);
#5519=ORIENTED_EDGE('',*,*,#3457,.T.);
#5520=ORIENTED_EDGE('',*,*,#3454,.T.);
#5521=ORIENTED_EDGE('',*,*,#3451,.T.);
#5522=ORIENTED_EDGE('',*,*,#3387,.T.);
#5523=ORIENTED_EDGE('',*,*,#3400,.T.);
#5524=ORIENTED_EDGE('',*,*,#3397,.T.);
#5525=ORIENTED_EDGE('',*,*,#3394,.T.);
#5526=ORIENTED_EDGE('',*,*,#3391,.T.);
#5527=ORIENTED_EDGE('',*,*,#3267,.T.);
#5528=ORIENTED_EDGE('',*,*,#3280,.T.);
#5529=ORIENTED_EDGE('',*,*,#3277,.T.);
#5530=ORIENTED_EDGE('',*,*,#3274,.T.);
#5531=ORIENTED_EDGE('',*,*,#3271,.T.);
#5532=ORIENTED_EDGE('',*,*,#3177,.T.);
#5533=ORIENTED_EDGE('',*,*,#3199,.T.);
#5534=ORIENTED_EDGE('',*,*,#3196,.T.);
#5535=ORIENTED_EDGE('',*,*,#3193,.T.);
#5536=ORIENTED_EDGE('',*,*,#3190,.T.);
#5537=ORIENTED_EDGE('',*,*,#3187,.T.);
#5538=ORIENTED_EDGE('',*,*,#3184,.T.);
#5539=ORIENTED_EDGE('',*,*,#3181,.T.);
#5540=ORIENTED_EDGE('',*,*,#3865,.T.);
#5541=ORIENTED_EDGE('',*,*,#3866,.T.);
#5542=ORIENTED_EDGE('',*,*,#3825,.T.);
#5543=ORIENTED_EDGE('',*,*,#3867,.T.);
#5544=ORIENTED_EDGE('',*,*,#3117,.T.);
#5545=ORIENTED_EDGE('',*,*,#3130,.T.);
#5546=ORIENTED_EDGE('',*,*,#3127,.T.);
#5547=ORIENTED_EDGE('',*,*,#3124,.T.);
#5548=ORIENTED_EDGE('',*,*,#3121,.T.);
#5549=ORIENTED_EDGE('',*,*,#3866,.F.);
#5550=ORIENTED_EDGE('',*,*,#3868,.F.);
#5551=ORIENTED_EDGE('',*,*,#3869,.F.);
#5552=ORIENTED_EDGE('',*,*,#3826,.F.);
#5553=ORIENTED_EDGE('',*,*,#3870,.T.);
#5554=ORIENTED_EDGE('',*,*,#3871,.T.);
#5555=ORIENTED_EDGE('',*,*,#3827,.T.);
#5556=ORIENTED_EDGE('',*,*,#3869,.T.);
#5557=ORIENTED_EDGE('',*,*,#3872,.T.);
#5558=ORIENTED_EDGE('',*,*,#3873,.T.);
#5559=ORIENTED_EDGE('',*,*,#3833,.T.);
#5560=ORIENTED_EDGE('',*,*,#3874,.T.);
#5561=ORIENTED_EDGE('',*,*,#3874,.F.);
#5562=ORIENTED_EDGE('',*,*,#3832,.F.);
#5563=ORIENTED_EDGE('',*,*,#3875,.T.);
#5564=ORIENTED_EDGE('',*,*,#3876,.F.);
#5565=ORIENTED_EDGE('',*,*,#3877,.T.);
#5566=ORIENTED_EDGE('',*,*,#3878,.T.);
#5567=ORIENTED_EDGE('',*,*,#3835,.T.);
#5568=ORIENTED_EDGE('',*,*,#3879,.T.);
#5569=ORIENTED_EDGE('',*,*,#3867,.F.);
#5570=ORIENTED_EDGE('',*,*,#3836,.F.);
#5571=ORIENTED_EDGE('',*,*,#3878,.F.);
#5572=ORIENTED_EDGE('',*,*,#3880,.F.);
#5573=ORIENTED_EDGE('',*,*,#3838,.T.);
#5574=ORIENTED_EDGE('',*,*,#3881,.T.);
#5575=ORIENTED_EDGE('',*,*,#3882,.F.);
#5576=ORIENTED_EDGE('',*,*,#3883,.F.);
#5577=ORIENTED_EDGE('',*,*,#3839,.T.);
#5578=ORIENTED_EDGE('',*,*,#3883,.T.);
#5579=ORIENTED_EDGE('',*,*,#3884,.F.);
#5580=ORIENTED_EDGE('',*,*,#3885,.F.);
#5581=ORIENTED_EDGE('',*,*,#3840,.T.);
#5582=ORIENTED_EDGE('',*,*,#3885,.T.);
#5583=ORIENTED_EDGE('',*,*,#3886,.F.);
#5584=ORIENTED_EDGE('',*,*,#3887,.F.);
#5585=ORIENTED_EDGE('',*,*,#3841,.T.);
#5586=ORIENTED_EDGE('',*,*,#3887,.T.);
#5587=ORIENTED_EDGE('',*,*,#3888,.F.);
#5588=ORIENTED_EDGE('',*,*,#3889,.F.);
#5589=ORIENTED_EDGE('',*,*,#3842,.T.);
#5590=ORIENTED_EDGE('',*,*,#3889,.T.);
#5591=ORIENTED_EDGE('',*,*,#3890,.F.);
#5592=ORIENTED_EDGE('',*,*,#3891,.F.);
#5593=ORIENTED_EDGE('',*,*,#3843,.T.);
#5594=ORIENTED_EDGE('',*,*,#3891,.T.);
#5595=ORIENTED_EDGE('',*,*,#3892,.F.);
#5596=ORIENTED_EDGE('',*,*,#3893,.F.);
#5597=ORIENTED_EDGE('',*,*,#3844,.T.);
#5598=ORIENTED_EDGE('',*,*,#3893,.T.);
#5599=ORIENTED_EDGE('',*,*,#3894,.F.);
#5600=ORIENTED_EDGE('',*,*,#3895,.F.);
#5601=ORIENTED_EDGE('',*,*,#3837,.T.);
#5602=ORIENTED_EDGE('',*,*,#3895,.T.);
#5603=ORIENTED_EDGE('',*,*,#3896,.F.);
#5604=ORIENTED_EDGE('',*,*,#3881,.F.);
#5605=ORIENTED_EDGE('',*,*,#3897,.F.);
#5606=ORIENTED_EDGE('',*,*,#3898,.T.);
#5607=ORIENTED_EDGE('',*,*,#3845,.T.);
#5608=ORIENTED_EDGE('',*,*,#3898,.F.);
#5609=ORIENTED_EDGE('',*,*,#3847,.T.);
#5610=ORIENTED_EDGE('',*,*,#3899,.T.);
#5611=ORIENTED_EDGE('',*,*,#3900,.F.);
#5612=ORIENTED_EDGE('',*,*,#3901,.F.);
#5613=ORIENTED_EDGE('',*,*,#3848,.T.);
#5614=ORIENTED_EDGE('',*,*,#3901,.T.);
#5615=ORIENTED_EDGE('',*,*,#3902,.F.);
#5616=ORIENTED_EDGE('',*,*,#3903,.F.);
#5617=ORIENTED_EDGE('',*,*,#3849,.T.);
#5618=ORIENTED_EDGE('',*,*,#3903,.T.);
#5619=ORIENTED_EDGE('',*,*,#3904,.F.);
#5620=ORIENTED_EDGE('',*,*,#3905,.F.);
#5621=ORIENTED_EDGE('',*,*,#3850,.T.);
#5622=ORIENTED_EDGE('',*,*,#3905,.T.);
#5623=ORIENTED_EDGE('',*,*,#3906,.F.);
#5624=ORIENTED_EDGE('',*,*,#3907,.F.);
#5625=ORIENTED_EDGE('',*,*,#3851,.T.);
#5626=ORIENTED_EDGE('',*,*,#3907,.T.);
#5627=ORIENTED_EDGE('',*,*,#3908,.F.);
#5628=ORIENTED_EDGE('',*,*,#3909,.F.);
#5629=ORIENTED_EDGE('',*,*,#3852,.T.);
#5630=ORIENTED_EDGE('',*,*,#3909,.T.);
#5631=ORIENTED_EDGE('',*,*,#3910,.F.);
#5632=ORIENTED_EDGE('',*,*,#3911,.F.);
#5633=ORIENTED_EDGE('',*,*,#3853,.T.);
#5634=ORIENTED_EDGE('',*,*,#3911,.T.);
#5635=ORIENTED_EDGE('',*,*,#3912,.F.);
#5636=ORIENTED_EDGE('',*,*,#3913,.F.);
#5637=ORIENTED_EDGE('',*,*,#3846,.T.);
#5638=ORIENTED_EDGE('',*,*,#3913,.T.);
#5639=ORIENTED_EDGE('',*,*,#3914,.F.);
#5640=ORIENTED_EDGE('',*,*,#3899,.F.);
#5641=ORIENTED_EDGE('',*,*,#3855,.T.);
#5642=ORIENTED_EDGE('',*,*,#3915,.T.);
#5643=ORIENTED_EDGE('',*,*,#3916,.F.);
#5644=ORIENTED_EDGE('',*,*,#3917,.F.);
#5645=ORIENTED_EDGE('',*,*,#3856,.T.);
#5646=ORIENTED_EDGE('',*,*,#3917,.T.);
#5647=ORIENTED_EDGE('',*,*,#3918,.F.);
#5648=ORIENTED_EDGE('',*,*,#3919,.F.);
#5649=ORIENTED_EDGE('',*,*,#3857,.T.);
#5650=ORIENTED_EDGE('',*,*,#3919,.T.);
#5651=ORIENTED_EDGE('',*,*,#3920,.F.);
#5652=ORIENTED_EDGE('',*,*,#3921,.F.);
#5653=ORIENTED_EDGE('',*,*,#3858,.T.);
#5654=ORIENTED_EDGE('',*,*,#3921,.T.);
#5655=ORIENTED_EDGE('',*,*,#3922,.F.);
#5656=ORIENTED_EDGE('',*,*,#3923,.F.);
#5657=ORIENTED_EDGE('',*,*,#3859,.T.);
#5658=ORIENTED_EDGE('',*,*,#3923,.T.);
#5659=ORIENTED_EDGE('',*,*,#3924,.F.);
#5660=ORIENTED_EDGE('',*,*,#3925,.F.);
#5661=ORIENTED_EDGE('',*,*,#3860,.T.);
#5662=ORIENTED_EDGE('',*,*,#3925,.T.);
#5663=ORIENTED_EDGE('',*,*,#3926,.F.);
#5664=ORIENTED_EDGE('',*,*,#3927,.F.);
#5665=ORIENTED_EDGE('',*,*,#3861,.T.);
#5666=ORIENTED_EDGE('',*,*,#3927,.T.);
#5667=ORIENTED_EDGE('',*,*,#3928,.F.);
#5668=ORIENTED_EDGE('',*,*,#3929,.F.);
#5669=ORIENTED_EDGE('',*,*,#3854,.T.);
#5670=ORIENTED_EDGE('',*,*,#3929,.T.);
#5671=ORIENTED_EDGE('',*,*,#3930,.F.);
#5672=ORIENTED_EDGE('',*,*,#3915,.F.);
#5673=ORIENTED_EDGE('',*,*,#3931,.F.);
#5674=ORIENTED_EDGE('',*,*,#3932,.T.);
#5675=ORIENTED_EDGE('',*,*,#3862,.T.);
#5676=ORIENTED_EDGE('',*,*,#3932,.F.);
#5677=ORIENTED_EDGE('',*,*,#3933,.F.);
#5678=ORIENTED_EDGE('',*,*,#3934,.T.);
#5679=ORIENTED_EDGE('',*,*,#3863,.T.);
#5680=ORIENTED_EDGE('',*,*,#3934,.F.);
#5681=ORIENTED_EDGE('',*,*,#3935,.F.);
#5682=ORIENTED_EDGE('',*,*,#3936,.T.);
#5683=ORIENTED_EDGE('',*,*,#3864,.T.);
#5684=ORIENTED_EDGE('',*,*,#3936,.F.);
#5685=ORIENTED_EDGE('',*,*,#3873,.F.);
#5686=ORIENTED_EDGE('',*,*,#3937,.F.);
#5687=ORIENTED_EDGE('',*,*,#3879,.F.);
#5688=ORIENTED_EDGE('',*,*,#3834,.F.);
#5689=ORIENTED_EDGE('',*,*,#3871,.F.);
#5690=ORIENTED_EDGE('',*,*,#3938,.F.);
#5691=ORIENTED_EDGE('',*,*,#3939,.F.);
#5692=ORIENTED_EDGE('',*,*,#3828,.F.);
#5693=ORIENTED_EDGE('',*,*,#3829,.T.);
#5694=ORIENTED_EDGE('',*,*,#3939,.T.);
#5695=ORIENTED_EDGE('',*,*,#3940,.F.);
#5696=ORIENTED_EDGE('',*,*,#3941,.F.);
#5697=ORIENTED_EDGE('',*,*,#3830,.T.);
#5698=ORIENTED_EDGE('',*,*,#3941,.T.);
#5699=ORIENTED_EDGE('',*,*,#3942,.F.);
#5700=ORIENTED_EDGE('',*,*,#3943,.F.);
#5701=ORIENTED_EDGE('',*,*,#3831,.T.);
#5702=ORIENTED_EDGE('',*,*,#3943,.T.);
#5703=ORIENTED_EDGE('',*,*,#3944,.F.);
#5704=ORIENTED_EDGE('',*,*,#3875,.F.);
#5705=ORIENTED_EDGE('',*,*,#3865,.F.);
#5706=ORIENTED_EDGE('',*,*,#3880,.T.);
#5707=ORIENTED_EDGE('',*,*,#3877,.F.);
#5708=ORIENTED_EDGE('',*,*,#3937,.T.);
#5709=ORIENTED_EDGE('',*,*,#3872,.F.);
#5710=ORIENTED_EDGE('',*,*,#3876,.T.);
#5711=ORIENTED_EDGE('',*,*,#3944,.T.);
#5712=ORIENTED_EDGE('',*,*,#3942,.T.);
#5713=ORIENTED_EDGE('',*,*,#3940,.T.);
#5714=ORIENTED_EDGE('',*,*,#3938,.T.);
#5715=ORIENTED_EDGE('',*,*,#3870,.F.);
#5716=ORIENTED_EDGE('',*,*,#3868,.T.);
#5717=ORIENTED_EDGE('',*,*,#3935,.T.);
#5718=ORIENTED_EDGE('',*,*,#3933,.T.);
#5719=ORIENTED_EDGE('',*,*,#3931,.T.);
#5720=ORIENTED_EDGE('',*,*,#3930,.T.);
#5721=ORIENTED_EDGE('',*,*,#3928,.T.);
#5722=ORIENTED_EDGE('',*,*,#3926,.T.);
#5723=ORIENTED_EDGE('',*,*,#3924,.T.);
#5724=ORIENTED_EDGE('',*,*,#3922,.T.);
#5725=ORIENTED_EDGE('',*,*,#3920,.T.);
#5726=ORIENTED_EDGE('',*,*,#3918,.T.);
#5727=ORIENTED_EDGE('',*,*,#3916,.T.);
#5728=ORIENTED_EDGE('',*,*,#3914,.T.);
#5729=ORIENTED_EDGE('',*,*,#3912,.T.);
#5730=ORIENTED_EDGE('',*,*,#3910,.T.);
#5731=ORIENTED_EDGE('',*,*,#3908,.T.);
#5732=ORIENTED_EDGE('',*,*,#3906,.T.);
#5733=ORIENTED_EDGE('',*,*,#3904,.T.);
#5734=ORIENTED_EDGE('',*,*,#3902,.T.);
#5735=ORIENTED_EDGE('',*,*,#3900,.T.);
#5736=ORIENTED_EDGE('',*,*,#3897,.T.);
#5737=ORIENTED_EDGE('',*,*,#3896,.T.);
#5738=ORIENTED_EDGE('',*,*,#3894,.T.);
#5739=ORIENTED_EDGE('',*,*,#3892,.T.);
#5740=ORIENTED_EDGE('',*,*,#3890,.T.);
#5741=ORIENTED_EDGE('',*,*,#3888,.T.);
#5742=ORIENTED_EDGE('',*,*,#3886,.T.);
#5743=ORIENTED_EDGE('',*,*,#3884,.T.);
#5744=ORIENTED_EDGE('',*,*,#3882,.T.);
#5745=CYLINDRICAL_SURFACE('',#6130,5.);
#5746=CYLINDRICAL_SURFACE('',#6142,5.);
#5747=CYLINDRICAL_SURFACE('',#6144,5.);
#5748=CYLINDRICAL_SURFACE('',#6147,5.);
#5749=CYLINDRICAL_SURFACE('',#6156,3.);
#5750=CYLINDRICAL_SURFACE('',#6159,3.);
#5751=CYLINDRICAL_SURFACE('',#6162,3.);
#5752=CYLINDRICAL_SURFACE('',#6165,3.);
#5753=CYLINDRICAL_SURFACE('',#6172,1.7);
#5754=CYLINDRICAL_SURFACE('',#6175,1.7);
#5755=CYLINDRICAL_SURFACE('',#6178,1.7);
#5756=CYLINDRICAL_SURFACE('',#6181,1.7);
#5757=CYLINDRICAL_SURFACE('',#6283,5.);
#5758=CYLINDRICAL_SURFACE('',#6287,5.);
#5759=CYLINDRICAL_SURFACE('',#6289,5.);
#5760=CYLINDRICAL_SURFACE('',#6292,5.);
#5761=CYLINDRICAL_SURFACE('',#6296,0.5);
#5762=CYLINDRICAL_SURFACE('',#6299,0.5);
#5763=CYLINDRICAL_SURFACE('',#6302,0.499999999999998);
#5764=CYLINDRICAL_SURFACE('',#6305,0.5);
#5765=CYLINDRICAL_SURFACE('',#6307,1.7);
#5766=CYLINDRICAL_SURFACE('',#6310,0.499999999999998);
#5767=CYLINDRICAL_SURFACE('',#6313,0.5);
#5768=CYLINDRICAL_SURFACE('',#6316,0.499999999999998);
#5769=CYLINDRICAL_SURFACE('',#6319,0.5);
#5770=CYLINDRICAL_SURFACE('',#6322,0.499999999999998);
#5771=CYLINDRICAL_SURFACE('',#6325,0.5);
#5772=CYLINDRICAL_SURFACE('',#6328,0.500000000000003);
#5773=CYLINDRICAL_SURFACE('',#6331,0.5);
#5774=CYLINDRICAL_SURFACE('',#6333,1.7);
#5775=CYLINDRICAL_SURFACE('',#6335,1.7);
#5776=CYLINDRICAL_SURFACE('',#6337,1.7);
#5777=ADVANCED_FACE('',(#717),#5745,.T.);
#5778=ADVANCED_FACE('',(#718,#555,#556,#557,#558),#599,.T.);
#5779=ADVANCED_FACE('',(#719),#600,.T.);
#5780=ADVANCED_FACE('',(#720),#5746,.T.);
#5781=ADVANCED_FACE('',(#721),#5747,.T.);
#5782=ADVANCED_FACE('',(#722),#601,.T.);
#5783=ADVANCED_FACE('',(#723),#5748,.T.);
#5784=ADVANCED_FACE('',(#724),#602,.F.);
#5785=ADVANCED_FACE('',(#725),#603,.F.);
#5786=ADVANCED_FACE('',(#726),#604,.F.);
#5787=ADVANCED_FACE('',(#727),#605,.T.);
#5788=ADVANCED_FACE('',(#728),#606,.T.);
#5789=ADVANCED_FACE('',(#729),#607,.T.);
#5790=ADVANCED_FACE('',(#730),#608,.T.);
#5791=ADVANCED_FACE('',(#731),#5749,.F.);
#5792=ADVANCED_FACE('',(#732),#5750,.F.);
#5793=ADVANCED_FACE('',(#733),#5751,.F.);
#5794=ADVANCED_FACE('',(#734),#5752,.F.);
#5795=ADVANCED_FACE('',(#735),#609,.T.);
#5796=ADVANCED_FACE('',(#736),#610,.T.);
#5797=ADVANCED_FACE('',(#737),#611,.T.);
#5798=ADVANCED_FACE('',(#738,#559,#560,#561,#562),#612,.F.);
#5799=ADVANCED_FACE('',(#739),#5753,.F.);
#5800=ADVANCED_FACE('',(#740,#563),#613,.F.);
#5801=ADVANCED_FACE('',(#741),#5754,.F.);
#5802=ADVANCED_FACE('',(#742,#564),#614,.F.);
#5803=ADVANCED_FACE('',(#743),#5755,.F.);
#5804=ADVANCED_FACE('',(#744,#565),#615,.F.);
#5805=ADVANCED_FACE('',(#745),#5756,.F.);
#5806=ADVANCED_FACE('',(#746,#566),#616,.F.);
#5807=ADVANCED_FACE('',(#747),#371,.F.);
#5808=ADVANCED_FACE('',(#748),#372,.F.);
#5809=ADVANCED_FACE('',(#749),#373,.F.);
#5810=ADVANCED_FACE('',(#750),#617,.F.);
#5811=ADVANCED_FACE('',(#751),#374,.F.);
#5812=ADVANCED_FACE('',(#752),#375,.F.);
#5813=ADVANCED_FACE('',(#753),#376,.F.);
#5814=ADVANCED_FACE('',(#754),#377,.F.);
#5815=ADVANCED_FACE('',(#755),#618,.F.);
#5816=ADVANCED_FACE('',(#756),#378,.F.);
#5817=ADVANCED_FACE('',(#757),#379,.F.);
#5818=ADVANCED_FACE('',(#758),#380,.F.);
#5819=ADVANCED_FACE('',(#759),#381,.F.);
#5820=ADVANCED_FACE('',(#760),#382,.F.);
#5821=ADVANCED_FACE('',(#761),#383,.F.);
#5822=ADVANCED_FACE('',(#762),#384,.F.);
#5823=ADVANCED_FACE('',(#763),#385,.F.);
#5824=ADVANCED_FACE('',(#764),#386,.F.);
#5825=ADVANCED_FACE('',(#765),#619,.F.);
#5826=ADVANCED_FACE('',(#766),#387,.F.);
#5827=ADVANCED_FACE('',(#767,#567),#620,.T.);
#5828=ADVANCED_FACE('',(#768),#388,.F.);
#5829=ADVANCED_FACE('',(#769),#389,.F.);
#5830=ADVANCED_FACE('',(#770),#390,.F.);
#5831=ADVANCED_FACE('',(#771),#391,.F.);
#5832=ADVANCED_FACE('',(#772),#392,.F.);
#5833=ADVANCED_FACE('',(#773),#393,.F.);
#5834=ADVANCED_FACE('',(#774),#394,.F.);
#5835=ADVANCED_FACE('',(#775),#395,.F.);
#5836=ADVANCED_FACE('',(#776),#396,.F.);
#5837=ADVANCED_FACE('',(#777),#397,.F.);
#5838=ADVANCED_FACE('',(#778),#398,.F.);
#5839=ADVANCED_FACE('',(#779),#399,.F.);
#5840=ADVANCED_FACE('',(#780),#400,.F.);
#5841=ADVANCED_FACE('',(#781),#401,.F.);
#5842=ADVANCED_FACE('',(#782),#402,.F.);
#5843=ADVANCED_FACE('',(#783),#403,.F.);
#5844=ADVANCED_FACE('',(#784),#404,.F.);
#5845=ADVANCED_FACE('',(#785,#568),#621,.T.);
#5846=ADVANCED_FACE('',(#786),#622,.F.);
#5847=ADVANCED_FACE('',(#787),#405,.F.);
#5848=ADVANCED_FACE('',(#788),#406,.F.);
#5849=ADVANCED_FACE('',(#789),#407,.F.);
#5850=ADVANCED_FACE('',(#790),#408,.F.);
#5851=ADVANCED_FACE('',(#791),#623,.F.);
#5852=ADVANCED_FACE('',(#792),#409,.F.);
#5853=ADVANCED_FACE('',(#793),#410,.F.);
#5854=ADVANCED_FACE('',(#794),#411,.F.);
#5855=ADVANCED_FACE('',(#795),#624,.F.);
#5856=ADVANCED_FACE('',(#796),#625,.F.);
#5857=ADVANCED_FACE('',(#797),#626,.F.);
#5858=ADVANCED_FACE('',(#798),#627,.F.);
#5859=ADVANCED_FACE('',(#799),#628,.T.);
#5860=ADVANCED_FACE('',(#800),#412,.F.);
#5861=ADVANCED_FACE('',(#801),#413,.F.);
#5862=ADVANCED_FACE('',(#802),#414,.F.);
#5863=ADVANCED_FACE('',(#803),#629,.F.);
#5864=ADVANCED_FACE('',(#804),#415,.F.);
#5865=ADVANCED_FACE('',(#805),#416,.F.);
#5866=ADVANCED_FACE('',(#806),#417,.F.);
#5867=ADVANCED_FACE('',(#807),#418,.F.);
#5868=ADVANCED_FACE('',(#808),#630,.F.);
#5869=ADVANCED_FACE('',(#809),#419,.F.);
#5870=ADVANCED_FACE('',(#810),#420,.F.);
#5871=ADVANCED_FACE('',(#811),#421,.F.);
#5872=ADVANCED_FACE('',(#812),#422,.F.);
#5873=ADVANCED_FACE('',(#813),#423,.F.);
#5874=ADVANCED_FACE('',(#814),#424,.F.);
#5875=ADVANCED_FACE('',(#815),#425,.F.);
#5876=ADVANCED_FACE('',(#816),#426,.F.);
#5877=ADVANCED_FACE('',(#817),#427,.F.);
#5878=ADVANCED_FACE('',(#818),#631,.F.);
#5879=ADVANCED_FACE('',(#819),#428,.F.);
#5880=ADVANCED_FACE('',(#820,#569),#632,.T.);
#5881=ADVANCED_FACE('',(#821),#429,.F.);
#5882=ADVANCED_FACE('',(#822),#430,.F.);
#5883=ADVANCED_FACE('',(#823),#431,.F.);
#5884=ADVANCED_FACE('',(#824),#633,.F.);
#5885=ADVANCED_FACE('',(#825),#634,.F.);
#5886=ADVANCED_FACE('',(#826),#635,.F.);
#5887=ADVANCED_FACE('',(#827),#636,.F.);
#5888=ADVANCED_FACE('',(#828),#637,.F.);
#5889=ADVANCED_FACE('',(#829),#638,.F.);
#5890=ADVANCED_FACE('',(#830),#639,.F.);
#5891=ADVANCED_FACE('',(#831),#640,.F.);
#5892=ADVANCED_FACE('',(#832),#641,.F.);
#5893=ADVANCED_FACE('',(#833),#642,.F.);
#5894=ADVANCED_FACE('',(#834),#643,.F.);
#5895=ADVANCED_FACE('',(#835),#432,.F.);
#5896=ADVANCED_FACE('',(#836),#433,.F.);
#5897=ADVANCED_FACE('',(#837),#434,.F.);
#5898=ADVANCED_FACE('',(#838),#435,.F.);
#5899=ADVANCED_FACE('',(#839),#644,.F.);
#5900=ADVANCED_FACE('',(#840),#436,.F.);
#5901=ADVANCED_FACE('',(#841),#645,.T.);
#5902=ADVANCED_FACE('',(#842),#437,.F.);
#5903=ADVANCED_FACE('',(#843),#438,.F.);
#5904=ADVANCED_FACE('',(#844),#439,.F.);
#5905=ADVANCED_FACE('',(#845),#646,.F.);
#5906=ADVANCED_FACE('',(#846),#440,.F.);
#5907=ADVANCED_FACE('',(#847),#441,.F.);
#5908=ADVANCED_FACE('',(#848),#442,.F.);
#5909=ADVANCED_FACE('',(#849),#443,.F.);
#5910=ADVANCED_FACE('',(#850),#647,.F.);
#5911=ADVANCED_FACE('',(#851),#444,.F.);
#5912=ADVANCED_FACE('',(#852),#445,.F.);
#5913=ADVANCED_FACE('',(#853),#446,.F.);
#5914=ADVANCED_FACE('',(#854),#447,.F.);
#5915=ADVANCED_FACE('',(#855),#448,.F.);
#5916=ADVANCED_FACE('',(#856),#449,.F.);
#5917=ADVANCED_FACE('',(#857),#450,.F.);
#5918=ADVANCED_FACE('',(#858),#451,.F.);
#5919=ADVANCED_FACE('',(#859),#452,.F.);
#5920=ADVANCED_FACE('',(#860),#648,.F.);
#5921=ADVANCED_FACE('',(#861),#453,.F.);
#5922=ADVANCED_FACE('',(#862,#570),#649,.T.);
#5923=ADVANCED_FACE('',(#863),#454,.F.);
#5924=ADVANCED_FACE('',(#864),#455,.F.);
#5925=ADVANCED_FACE('',(#865),#456,.F.);
#5926=ADVANCED_FACE('',(#866),#457,.F.);
#5927=ADVANCED_FACE('',(#867),#458,.F.);
#5928=ADVANCED_FACE('',(#868),#459,.F.);
#5929=ADVANCED_FACE('',(#869),#460,.F.);
#5930=ADVANCED_FACE('',(#870),#461,.F.);
#5931=ADVANCED_FACE('',(#871),#462,.F.);
#5932=ADVANCED_FACE('',(#872),#650,.F.);
#5933=ADVANCED_FACE('',(#873),#651,.F.);
#5934=ADVANCED_FACE('',(#874),#463,.F.);
#5935=ADVANCED_FACE('',(#875),#464,.F.);
#5936=ADVANCED_FACE('',(#876),#652,.F.);
#5937=ADVANCED_FACE('',(#877),#465,.F.);
#5938=ADVANCED_FACE('',(#878),#466,.F.);
#5939=ADVANCED_FACE('',(#879),#467,.F.);
#5940=ADVANCED_FACE('',(#880),#468,.F.);
#5941=ADVANCED_FACE('',(#881),#469,.F.);
#5942=ADVANCED_FACE('',(#882),#470,.F.);
#5943=ADVANCED_FACE('',(#883),#471,.F.);
#5944=ADVANCED_FACE('',(#884),#653,.F.);
#5945=ADVANCED_FACE('',(#885),#472,.F.);
#5946=ADVANCED_FACE('',(#886),#473,.F.);
#5947=ADVANCED_FACE('',(#887),#474,.F.);
#5948=ADVANCED_FACE('',(#888),#475,.F.);
#5949=ADVANCED_FACE('',(#889),#476,.F.);
#5950=ADVANCED_FACE('',(#890),#477,.F.);
#5951=ADVANCED_FACE('',(#891),#478,.F.);
#5952=ADVANCED_FACE('',(#892),#479,.F.);
#5953=ADVANCED_FACE('',(#893),#480,.F.);
#5954=ADVANCED_FACE('',(#894),#481,.F.);
#5955=ADVANCED_FACE('',(#895),#482,.F.);
#5956=ADVANCED_FACE('',(#896),#483,.F.);
#5957=ADVANCED_FACE('',(#897),#484,.F.);
#5958=ADVANCED_FACE('',(#898),#485,.F.);
#5959=ADVANCED_FACE('',(#899),#486,.F.);
#5960=ADVANCED_FACE('',(#900,#571),#654,.T.);
#5961=ADVANCED_FACE('',(#901),#487,.F.);
#5962=ADVANCED_FACE('',(#902),#488,.F.);
#5963=ADVANCED_FACE('',(#903),#489,.F.);
#5964=ADVANCED_FACE('',(#904),#490,.F.);
#5965=ADVANCED_FACE('',(#905),#491,.F.);
#5966=ADVANCED_FACE('',(#906),#492,.F.);
#5967=ADVANCED_FACE('',(#907),#493,.F.);
#5968=ADVANCED_FACE('',(#908),#494,.F.);
#5969=ADVANCED_FACE('',(#909),#495,.F.);
#5970=ADVANCED_FACE('',(#910),#496,.F.);
#5971=ADVANCED_FACE('',(#911),#497,.F.);
#5972=ADVANCED_FACE('',(#912),#498,.F.);
#5973=ADVANCED_FACE('',(#913),#499,.F.);
#5974=ADVANCED_FACE('',(#914),#500,.F.);
#5975=ADVANCED_FACE('',(#915),#501,.F.);
#5976=ADVANCED_FACE('',(#916),#502,.F.);
#5977=ADVANCED_FACE('',(#917),#655,.F.);
#5978=ADVANCED_FACE('',(#918),#656,.F.);
#5979=ADVANCED_FACE('',(#919),#657,.F.);
#5980=ADVANCED_FACE('',(#920),#658,.F.);
#5981=ADVANCED_FACE('',(#921),#659,.F.);
#5982=ADVANCED_FACE('',(#922,#572),#660,.T.);
#5983=ADVANCED_FACE('',(#923),#661,.F.);
#5984=ADVANCED_FACE('',(#924),#503,.F.);
#5985=ADVANCED_FACE('',(#925),#504,.F.);
#5986=ADVANCED_FACE('',(#926),#505,.F.);
#5987=ADVANCED_FACE('',(#927),#506,.F.);
#5988=ADVANCED_FACE('',(#928),#507,.F.);
#5989=ADVANCED_FACE('',(#929),#662,.F.);
#5990=ADVANCED_FACE('',(#930),#663,.F.);
#5991=ADVANCED_FACE('',(#931),#664,.F.);
#5992=ADVANCED_FACE('',(#932),#508,.F.);
#5993=ADVANCED_FACE('',(#933),#509,.F.);
#5994=ADVANCED_FACE('',(#934),#510,.F.);
#5995=ADVANCED_FACE('',(#935),#511,.F.);
#5996=ADVANCED_FACE('',(#936),#512,.F.);
#5997=ADVANCED_FACE('',(#937),#665,.F.);
#5998=ADVANCED_FACE('',(#938),#666,.F.);
#5999=ADVANCED_FACE('',(#939),#667,.F.);
#6000=ADVANCED_FACE('',(#940),#668,.F.);
#6001=ADVANCED_FACE('',(#941),#669,.T.);
#6002=ADVANCED_FACE('',(#942),#670,.F.);
#6003=ADVANCED_FACE('',(#943),#513,.F.);
#6004=ADVANCED_FACE('',(#944),#514,.F.);
#6005=ADVANCED_FACE('',(#945),#515,.F.);
#6006=ADVANCED_FACE('',(#946),#516,.F.);
#6007=ADVANCED_FACE('',(#947),#517,.F.);
#6008=ADVANCED_FACE('',(#948),#671,.F.);
#6009=ADVANCED_FACE('',(#949),#672,.F.);
#6010=ADVANCED_FACE('',(#950),#673,.F.);
#6011=ADVANCED_FACE('',(#951),#518,.F.);
#6012=ADVANCED_FACE('',(#952),#519,.F.);
#6013=ADVANCED_FACE('',(#953),#520,.F.);
#6014=ADVANCED_FACE('',(#954),#521,.F.);
#6015=ADVANCED_FACE('',(#955),#522,.F.);
#6016=ADVANCED_FACE('',(#956),#674,.F.);
#6017=ADVANCED_FACE('',(#957),#675,.F.);
#6018=ADVANCED_FACE('',(#958),#676,.F.);
#6019=ADVANCED_FACE('',(#959),#523,.F.);
#6020=ADVANCED_FACE('',(#960),#524,.F.);
#6021=ADVANCED_FACE('',(#961),#525,.F.);
#6022=ADVANCED_FACE('',(#962),#526,.F.);
#6023=ADVANCED_FACE('',(#963),#527,.F.);
#6024=ADVANCED_FACE('',(#964),#528,.F.);
#6025=ADVANCED_FACE('',(#965),#529,.F.);
#6026=ADVANCED_FACE('',(#966),#677,.F.);
#6027=ADVANCED_FACE('',(#967),#678,.F.);
#6028=ADVANCED_FACE('',(#968),#679,.F.);
#6029=ADVANCED_FACE('',(#969),#680,.F.);
#6030=ADVANCED_FACE('',(#970),#681,.T.);
#6031=ADVANCED_FACE('',(#971),#530,.F.);
#6032=ADVANCED_FACE('',(#972),#531,.F.);
#6033=ADVANCED_FACE('',(#973),#532,.F.);
#6034=ADVANCED_FACE('',(#974),#533,.F.);
#6035=ADVANCED_FACE('',(#975),#534,.F.);
#6036=ADVANCED_FACE('',(#976),#535,.F.);
#6037=ADVANCED_FACE('',(#977),#536,.F.);
#6038=ADVANCED_FACE('',(#978),#537,.F.);
#6039=ADVANCED_FACE('',(#979),#682,.F.);
#6040=ADVANCED_FACE('',(#980),#683,.F.);
#6041=ADVANCED_FACE('',(#981),#684,.F.);
#6042=ADVANCED_FACE('',(#982),#538,.F.);
#6043=ADVANCED_FACE('',(#983),#539,.F.);
#6044=ADVANCED_FACE('',(#984),#540,.F.);
#6045=ADVANCED_FACE('',(#985),#541,.F.);
#6046=ADVANCED_FACE('',(#986),#542,.F.);
#6047=ADVANCED_FACE('',(#987),#543,.F.);
#6048=ADVANCED_FACE('',(#988),#544,.F.);
#6049=ADVANCED_FACE('',(#989),#545,.F.);
#6050=ADVANCED_FACE('',(#990),#546,.F.);
#6051=ADVANCED_FACE('',(#991),#685,.F.);
#6052=ADVANCED_FACE('',(#992),#686,.F.);
#6053=ADVANCED_FACE('',(#993,#573),#687,.T.);
#6054=ADVANCED_FACE('',(#994,#574,#575,#576,#577,#578,#579,#580,#581,#582,
#583,#584,#585,#586,#587,#588,#589,#590,#591),#688,.F.);
#6055=ADVANCED_FACE('',(#995),#689,.F.);
#6056=ADVANCED_FACE('',(#996),#690,.F.);
#6057=ADVANCED_FACE('',(#997),#691,.F.);
#6058=ADVANCED_FACE('',(#998),#692,.F.);
#6059=ADVANCED_FACE('',(#999),#693,.F.);
#6060=ADVANCED_FACE('',(#1000),#694,.F.);
#6061=ADVANCED_FACE('',(#1001),#5757,.T.);
#6062=ADVANCED_FACE('',(#1002),#695,.F.);
#6063=ADVANCED_FACE('',(#1003),#696,.T.);
#6064=ADVANCED_FACE('',(#1004),#5758,.T.);
#6065=ADVANCED_FACE('',(#1005),#5759,.T.);
#6066=ADVANCED_FACE('',(#1006),#697,.T.);
#6067=ADVANCED_FACE('',(#1007),#5760,.T.);
#6068=ADVANCED_FACE('',(#1008),#698,.T.);
#6069=ADVANCED_FACE('',(#1009),#699,.T.);
#6070=ADVANCED_FACE('',(#1010),#5761,.F.);
#6071=ADVANCED_FACE('',(#1011),#700,.T.);
#6072=ADVANCED_FACE('',(#1012),#5762,.F.);
#6073=ADVANCED_FACE('',(#1013),#701,.T.);
#6074=ADVANCED_FACE('',(#1014),#5763,.F.);
#6075=ADVANCED_FACE('',(#1015),#702,.T.);
#6076=ADVANCED_FACE('',(#1016),#5764,.F.);
#6077=ADVANCED_FACE('',(#1017),#5765,.F.);
#6078=ADVANCED_FACE('',(#1018),#703,.T.);
#6079=ADVANCED_FACE('',(#1019),#5766,.F.);
#6080=ADVANCED_FACE('',(#1020),#704,.T.);
#6081=ADVANCED_FACE('',(#1021),#5767,.F.);
#6082=ADVANCED_FACE('',(#1022),#705,.T.);
#6083=ADVANCED_FACE('',(#1023),#5768,.F.);
#6084=ADVANCED_FACE('',(#1024),#706,.T.);
#6085=ADVANCED_FACE('',(#1025),#5769,.F.);
#6086=ADVANCED_FACE('',(#1026),#707,.T.);
#6087=ADVANCED_FACE('',(#1027),#5770,.F.);
#6088=ADVANCED_FACE('',(#1028),#708,.T.);
#6089=ADVANCED_FACE('',(#1029),#5771,.F.);
#6090=ADVANCED_FACE('',(#1030),#709,.T.);
#6091=ADVANCED_FACE('',(#1031),#5772,.F.);
#6092=ADVANCED_FACE('',(#1032),#710,.T.);
#6093=ADVANCED_FACE('',(#1033),#5773,.F.);
#6094=ADVANCED_FACE('',(#1034),#5774,.F.);
#6095=ADVANCED_FACE('',(#1035),#5775,.F.);
#6096=ADVANCED_FACE('',(#1036),#5776,.F.);
#6097=ADVANCED_FACE('',(#1037),#711,.T.);
#6098=ADVANCED_FACE('',(#1038),#712,.T.);
#6099=ADVANCED_FACE('',(#1039),#713,.T.);
#6100=ADVANCED_FACE('',(#1040),#714,.T.);
#6101=ADVANCED_FACE('',(#1041),#715,.T.);
#6102=ADVANCED_FACE('',(#1042,#592,#593,#594,#595,#596,#597,#598),#716,
 .T.);
#6103=CLOSED_SHELL('',(#5777,#5778,#5779,#5780,#5781,#5782,#5783,#5784,
#5785,#5786,#5787,#5788,#5789,#5790,#5791,#5792,#5793,#5794,#5795,#5796,
#5797,#5798,#5799,#5800,#5801,#5802,#5803,#5804,#5805,#5806));
#6104=CLOSED_SHELL('',(#5807,#5808,#5809,#5810,#5811,#5812,#5813,#5814,
#5815,#5816,#5817,#5818,#5819,#5820,#5821,#5822,#5823,#5824,#5825,#5826,
#5827,#5828,#5829,#5830,#5831,#5832,#5833,#5834,#5835,#5836,#5837,#5838,
#5839,#5840,#5841,#5842,#5843,#5844,#5845,#5846,#5847,#5848,#5849,#5850,
#5851,#5852,#5853,#5854,#5855,#5856,#5857,#5858,#5859,#5860,#5861,#5862,
#5863,#5864,#5865,#5866,#5867,#5868,#5869,#5870,#5871,#5872,#5873,#5874,
#5875,#5876,#5877,#5878,#5879,#5880,#5881,#5882,#5883,#5884,#5885,#5886,
#5887,#5888,#5889,#5890,#5891,#5892,#5893,#5894,#5895,#5896,#5897,#5898,
#5899,#5900,#5901,#5902,#5903,#5904,#5905,#5906,#5907,#5908,#5909,#5910,
#5911,#5912,#5913,#5914,#5915,#5916,#5917,#5918,#5919,#5920,#5921,#5922,
#5923,#5924,#5925,#5926,#5927,#5928,#5929,#5930,#5931,#5932,#5933,#5934,
#5935,#5936,#5937,#5938,#5939,#5940,#5941,#5942,#5943,#5944,#5945,#5946,
#5947,#5948,#5949,#5950,#5951,#5952,#5953,#5954,#5955,#5956,#5957,#5958,
#5959,#5960,#5961,#5962,#5963,#5964,#5965,#5966,#5967,#5968,#5969,#5970,
#5971,#5972,#5973,#5974,#5975,#5976,#5977,#5978,#5979,#5980,#5981,#5982,
#5983,#5984,#5985,#5986,#5987,#5988,#5989,#5990,#5991,#5992,#5993,#5994,
#5995,#5996,#5997,#5998,#5999,#6000,#6001,#6002,#6003,#6004,#6005,#6006,
#6007,#6008,#6009,#6010,#6011,#6012,#6013,#6014,#6015,#6016,#6017,#6018,
#6019,#6020,#6021,#6022,#6023,#6024,#6025,#6026,#6027,#6028,#6029,#6030,
#6031,#6032,#6033,#6034,#6035,#6036,#6037,#6038,#6039,#6040,#6041,#6042,
#6043,#6044,#6045,#6046,#6047,#6048,#6049,#6050,#6051,#6052,#6053,#6054,
#6055,#6056,#6057,#6058,#6059,#6060,#6061,#6062,#6063,#6064,#6065,#6066,
#6067,#6068,#6069,#6070,#6071,#6072,#6073,#6074,#6075,#6076,#6077,#6078,
#6079,#6080,#6081,#6082,#6083,#6084,#6085,#6086,#6087,#6088,#6089,#6090,
#6091,#6092,#6093,#6094,#6095,#6096,#6097,#6098,#6099,#6100,#6101,#6102));
#6105=DERIVED_UNIT_ELEMENT(#6109,1.);
#6106=DERIVED_UNIT_ELEMENT(#12101,-3.);
#6107=DERIVED_UNIT_ELEMENT(#6109,1.);
#6108=DERIVED_UNIT_ELEMENT(#12101,-3.);
#6109=(
MASS_UNIT()
NAMED_UNIT(*)
SI_UNIT(.KILO.,.GRAM.)
);
#6110=DERIVED_UNIT((#6105,#6106));
#6111=DERIVED_UNIT((#6107,#6108));
#6112=MEASURE_REPRESENTATION_ITEM('density measure',
POSITIVE_RATIO_MEASURE(7850.),#6110);
#6113=MEASURE_REPRESENTATION_ITEM('density measure',
POSITIVE_RATIO_MEASURE(7850.),#6111);
#6114=PROPERTY_DEFINITION_REPRESENTATION(#6124,#6118);
#6115=PROPERTY_DEFINITION_REPRESENTATION(#6125,#6119);
#6116=PROPERTY_DEFINITION_REPRESENTATION(#6126,#6120);
#6117=PROPERTY_DEFINITION_REPRESENTATION(#6127,#6121);
#6118=REPRESENTATION('material name',(#6122),#12097);
#6119=REPRESENTATION('density',(#6112),#12097);
#6120=REPRESENTATION('material name',(#6123),#12098);
#6121=REPRESENTATION('density',(#6113),#12098);
#6122=DESCRIPTIVE_REPRESENTATION_ITEM('Steel','Steel');
#6123=DESCRIPTIVE_REPRESENTATION_ITEM('Steel','Steel');
#6124=PROPERTY_DEFINITION('material property','material name',#12117);
#6125=PROPERTY_DEFINITION('material property','density of part',#12117);
#6126=PROPERTY_DEFINITION('material property','material name',#12118);
#6127=PROPERTY_DEFINITION('material property','density of part',#12118);
#6128=AXIS2_PLACEMENT_3D('',#7269,#6347,#6348);
#6129=AXIS2_PLACEMENT_3D('',#7270,#6349,#6350);
#6130=AXIS2_PLACEMENT_3D('',#7271,#6351,#6352);
#6131=AXIS2_PLACEMENT_3D('',#7274,#6353,#6354);
#6132=AXIS2_PLACEMENT_3D('',#7278,#6356,#6357);
#6133=AXIS2_PLACEMENT_3D('',#7280,#6359,#6360);
#6134=AXIS2_PLACEMENT_3D('',#7300,#6370,#6371);
#6135=AXIS2_PLACEMENT_3D('',#7304,#6373,#6374);
#6136=AXIS2_PLACEMENT_3D('',#7308,#6376,#6377);
#6137=AXIS2_PLACEMENT_3D('',#7311,#6379,#6380);
#6138=AXIS2_PLACEMENT_3D('',#7313,#6381,#6382);
#6139=AXIS2_PLACEMENT_3D('',#7315,#6383,#6384);
#6140=AXIS2_PLACEMENT_3D('',#7317,#6385,#6386);
#6141=AXIS2_PLACEMENT_3D('',#7318,#6387,#6388);
#6142=AXIS2_PLACEMENT_3D('',#7327,#6394,#6395);
#6143=AXIS2_PLACEMENT_3D('',#7329,#6396,#6397);
#6144=AXIS2_PLACEMENT_3D('',#7331,#6399,#6400);
#6145=AXIS2_PLACEMENT_3D('',#7335,#6402,#6403);
#6146=AXIS2_PLACEMENT_3D('',#7337,#6405,#6406);
#6147=AXIS2_PLACEMENT_3D('',#7341,#6409,#6410);
#6148=AXIS2_PLACEMENT_3D('',#7343,#6411,#6412);
#6149=AXIS2_PLACEMENT_3D('',#7345,#6414,#6415);
#6150=AXIS2_PLACEMENT_3D('',#7349,#6418,#6419);
#6151=AXIS2_PLACEMENT_3D('',#7353,#6422,#6423);
#6152=AXIS2_PLACEMENT_3D('',#7355,#6425,#6426);
#6153=AXIS2_PLACEMENT_3D('',#7361,#6430,#6431);
#6154=AXIS2_PLACEMENT_3D('',#7367,#6435,#6436);
#6155=AXIS2_PLACEMENT_3D('',#7370,#6439,#6440);
#6156=AXIS2_PLACEMENT_3D('',#7371,#6441,#6442);
#6157=AXIS2_PLACEMENT_3D('',#7373,#6443,#6444);
#6158=AXIS2_PLACEMENT_3D('',#7376,#6446,#6447);
#6159=AXIS2_PLACEMENT_3D('',#7377,#6448,#6449);
#6160=AXIS2_PLACEMENT_3D('',#7379,#6450,#6451);
#6161=AXIS2_PLACEMENT_3D('',#7382,#6453,#6454);
#6162=AXIS2_PLACEMENT_3D('',#7383,#6455,#6456);
#6163=AXIS2_PLACEMENT_3D('',#7385,#6457,#6458);
#6164=AXIS2_PLACEMENT_3D('',#7388,#6460,#6461);
#6165=AXIS2_PLACEMENT_3D('',#7389,#6462,#6463);
#6166=AXIS2_PLACEMENT_3D('',#7391,#6464,#6465);
#6167=AXIS2_PLACEMENT_3D('',#7394,#6467,#6468);
#6168=AXIS2_PLACEMENT_3D('',#7395,#6469,#6470);
#6169=AXIS2_PLACEMENT_3D('',#7396,#6471,#6472);
#6170=AXIS2_PLACEMENT_3D('',#7398,#6474,#6475);
#6171=AXIS2_PLACEMENT_3D('',#7400,#6477,#6478);
#6172=AXIS2_PLACEMENT_3D('',#7401,#6479,#6480);
#6173=AXIS2_PLACEMENT_3D('',#7404,#6482,#6483);
#6174=AXIS2_PLACEMENT_3D('',#7405,#6484,#6485);
#6175=AXIS2_PLACEMENT_3D('',#7406,#6486,#6487);
#6176=AXIS2_PLACEMENT_3D('',#7409,#6489,#6490);
#6177=AXIS2_PLACEMENT_3D('',#7410,#6491,#6492);
#6178=AXIS2_PLACEMENT_3D('',#7411,#6493,#6494);
#6179=AXIS2_PLACEMENT_3D('',#7414,#6496,#6497);
#6180=AXIS2_PLACEMENT_3D('',#7415,#6498,#6499);
#6181=AXIS2_PLACEMENT_3D('',#7416,#6500,#6501);
#6182=AXIS2_PLACEMENT_3D('',#7419,#6503,#6504);
#6183=AXIS2_PLACEMENT_3D('',#7420,#6505,#6506);
#6184=AXIS2_PLACEMENT_3D('',#7421,#6507,#6508);
#6185=AXIS2_PLACEMENT_3D('',#7494,#6513,#6514);
#6186=AXIS2_PLACEMENT_3D('',#7592,#6522,#6523);
#6187=AXIS2_PLACEMENT_3D('',#7805,#6536,#6537);
#6188=AXIS2_PLACEMENT_3D('',#7831,#6541,#6542);
#6189=AXIS2_PLACEMENT_3D('',#8223,#6560,#6561);
#6190=AXIS2_PLACEMENT_3D('',#8224,#6562,#6563);
#6191=AXIS2_PLACEMENT_3D('',#8325,#6572,#6573);
#6192=AXIS2_PLACEMENT_3D('',#8400,#6580,#6581);
#6193=AXIS2_PLACEMENT_3D('',#8406,#6585,#6586);
#6194=AXIS2_PLACEMENT_3D('',#8412,#6590,#6591);
#6195=AXIS2_PLACEMENT_3D('',#8418,#6595,#6596);
#6196=AXIS2_PLACEMENT_3D('',#8421,#6599,#6600);
#6197=AXIS2_PLACEMENT_3D('',#8494,#6605,#6606);
#6198=AXIS2_PLACEMENT_3D('',#8592,#6614,#6615);
#6199=AXIS2_PLACEMENT_3D('',#8805,#6628,#6629);
#6200=AXIS2_PLACEMENT_3D('',#8831,#6633,#6634);
#6201=AXIS2_PLACEMENT_3D('',#8904,#6639,#6640);
#6202=AXIS2_PLACEMENT_3D('',#8910,#6644,#6645);
#6203=AXIS2_PLACEMENT_3D('',#8916,#6649,#6650);
#6204=AXIS2_PLACEMENT_3D('',#8922,#6654,#6655);
#6205=AXIS2_PLACEMENT_3D('',#8928,#6659,#6660);
#6206=AXIS2_PLACEMENT_3D('',#8934,#6664,#6665);
#6207=AXIS2_PLACEMENT_3D('',#8940,#6669,#6670);
#6208=AXIS2_PLACEMENT_3D('',#8946,#6674,#6675);
#6209=AXIS2_PLACEMENT_3D('',#8952,#6679,#6680);
#6210=AXIS2_PLACEMENT_3D('',#8958,#6684,#6685);
#6211=AXIS2_PLACEMENT_3D('',#8964,#6689,#6690);
#6212=AXIS2_PLACEMENT_3D('',#9062,#6698,#6699);
#6213=AXIS2_PLACEMENT_3D('',#9088,#6703,#6704);
#6214=AXIS2_PLACEMENT_3D('',#9161,#6709,#6710);
#6215=AXIS2_PLACEMENT_3D('',#9259,#6718,#6719);
#6216=AXIS2_PLACEMENT_3D('',#9472,#6732,#6733);
#6217=AXIS2_PLACEMENT_3D('',#9498,#6737,#6738);
#6218=AXIS2_PLACEMENT_3D('',#9709,#6749,#6750);
#6219=AXIS2_PLACEMENT_3D('',#9712,#6753,#6754);
#6220=AXIS2_PLACEMENT_3D('',#9767,#6761,#6762);
#6221=AXIS2_PLACEMENT_3D('',#9934,#6773,#6774);
#6222=AXIS2_PLACEMENT_3D('',#10282,#6792,#6793);
#6223=AXIS2_PLACEMENT_3D('',#10654,#6811,#6812);
#6224=AXIS2_PLACEMENT_3D('',#10660,#6816,#6817);
#6225=AXIS2_PLACEMENT_3D('',#10666,#6821,#6822);
#6226=AXIS2_PLACEMENT_3D('',#10672,#6826,#6827);
#6227=AXIS2_PLACEMENT_3D('',#10678,#6831,#6832);
#6228=AXIS2_PLACEMENT_3D('',#10681,#6835,#6836);
#6229=AXIS2_PLACEMENT_3D('',#10682,#6837,#6838);
#6230=AXIS2_PLACEMENT_3D('',#10806,#6848,#6849);
#6231=AXIS2_PLACEMENT_3D('',#10812,#6853,#6854);
#6232=AXIS2_PLACEMENT_3D('',#10818,#6858,#6859);
#6233=AXIS2_PLACEMENT_3D('',#10939,#6868,#6869);
#6234=AXIS2_PLACEMENT_3D('',#10945,#6873,#6874);
#6235=AXIS2_PLACEMENT_3D('',#10951,#6878,#6879);
#6236=AXIS2_PLACEMENT_3D('',#10957,#6883,#6884);
#6237=AXIS2_PLACEMENT_3D('',#10960,#6887,#6888);
#6238=AXIS2_PLACEMENT_3D('',#10961,#6889,#6890);
#6239=AXIS2_PLACEMENT_3D('',#11085,#6900,#6901);
#6240=AXIS2_PLACEMENT_3D('',#11091,#6905,#6906);
#6241=AXIS2_PLACEMENT_3D('',#11097,#6910,#6911);
#6242=AXIS2_PLACEMENT_3D('',#11218,#6920,#6921);
#6243=AXIS2_PLACEMENT_3D('',#11224,#6925,#6926);
#6244=AXIS2_PLACEMENT_3D('',#11230,#6930,#6931);
#6245=AXIS2_PLACEMENT_3D('',#11397,#6942,#6943);
#6246=AXIS2_PLACEMENT_3D('',#11403,#6947,#6948);
#6247=AXIS2_PLACEMENT_3D('',#11409,#6952,#6953);
#6248=AXIS2_PLACEMENT_3D('',#11415,#6957,#6958);
#6249=AXIS2_PLACEMENT_3D('',#11418,#6961,#6962);
#6250=AXIS2_PLACEMENT_3D('',#11603,#6971,#6972);
#6251=AXIS2_PLACEMENT_3D('',#11612,#6977,#6978);
#6252=AXIS2_PLACEMENT_3D('',#11618,#6982,#6983);
#6253=AXIS2_PLACEMENT_3D('',#11831,#6996,#6997);
#6254=AXIS2_PLACEMENT_3D('',#11837,#7001,#7002);
#6255=AXIS2_PLACEMENT_3D('',#11840,#7005,#7006);
#6256=AXIS2_PLACEMENT_3D('',#11841,#7007,#7008);
#6257=AXIS2_PLACEMENT_3D('',#11844,#7009,#7010);
#6258=AXIS2_PLACEMENT_3D('',#11848,#7012,#7013);
#6259=AXIS2_PLACEMENT_3D('',#11860,#7019,#7020);
#6260=AXIS2_PLACEMENT_3D('',#11864,#7022,#7023);
#6261=AXIS2_PLACEMENT_3D('',#11868,#7025,#7026);
#6262=AXIS2_PLACEMENT_3D('',#11872,#7028,#7029);
#6263=AXIS2_PLACEMENT_3D('',#11876,#7031,#7032);
#6264=AXIS2_PLACEMENT_3D('',#11880,#7034,#7035);
#6265=AXIS2_PLACEMENT_3D('',#11883,#7037,#7038);
#6266=AXIS2_PLACEMENT_3D('',#11886,#7039,#7040);
#6267=AXIS2_PLACEMENT_3D('',#11890,#7042,#7043);
#6268=AXIS2_PLACEMENT_3D('',#11894,#7045,#7046);
#6269=AXIS2_PLACEMENT_3D('',#11898,#7048,#7049);
#6270=AXIS2_PLACEMENT_3D('',#11902,#7051,#7052);
#6271=AXIS2_PLACEMENT_3D('',#11906,#7054,#7055);
#6272=AXIS2_PLACEMENT_3D('',#11910,#7057,#7058);
#6273=AXIS2_PLACEMENT_3D('',#11914,#7060,#7061);
#6274=AXIS2_PLACEMENT_3D('',#11917,#7063,#7064);
#6275=AXIS2_PLACEMENT_3D('',#11919,#7065,#7066);
#6276=AXIS2_PLACEMENT_3D('',#11921,#7067,#7068);
#6277=AXIS2_PLACEMENT_3D('',#11922,#7069,#7070);
#6278=AXIS2_PLACEMENT_3D('',#11923,#7071,#7072);
#6279=AXIS2_PLACEMENT_3D('',#11924,#7073,#7074);
#6280=AXIS2_PLACEMENT_3D('',#11925,#7075,#7076);
#6281=AXIS2_PLACEMENT_3D('',#11926,#7077,#7078);
#6282=AXIS2_PLACEMENT_3D('',#11927,#7079,#7080);
#6283=AXIS2_PLACEMENT_3D('',#11928,#7081,#7082);
#6284=AXIS2_PLACEMENT_3D('',#11931,#7083,#7084);
#6285=AXIS2_PLACEMENT_3D('',#11934,#7087,#7088);
#6286=AXIS2_PLACEMENT_3D('',#11935,#7089,#7090);
#6287=AXIS2_PLACEMENT_3D('',#11939,#7093,#7094);
#6288=AXIS2_PLACEMENT_3D('',#11941,#7095,#7096);
#6289=AXIS2_PLACEMENT_3D('',#11943,#7098,#7099);
#6290=AXIS2_PLACEMENT_3D('',#11946,#7100,#7101);
#6291=AXIS2_PLACEMENT_3D('',#11949,#7104,#7105);
#6292=AXIS2_PLACEMENT_3D('',#11953,#7108,#7109);
#6293=AXIS2_PLACEMENT_3D('',#11956,#7110,#7111);
#6294=AXIS2_PLACEMENT_3D('',#11959,#7114,#7115);
#6295=AXIS2_PLACEMENT_3D('',#11961,#7117,#7118);
#6296=AXIS2_PLACEMENT_3D('',#11967,#7122,#7123);
#6297=AXIS2_PLACEMENT_3D('',#11969,#7124,#7125);
#6298=AXIS2_PLACEMENT_3D('',#11971,#7127,#7128);
#6299=AXIS2_PLACEMENT_3D('',#11975,#7131,#7132);
#6300=AXIS2_PLACEMENT_3D('',#11977,#7133,#7134);
#6301=AXIS2_PLACEMENT_3D('',#11979,#7136,#7137);
#6302=AXIS2_PLACEMENT_3D('',#11983,#7140,#7141);
#6303=AXIS2_PLACEMENT_3D('',#11985,#7142,#7143);
#6304=AXIS2_PLACEMENT_3D('',#11987,#7145,#7146);
#6305=AXIS2_PLACEMENT_3D('',#11991,#7149,#7150);
#6306=AXIS2_PLACEMENT_3D('',#11992,#7151,#7152);
#6307=AXIS2_PLACEMENT_3D('',#11993,#7153,#7154);
#6308=AXIS2_PLACEMENT_3D('',#11995,#7155,#7156);
#6309=AXIS2_PLACEMENT_3D('',#11997,#7158,#7159);
#6310=AXIS2_PLACEMENT_3D('',#12003,#7163,#7164);
#6311=AXIS2_PLACEMENT_3D('',#12005,#7165,#7166);
#6312=AXIS2_PLACEMENT_3D('',#12007,#7168,#7169);
#6313=AXIS2_PLACEMENT_3D('',#12011,#7172,#7173);
#6314=AXIS2_PLACEMENT_3D('',#12013,#7174,#7175);
#6315=AXIS2_PLACEMENT_3D('',#12015,#7177,#7178);
#6316=AXIS2_PLACEMENT_3D('',#12019,#7181,#7182);
#6317=AXIS2_PLACEMENT_3D('',#12021,#7183,#7184);
#6318=AXIS2_PLACEMENT_3D('',#12023,#7186,#7187);
#6319=AXIS2_PLACEMENT_3D('',#12027,#7190,#7191);
#6320=AXIS2_PLACEMENT_3D('',#12028,#7192,#7193);
#6321=AXIS2_PLACEMENT_3D('',#12029,#7194,#7195);
#6322=AXIS2_PLACEMENT_3D('',#12035,#7199,#7200);
#6323=AXIS2_PLACEMENT_3D('',#12037,#7201,#7202);
#6324=AXIS2_PLACEMENT_3D('',#12039,#7204,#7205);
#6325=AXIS2_PLACEMENT_3D('',#12043,#7208,#7209);
#6326=AXIS2_PLACEMENT_3D('',#12045,#7210,#7211);
#6327=AXIS2_PLACEMENT_3D('',#12047,#7213,#7214);
#6328=AXIS2_PLACEMENT_3D('',#12051,#7217,#7218);
#6329=AXIS2_PLACEMENT_3D('',#12053,#7219,#7220);
#6330=AXIS2_PLACEMENT_3D('',#12055,#7222,#7223);
#6331=AXIS2_PLACEMENT_3D('',#12059,#7226,#7227);
#6332=AXIS2_PLACEMENT_3D('',#12060,#7228,#7229);
#6333=AXIS2_PLACEMENT_3D('',#12061,#7230,#7231);
#6334=AXIS2_PLACEMENT_3D('',#12063,#7232,#7233);
#6335=AXIS2_PLACEMENT_3D('',#12065,#7235,#7236);
#6336=AXIS2_PLACEMENT_3D('',#12067,#7237,#7238);
#6337=AXIS2_PLACEMENT_3D('',#12069,#7240,#7241);
#6338=AXIS2_PLACEMENT_3D('',#12071,#7242,#7243);
#6339=AXIS2_PLACEMENT_3D('',#12073,#7245,#7246);
#6340=AXIS2_PLACEMENT_3D('',#12075,#7248,#7249);
#6341=AXIS2_PLACEMENT_3D('',#12079,#7252,#7253);
#6342=AXIS2_PLACEMENT_3D('',#12083,#7256,#7257);
#6343=AXIS2_PLACEMENT_3D('',#12087,#7260,#7261);
#6344=AXIS2_PLACEMENT_3D('',#12089,#7263,#7264);
#6345=AXIS2_PLACEMENT_3D('',#12090,#7265,#7266);
#6346=AXIS2_PLACEMENT_3D('',#12091,#7267,#7268);
#6347=DIRECTION('axis',(0.,0.,1.));
#6348=DIRECTION('refdir',(1.,0.,0.));
#6349=DIRECTION('axis',(0.,0.,1.));
#6350=DIRECTION('refdir',(1.,0.,0.));
#6351=DIRECTION('center_axis',(0.,0.,1.));
#6352=DIRECTION('ref_axis',(-0.707106781186547,-0.707106781186547,0.));
#6353=DIRECTION('center_axis',(0.,0.,-1.));
#6354=DIRECTION('ref_axis',(-0.707106781186547,-0.707106781186547,0.));
#6355=DIRECTION('',(0.,0.,-1.));
#6356=DIRECTION('center_axis',(0.,0.,1.));
#6357=DIRECTION('ref_axis',(-0.707106781186547,-0.707106781186547,0.));
#6358=DIRECTION('',(0.,0.,1.));
#6359=DIRECTION('center_axis',(0.,0.,1.));
#6360=DIRECTION('ref_axis',(1.,0.,0.));
#6361=DIRECTION('',(1.,0.,0.));
#6362=DIRECTION('',(0.,1.,0.));
#6363=DIRECTION('',(-1.,0.,0.));
#6364=DIRECTION('',(0.,1.,0.));
#6365=DIRECTION('',(1.,0.,0.));
#6366=DIRECTION('',(0.,-1.,0.));
#6367=DIRECTION('',(-1.,0.,0.));
#6368=DIRECTION('',(0.,-1.,0.));
#6369=DIRECTION('',(1.,0.,0.));
#6370=DIRECTION('center_axis',(0.,0.,-1.));
#6371=DIRECTION('ref_axis',(0.707106781186547,-0.707106781186547,0.));
#6372=DIRECTION('',(0.,1.,0.));
#6373=DIRECTION('center_axis',(0.,0.,-1.));
#6374=DIRECTION('ref_axis',(0.707106781186547,0.707106781186547,0.));
#6375=DIRECTION('',(-1.,0.,0.));
#6376=DIRECTION('center_axis',(0.,0.,-1.));
#6377=DIRECTION('ref_axis',(-0.707106781186547,0.707106781186547,0.));
#6378=DIRECTION('',(0.,-1.,0.));
#6379=DIRECTION('center_axis',(0.,0.,-1.));
#6380=DIRECTION('ref_axis',(1.,0.,0.));
#6381=DIRECTION('center_axis',(0.,0.,-1.));
#6382=DIRECTION('ref_axis',(1.,0.,0.));
#6383=DIRECTION('center_axis',(0.,0.,-1.));
#6384=DIRECTION('ref_axis',(1.,0.,0.));
#6385=DIRECTION('center_axis',(0.,0.,-1.));
#6386=DIRECTION('ref_axis',(1.,0.,0.));
#6387=DIRECTION('center_axis',(0.,-1.,0.));
#6388=DIRECTION('ref_axis',(1.,0.,0.));
#6389=DIRECTION('',(1.,0.,0.));
#6390=DIRECTION('',(0.,0.,-1.));
#6391=DIRECTION('',(0.,0.,-1.));
#6392=DIRECTION('',(-1.,0.,0.));
#6393=DIRECTION('',(0.,0.,1.));
#6394=DIRECTION('center_axis',(0.,0.,1.));
#6395=DIRECTION('ref_axis',(0.707106781186547,-0.707106781186547,0.));
#6396=DIRECTION('center_axis',(0.,0.,1.));
#6397=DIRECTION('ref_axis',(0.707106781186547,-0.707106781186547,0.));
#6398=DIRECTION('',(0.,0.,1.));
#6399=DIRECTION('center_axis',(0.,0.,1.));
#6400=DIRECTION('ref_axis',(0.707106781186547,0.707106781186547,0.));
#6401=DIRECTION('',(0.,0.,-1.));
#6402=DIRECTION('center_axis',(0.,0.,1.));
#6403=DIRECTION('ref_axis',(0.707106781186547,0.707106781186547,0.));
#6404=DIRECTION('',(0.,0.,1.));
#6405=DIRECTION('center_axis',(0.,1.,0.));
#6406=DIRECTION('ref_axis',(-1.,0.,0.));
#6407=DIRECTION('',(-1.,0.,0.));
#6408=DIRECTION('',(0.,0.,-1.));
#6409=DIRECTION('center_axis',(0.,0.,1.));
#6410=DIRECTION('ref_axis',(-0.707106781186547,0.707106781186547,0.));
#6411=DIRECTION('center_axis',(0.,0.,1.));
#6412=DIRECTION('ref_axis',(-0.707106781186547,0.707106781186547,0.));
#6413=DIRECTION('',(0.,0.,1.));
#6414=DIRECTION('center_axis',(-1.,0.,0.));
#6415=DIRECTION('ref_axis',(0.,1.,0.));
#6416=DIRECTION('',(0.,1.,0.));
#6417=DIRECTION('',(0.,0.,-1.));
#6418=DIRECTION('center_axis',(1.,0.,0.));
#6419=DIRECTION('ref_axis',(0.,-1.,0.));
#6420=DIRECTION('',(0.,0.,1.));
#6421=DIRECTION('',(0.,-1.,0.));
#6422=DIRECTION('center_axis',(0.,0.,-1.));
#6423=DIRECTION('ref_axis',(-1.,0.,0.));
#6424=DIRECTION('',(1.,0.,0.));
#6425=DIRECTION('center_axis',(0.,1.,0.));
#6426=DIRECTION('ref_axis',(-1.,0.,0.));
#6427=DIRECTION('',(0.,0.,1.));
#6428=DIRECTION('',(-1.,0.,0.));
#6429=DIRECTION('',(0.,0.,1.));
#6430=DIRECTION('center_axis',(0.,0.,1.));
#6431=DIRECTION('ref_axis',(1.,0.,0.));
#6432=DIRECTION('',(0.,-1.,0.));
#6433=DIRECTION('',(1.,0.,0.));
#6434=DIRECTION('',(0.,1.,0.));
#6435=DIRECTION('center_axis',(0.,-1.,0.));
#6436=DIRECTION('ref_axis',(1.,0.,0.));
#6437=DIRECTION('',(0.,0.,1.));
#6438=DIRECTION('',(0.,0.,1.));
#6439=DIRECTION('center_axis',(-1.,0.,0.));
#6440=DIRECTION('ref_axis',(0.,-1.,0.));
#6441=DIRECTION('center_axis',(0.,0.,1.));
#6442=DIRECTION('ref_axis',(1.,0.,0.));
#6443=DIRECTION('center_axis',(0.,0.,1.));
#6444=DIRECTION('ref_axis',(1.,0.,0.));
#6445=DIRECTION('',(0.,0.,-1.));
#6446=DIRECTION('center_axis',(0.,0.,-1.));
#6447=DIRECTION('ref_axis',(1.,0.,0.));
#6448=DIRECTION('center_axis',(0.,0.,1.));
#6449=DIRECTION('ref_axis',(1.,0.,0.));
#6450=DIRECTION('center_axis',(0.,0.,1.));
#6451=DIRECTION('ref_axis',(1.,0.,0.));
#6452=DIRECTION('',(0.,0.,-1.));
#6453=DIRECTION('center_axis',(0.,0.,-1.));
#6454=DIRECTION('ref_axis',(1.,0.,0.));
#6455=DIRECTION('center_axis',(0.,0.,1.));
#6456=DIRECTION('ref_axis',(1.,0.,0.));
#6457=DIRECTION('center_axis',(0.,0.,1.));
#6458=DIRECTION('ref_axis',(1.,0.,0.));
#6459=DIRECTION('',(0.,0.,-1.));
#6460=DIRECTION('center_axis',(0.,0.,-1.));
#6461=DIRECTION('ref_axis',(1.,0.,0.));
#6462=DIRECTION('center_axis',(0.,0.,1.));
#6463=DIRECTION('ref_axis',(1.,0.,0.));
#6464=DIRECTION('center_axis',(0.,0.,1.));
#6465=DIRECTION('ref_axis',(1.,0.,0.));
#6466=DIRECTION('',(0.,0.,-1.));
#6467=DIRECTION('center_axis',(0.,0.,-1.));
#6468=DIRECTION('ref_axis',(1.,0.,0.));
#6469=DIRECTION('center_axis',(1.,0.,0.));
#6470=DIRECTION('ref_axis',(0.,1.,0.));
#6471=DIRECTION('center_axis',(1.,0.,0.));
#6472=DIRECTION('ref_axis',(0.,1.,0.));
#6473=DIRECTION('',(0.,-1.,0.));
#6474=DIRECTION('center_axis',(-1.,0.,0.));
#6475=DIRECTION('ref_axis',(0.,-1.,0.));
#6476=DIRECTION('',(0.,1.,0.));
#6477=DIRECTION('center_axis',(0.,0.,1.));
#6478=DIRECTION('ref_axis',(1.,0.,0.));
#6479=DIRECTION('center_axis',(0.,0.,1.));
#6480=DIRECTION('ref_axis',(1.,0.,0.));
#6481=DIRECTION('',(0.,0.,-1.));
#6482=DIRECTION('center_axis',(0.,0.,-1.));
#6483=DIRECTION('ref_axis',(1.,0.,0.));
#6484=DIRECTION('center_axis',(0.,0.,1.));
#6485=DIRECTION('ref_axis',(1.,0.,0.));
#6486=DIRECTION('center_axis',(0.,0.,1.));
#6487=DIRECTION('ref_axis',(1.,0.,0.));
#6488=DIRECTION('',(0.,0.,-1.));
#6489=DIRECTION('center_axis',(0.,0.,-1.));
#6490=DIRECTION('ref_axis',(1.,0.,0.));
#6491=DIRECTION('center_axis',(0.,0.,1.));
#6492=DIRECTION('ref_axis',(1.,0.,0.));
#6493=DIRECTION('center_axis',(0.,0.,1.));
#6494=DIRECTION('ref_axis',(1.,0.,0.));
#6495=DIRECTION('',(0.,0.,-1.));
#6496=DIRECTION('center_axis',(0.,0.,-1.));
#6497=DIRECTION('ref_axis',(1.,0.,0.));
#6498=DIRECTION('center_axis',(0.,0.,1.));
#6499=DIRECTION('ref_axis',(1.,0.,0.));
#6500=DIRECTION('center_axis',(0.,0.,1.));
#6501=DIRECTION('ref_axis',(1.,0.,0.));
#6502=DIRECTION('',(0.,0.,-1.));
#6503=DIRECTION('center_axis',(0.,0.,-1.));
#6504=DIRECTION('ref_axis',(1.,0.,0.));
#6505=DIRECTION('center_axis',(0.,0.,1.));
#6506=DIRECTION('ref_axis',(1.,0.,0.));
#6507=DIRECTION('axis',(0.,0.,1.));
#6508=DIRECTION('refdir',(1.,0.,0.));
#6509=DIRECTION('',(0.,0.,1.));
#6510=DIRECTION('',(0.,0.,1.));
#6511=DIRECTION('',(0.,0.,1.));
#6512=DIRECTION('',(0.,0.,1.));
#6513=DIRECTION('center_axis',(0.,-1.,0.));
#6514=DIRECTION('ref_axis',(1.,0.,0.));
#6515=DIRECTION('',(1.,0.,0.));
#6516=DIRECTION('',(0.,0.,1.));
#6517=DIRECTION('',(1.,0.,0.));
#6518=DIRECTION('',(0.,0.,1.));
#6519=DIRECTION('',(0.,0.,1.));
#6520=DIRECTION('',(0.,0.,1.));
#6521=DIRECTION('',(0.,0.,1.));
#6522=DIRECTION('center_axis',(0.,1.,0.));
#6523=DIRECTION('ref_axis',(-1.,0.,0.));
#6524=DIRECTION('',(-1.,0.,0.));
#6525=DIRECTION('',(0.,0.,1.));
#6526=DIRECTION('',(-1.,0.,0.));
#6527=DIRECTION('',(0.,0.,1.));
#6528=DIRECTION('',(0.,0.,1.));
#6529=DIRECTION('',(0.,0.,1.));
#6530=DIRECTION('',(0.,0.,1.));
#6531=DIRECTION('',(0.,0.,1.));
#6532=DIRECTION('',(0.,0.,1.));
#6533=DIRECTION('',(0.,0.,1.));
#6534=DIRECTION('',(0.,0.,1.));
#6535=DIRECTION('',(0.,0.,1.));
#6536=DIRECTION('center_axis',(0.122721896388946,-0.992441099585613,0.));
#6537=DIRECTION('ref_axis',(0.992441099585613,0.122721896388946,0.));
#6538=DIRECTION('',(0.992441099585613,0.122721896388946,0.));
#6539=DIRECTION('',(0.,0.,1.));
#6540=DIRECTION('',(0.992441099585613,0.122721896388946,0.));
#6541=DIRECTION('center_axis',(0.,0.,-1.));
#6542=DIRECTION('ref_axis',(-1.,0.,0.));
#6543=DIRECTION('',(0.,0.,1.));
#6544=DIRECTION('',(0.,0.,1.));
#6545=DIRECTION('',(0.,0.,1.));
#6546=DIRECTION('',(0.,0.,1.));
#6547=DIRECTION('',(0.,0.,1.));
#6548=DIRECTION('',(0.,0.,1.));
#6549=DIRECTION('',(0.,0.,1.));
#6550=DIRECTION('',(0.,0.,1.));
#6551=DIRECTION('',(0.,0.,1.));
#6552=DIRECTION('',(0.,0.,1.));
#6553=DIRECTION('',(0.,0.,1.));
#6554=DIRECTION('',(0.,0.,1.));
#6555=DIRECTION('',(0.,0.,1.));
#6556=DIRECTION('',(0.,0.,1.));
#6557=DIRECTION('',(0.,0.,1.));
#6558=DIRECTION('',(0.,0.,1.));
#6559=DIRECTION('',(0.,0.,1.));
#6560=DIRECTION('center_axis',(0.,0.,-1.));
#6561=DIRECTION('ref_axis',(-1.,0.,0.));
#6562=DIRECTION('center_axis',(1.,0.,0.));
#6563=DIRECTION('ref_axis',(0.,1.,0.));
#6564=DIRECTION('',(0.,1.,0.));
#6565=DIRECTION('',(0.,0.,1.));
#6566=DIRECTION('',(0.,1.,0.));
#6567=DIRECTION('',(0.,0.,1.));
#6568=DIRECTION('',(0.,0.,1.));
#6569=DIRECTION('',(0.,0.,1.));
#6570=DIRECTION('',(0.,0.,1.));
#6571=DIRECTION('',(0.,0.,1.));
#6572=DIRECTION('center_axis',(0.937478858311283,0.348042224765005,0.));
#6573=DIRECTION('ref_axis',(-0.348042224765005,0.937478858311282,0.));
#6574=DIRECTION('',(-0.348042224765005,0.937478858311282,0.));
#6575=DIRECTION('',(0.,0.,1.));
#6576=DIRECTION('',(-0.348042224765005,0.937478858311282,0.));
#6577=DIRECTION('',(0.,0.,1.));
#6578=DIRECTION('',(0.,0.,1.));
#6579=DIRECTION('',(0.,0.,1.));
#6580=DIRECTION('center_axis',(1.,0.,0.));
#6581=DIRECTION('ref_axis',(0.,1.,0.));
#6582=DIRECTION('',(0.,1.,0.));
#6583=DIRECTION('',(0.,0.,1.));
#6584=DIRECTION('',(0.,1.,0.));
#6585=DIRECTION('center_axis',(0.,-1.,0.));
#6586=DIRECTION('ref_axis',(1.,0.,0.));
#6587=DIRECTION('',(1.,0.,0.));
#6588=DIRECTION('',(0.,0.,1.));
#6589=DIRECTION('',(1.,0.,0.));
#6590=DIRECTION('center_axis',(-1.,0.,0.));
#6591=DIRECTION('ref_axis',(0.,-1.,0.));
#6592=DIRECTION('',(0.,-1.,0.));
#6593=DIRECTION('',(0.,0.,1.));
#6594=DIRECTION('',(0.,-1.,0.));
#6595=DIRECTION('center_axis',(0.,1.,0.));
#6596=DIRECTION('ref_axis',(-1.,0.,0.));
#6597=DIRECTION('',(-1.,0.,0.));
#6598=DIRECTION('',(-1.,0.,0.));
#6599=DIRECTION('center_axis',(0.,0.,-1.));
#6600=DIRECTION('ref_axis',(-1.,0.,0.));
#6601=DIRECTION('',(0.,0.,1.));
#6602=DIRECTION('',(0.,0.,1.));
#6603=DIRECTION('',(0.,0.,1.));
#6604=DIRECTION('',(0.,0.,1.));
#6605=DIRECTION('center_axis',(0.,-1.,0.));
#6606=DIRECTION('ref_axis',(1.,0.,0.));
#6607=DIRECTION('',(1.,0.,0.));
#6608=DIRECTION('',(0.,0.,1.));
#6609=DIRECTION('',(1.,0.,0.));
#6610=DIRECTION('',(0.,0.,1.));
#6611=DIRECTION('',(0.,0.,1.));
#6612=DIRECTION('',(0.,0.,1.));
#6613=DIRECTION('',(0.,0.,1.));
#6614=DIRECTION('center_axis',(0.,1.,0.));
#6615=DIRECTION('ref_axis',(-1.,0.,0.));
#6616=DIRECTION('',(-1.,0.,0.));
#6617=DIRECTION('',(0.,0.,1.));
#6618=DIRECTION('',(-1.,0.,0.));
#6619=DIRECTION('',(0.,0.,1.));
#6620=DIRECTION('',(0.,0.,1.));
#6621=DIRECTION('',(0.,0.,1.));
#6622=DIRECTION('',(0.,0.,1.));
#6623=DIRECTION('',(0.,0.,1.));
#6624=DIRECTION('',(0.,0.,1.));
#6625=DIRECTION('',(0.,0.,1.));
#6626=DIRECTION('',(0.,0.,1.));
#6627=DIRECTION('',(0.,0.,1.));
#6628=DIRECTION('center_axis',(0.122721707106298,-0.992441122991644,0.));
#6629=DIRECTION('ref_axis',(0.992441122991644,0.122721707106298,0.));
#6630=DIRECTION('',(0.992441122991644,0.122721707106298,0.));
#6631=DIRECTION('',(0.,0.,1.));
#6632=DIRECTION('',(0.992441122991644,0.122721707106298,0.));
#6633=DIRECTION('center_axis',(0.,0.,-1.));
#6634=DIRECTION('ref_axis',(-1.,0.,0.));
#6635=DIRECTION('',(0.,0.,1.));
#6636=DIRECTION('',(0.,0.,1.));
#6637=DIRECTION('',(0.,0.,1.));
#6638=DIRECTION('',(0.,0.,1.));
#6639=DIRECTION('center_axis',(1.,0.,0.));
#6640=DIRECTION('ref_axis',(0.,1.,0.));
#6641=DIRECTION('',(0.,1.,0.));
#6642=DIRECTION('',(0.,0.,1.));
#6643=DIRECTION('',(0.,1.,0.));
#6644=DIRECTION('center_axis',(0.,1.,0.));
#6645=DIRECTION('ref_axis',(-1.,0.,0.));
#6646=DIRECTION('',(-1.,0.,0.));
#6647=DIRECTION('',(0.,0.,1.));
#6648=DIRECTION('',(-1.,0.,0.));
#6649=DIRECTION('center_axis',(1.,0.,0.));
#6650=DIRECTION('ref_axis',(0.,1.,0.));
#6651=DIRECTION('',(0.,1.,0.));
#6652=DIRECTION('',(0.,0.,1.));
#6653=DIRECTION('',(0.,1.,0.));
#6654=DIRECTION('center_axis',(0.,-1.,0.));
#6655=DIRECTION('ref_axis',(1.,0.,0.));
#6656=DIRECTION('',(1.,0.,0.));
#6657=DIRECTION('',(0.,0.,1.));
#6658=DIRECTION('',(1.,0.,0.));
#6659=DIRECTION('center_axis',(1.,0.,0.));
#6660=DIRECTION('ref_axis',(0.,1.,0.));
#6661=DIRECTION('',(0.,1.,0.));
#6662=DIRECTION('',(0.,0.,1.));
#6663=DIRECTION('',(0.,1.,0.));
#6664=DIRECTION('center_axis',(-0.516605887962496,-0.856223309962116,0.));
#6665=DIRECTION('ref_axis',(0.856223309962116,-0.516605887962496,0.));
#6666=DIRECTION('',(0.856223309962116,-0.516605887962496,0.));
#6667=DIRECTION('',(0.,0.,1.));
#6668=DIRECTION('',(0.856223309962116,-0.516605887962496,0.));
#6669=DIRECTION('center_axis',(-1.,0.,0.));
#6670=DIRECTION('ref_axis',(0.,-1.,0.));
#6671=DIRECTION('',(0.,-1.,0.));
#6672=DIRECTION('',(0.,0.,1.));
#6673=DIRECTION('',(0.,-1.,0.));
#6674=DIRECTION('center_axis',(0.,-1.,0.));
#6675=DIRECTION('ref_axis',(1.,0.,0.));
#6676=DIRECTION('',(1.,0.,0.));
#6677=DIRECTION('',(0.,0.,1.));
#6678=DIRECTION('',(1.,0.,0.));
#6679=DIRECTION('center_axis',(-1.,0.,0.));
#6680=DIRECTION('ref_axis',(0.,-1.,0.));
#6681=DIRECTION('',(0.,-1.,0.));
#6682=DIRECTION('',(0.,0.,1.));
#6683=DIRECTION('',(0.,-1.,0.));
#6684=DIRECTION('center_axis',(0.,1.,0.));
#6685=DIRECTION('ref_axis',(-1.,0.,0.));
#6686=DIRECTION('',(-1.,0.,0.));
#6687=DIRECTION('',(0.,0.,1.));
#6688=DIRECTION('',(-1.,0.,0.));
#6689=DIRECTION('center_axis',(-1.,0.,0.));
#6690=DIRECTION('ref_axis',(0.,-1.,0.));
#6691=DIRECTION('',(0.,-1.,0.));
#6692=DIRECTION('',(0.,0.,1.));
#6693=DIRECTION('',(0.,-1.,0.));
#6694=DIRECTION('',(0.,0.,1.));
#6695=DIRECTION('',(0.,0.,1.));
#6696=DIRECTION('',(0.,0.,1.));
#6697=DIRECTION('',(0.,0.,1.));
#6698=DIRECTION('center_axis',(0.986891660095009,-0.161384172814182,0.));
#6699=DIRECTION('ref_axis',(0.161384172814182,0.986891660095009,0.));
#6700=DIRECTION('',(0.161384172814182,0.986891660095009,0.));
#6701=DIRECTION('',(0.,0.,1.));
#6702=DIRECTION('',(0.161384172814182,0.986891660095009,0.));
#6703=DIRECTION('center_axis',(0.,0.,-1.));
#6704=DIRECTION('ref_axis',(-1.,0.,0.));
#6705=DIRECTION('',(0.,0.,1.));
#6706=DIRECTION('',(0.,0.,1.));
#6707=DIRECTION('',(0.,0.,1.));
#6708=DIRECTION('',(0.,0.,1.));
#6709=DIRECTION('center_axis',(0.,-1.,0.));
#6710=DIRECTION('ref_axis',(1.,0.,0.));
#6711=DIRECTION('',(1.,0.,0.));
#6712=DIRECTION('',(0.,0.,1.));
#6713=DIRECTION('',(1.,0.,0.));
#6714=DIRECTION('',(0.,0.,1.));
#6715=DIRECTION('',(0.,0.,1.));
#6716=DIRECTION('',(0.,0.,1.));
#6717=DIRECTION('',(0.,0.,1.));
#6718=DIRECTION('center_axis',(0.,1.,0.));
#6719=DIRECTION('ref_axis',(-1.,0.,0.));
#6720=DIRECTION('',(-1.,0.,0.));
#6721=DIRECTION('',(0.,0.,1.));
#6722=DIRECTION('',(-1.,0.,0.));
#6723=DIRECTION('',(0.,0.,1.));
#6724=DIRECTION('',(0.,0.,1.));
#6725=DIRECTION('',(0.,0.,1.));
#6726=DIRECTION('',(0.,0.,1.));
#6727=DIRECTION('',(0.,0.,1.));
#6728=DIRECTION('',(0.,0.,1.));
#6729=DIRECTION('',(0.,0.,1.));
#6730=DIRECTION('',(0.,0.,1.));
#6731=DIRECTION('',(0.,0.,1.));
#6732=DIRECTION('center_axis',(0.122722464240366,-0.99244102936687,0.));
#6733=DIRECTION('ref_axis',(0.99244102936687,0.122722464240366,0.));
#6734=DIRECTION('',(0.99244102936687,0.122722464240366,0.));
#6735=DIRECTION('',(0.,0.,1.));
#6736=DIRECTION('',(0.99244102936687,0.122722464240366,0.));
#6737=DIRECTION('center_axis',(0.,0.,-1.));
#6738=DIRECTION('ref_axis',(-1.,0.,0.));
#6739=DIRECTION('',(0.,0.,1.));
#6740=DIRECTION('',(0.,0.,1.));
#6741=DIRECTION('',(0.,0.,1.));
#6742=DIRECTION('',(0.,0.,1.));
#6743=DIRECTION('',(0.,0.,1.));
#6744=DIRECTION('',(0.,0.,1.));
#6745=DIRECTION('',(0.,0.,1.));
#6746=DIRECTION('',(0.,0.,1.));
#6747=DIRECTION('',(0.,0.,1.));
#6748=DIRECTION('',(0.,0.,1.));
#6749=DIRECTION('center_axis',(-1.,0.,0.));
#6750=DIRECTION('ref_axis',(0.,-1.,0.));
#6751=DIRECTION('',(0.,-1.,0.));
#6752=DIRECTION('',(0.,-1.,0.));
#6753=DIRECTION('center_axis',(0.,1.,0.));
#6754=DIRECTION('ref_axis',(-1.,0.,0.));
#6755=DIRECTION('',(-1.,0.,0.));
#6756=DIRECTION('',(0.,0.,1.));
#6757=DIRECTION('',(-1.,0.,0.));
#6758=DIRECTION('',(0.,0.,1.));
#6759=DIRECTION('',(0.,0.,1.));
#6760=DIRECTION('',(0.,0.,1.));
#6761=DIRECTION('center_axis',(1.,0.,0.));
#6762=DIRECTION('ref_axis',(0.,1.,0.));
#6763=DIRECTION('',(0.,1.,0.));
#6764=DIRECTION('',(0.,0.,1.));
#6765=DIRECTION('',(0.,1.,0.));
#6766=DIRECTION('',(0.,0.,1.));
#6767=DIRECTION('',(0.,0.,1.));
#6768=DIRECTION('',(0.,0.,1.));
#6769=DIRECTION('',(0.,0.,1.));
#6770=DIRECTION('',(0.,0.,1.));
#6771=DIRECTION('',(0.,0.,1.));
#6772=DIRECTION('',(0.,0.,1.));
#6773=DIRECTION('center_axis',(-0.135113570602151,0.990830118153025,0.));
#6774=DIRECTION('ref_axis',(-0.990830118153025,-0.135113570602151,0.));
#6775=DIRECTION('',(-0.990830118153025,-0.135113570602151,0.));
#6776=DIRECTION('',(0.,0.,1.));
#6777=DIRECTION('',(-0.990830118153025,-0.135113570602151,0.));
#6778=DIRECTION('',(0.,0.,1.));
#6779=DIRECTION('',(0.,0.,1.));
#6780=DIRECTION('',(0.,0.,1.));
#6781=DIRECTION('',(0.,0.,1.));
#6782=DIRECTION('',(0.,0.,1.));
#6783=DIRECTION('',(0.,0.,1.));
#6784=DIRECTION('',(0.,0.,1.));
#6785=DIRECTION('',(0.,0.,1.));
#6786=DIRECTION('',(0.,0.,1.));
#6787=DIRECTION('',(0.,0.,1.));
#6788=DIRECTION('',(0.,0.,1.));
#6789=DIRECTION('',(0.,0.,1.));
#6790=DIRECTION('',(0.,0.,1.));
#6791=DIRECTION('',(0.,0.,1.));
#6792=DIRECTION('center_axis',(0.,0.,-1.));
#6793=DIRECTION('ref_axis',(-1.,0.,0.));
#6794=DIRECTION('',(0.,0.,1.));
#6795=DIRECTION('',(0.,0.,1.));
#6796=DIRECTION('',(0.,0.,1.));
#6797=DIRECTION('',(0.,0.,1.));
#6798=DIRECTION('',(0.,0.,1.));
#6799=DIRECTION('',(0.,0.,1.));
#6800=DIRECTION('',(0.,0.,1.));
#6801=DIRECTION('',(0.,0.,1.));
#6802=DIRECTION('',(0.,0.,1.));
#6803=DIRECTION('',(0.,0.,1.));
#6804=DIRECTION('',(0.,0.,1.));
#6805=DIRECTION('',(0.,0.,1.));
#6806=DIRECTION('',(0.,0.,1.));
#6807=DIRECTION('',(0.,0.,1.));
#6808=DIRECTION('',(0.,0.,1.));
#6809=DIRECTION('',(0.,0.,1.));
#6810=DIRECTION('',(0.,0.,1.));
#6811=DIRECTION('center_axis',(1.,0.,0.));
#6812=DIRECTION('ref_axis',(0.,1.,0.));
#6813=DIRECTION('',(0.,1.,0.));
#6814=DIRECTION('',(0.,0.,1.));
#6815=DIRECTION('',(0.,1.,0.));
#6816=DIRECTION('center_axis',(0.,-1.,0.));
#6817=DIRECTION('ref_axis',(1.,0.,0.));
#6818=DIRECTION('',(1.,0.,0.));
#6819=DIRECTION('',(0.,0.,1.));
#6820=DIRECTION('',(1.,0.,0.));
#6821=DIRECTION('center_axis',(-1.,0.,0.));
#6822=DIRECTION('ref_axis',(0.,-1.,0.));
#6823=DIRECTION('',(0.,-1.,0.));
#6824=DIRECTION('',(0.,0.,1.));
#6825=DIRECTION('',(0.,-1.,0.));
#6826=DIRECTION('center_axis',(0.,1.,0.));
#6827=DIRECTION('ref_axis',(-1.,0.,0.));
#6828=DIRECTION('',(-1.,0.,0.));
#6829=DIRECTION('',(0.,0.,1.));
#6830=DIRECTION('',(-1.,0.,0.));
#6831=DIRECTION('center_axis',(1.,0.,0.));
#6832=DIRECTION('ref_axis',(0.,1.,0.));
#6833=DIRECTION('',(0.,1.,0.));
#6834=DIRECTION('',(0.,1.,0.));
#6835=DIRECTION('center_axis',(0.,0.,-1.));
#6836=DIRECTION('ref_axis',(-1.,0.,0.));
#6837=DIRECTION('center_axis',(1.,0.,0.));
#6838=DIRECTION('ref_axis',(0.,1.,0.));
#6839=DIRECTION('',(0.,1.,0.));
#6840=DIRECTION('',(0.,0.,1.));
#6841=DIRECTION('',(0.,1.,0.));
#6842=DIRECTION('',(0.,0.,1.));
#6843=DIRECTION('',(0.,0.,1.));
#6844=DIRECTION('',(0.,0.,1.));
#6845=DIRECTION('',(0.,0.,1.));
#6846=DIRECTION('',(0.,0.,1.));
#6847=DIRECTION('',(0.,0.,1.));
#6848=DIRECTION('center_axis',(-1.,0.,0.));
#6849=DIRECTION('ref_axis',(0.,-1.,0.));
#6850=DIRECTION('',(0.,-1.,0.));
#6851=DIRECTION('',(0.,0.,1.));
#6852=DIRECTION('',(0.,-1.,0.));
#6853=DIRECTION('center_axis',(0.,1.,0.));
#6854=DIRECTION('ref_axis',(-1.,0.,0.));
#6855=DIRECTION('',(-1.,0.,0.));
#6856=DIRECTION('',(0.,0.,1.));
#6857=DIRECTION('',(-1.,0.,0.));
#6858=DIRECTION('center_axis',(1.,0.,0.));
#6859=DIRECTION('ref_axis',(0.,1.,0.));
#6860=DIRECTION('',(0.,1.,0.));
#6861=DIRECTION('',(0.,0.,1.));
#6862=DIRECTION('',(0.,1.,0.));
#6863=DIRECTION('',(0.,0.,1.));
#6864=DIRECTION('',(0.,0.,1.));
#6865=DIRECTION('',(0.,0.,1.));
#6866=DIRECTION('',(0.,0.,1.));
#6867=DIRECTION('',(0.,0.,1.));
#6868=DIRECTION('center_axis',(1.,0.,0.));
#6869=DIRECTION('ref_axis',(0.,1.,0.));
#6870=DIRECTION('',(0.,1.,0.));
#6871=DIRECTION('',(0.,0.,1.));
#6872=DIRECTION('',(0.,1.,0.));
#6873=DIRECTION('center_axis',(0.,-1.,0.));
#6874=DIRECTION('ref_axis',(1.,0.,0.));
#6875=DIRECTION('',(1.,0.,0.));
#6876=DIRECTION('',(0.,0.,1.));
#6877=DIRECTION('',(1.,0.,0.));
#6878=DIRECTION('center_axis',(-1.,0.,0.));
#6879=DIRECTION('ref_axis',(0.,-1.,0.));
#6880=DIRECTION('',(0.,-1.,0.));
#6881=DIRECTION('',(0.,0.,1.));
#6882=DIRECTION('',(0.,-1.,0.));
#6883=DIRECTION('center_axis',(0.,1.,0.));
#6884=DIRECTION('ref_axis',(-1.,0.,0.));
#6885=DIRECTION('',(-1.,0.,0.));
#6886=DIRECTION('',(-1.,0.,0.));
#6887=DIRECTION('center_axis',(0.,0.,-1.));
#6888=DIRECTION('ref_axis',(-1.,0.,0.));
#6889=DIRECTION('center_axis',(1.,0.,0.));
#6890=DIRECTION('ref_axis',(0.,1.,0.));
#6891=DIRECTION('',(0.,1.,0.));
#6892=DIRECTION('',(0.,0.,1.));
#6893=DIRECTION('',(0.,1.,0.));
#6894=DIRECTION('',(0.,0.,1.));
#6895=DIRECTION('',(0.,0.,1.));
#6896=DIRECTION('',(0.,0.,1.));
#6897=DIRECTION('',(0.,0.,1.));
#6898=DIRECTION('',(0.,0.,1.));
#6899=DIRECTION('',(0.,0.,1.));
#6900=DIRECTION('center_axis',(-1.,0.,0.));
#6901=DIRECTION('ref_axis',(0.,-1.,0.));
#6902=DIRECTION('',(0.,-1.,0.));
#6903=DIRECTION('',(0.,0.,1.));
#6904=DIRECTION('',(0.,-1.,0.));
#6905=DIRECTION('center_axis',(0.,1.,0.));
#6906=DIRECTION('ref_axis',(-1.,0.,0.));
#6907=DIRECTION('',(-1.,0.,0.));
#6908=DIRECTION('',(0.,0.,1.));
#6909=DIRECTION('',(-1.,0.,0.));
#6910=DIRECTION('center_axis',(1.,0.,0.));
#6911=DIRECTION('ref_axis',(0.,1.,0.));
#6912=DIRECTION('',(0.,1.,0.));
#6913=DIRECTION('',(0.,0.,1.));
#6914=DIRECTION('',(0.,1.,0.));
#6915=DIRECTION('',(0.,0.,1.));
#6916=DIRECTION('',(0.,0.,1.));
#6917=DIRECTION('',(0.,0.,1.));
#6918=DIRECTION('',(0.,0.,1.));
#6919=DIRECTION('',(0.,0.,1.));
#6920=DIRECTION('center_axis',(-1.,0.,0.));
#6921=DIRECTION('ref_axis',(0.,-1.,0.));
#6922=DIRECTION('',(0.,-1.,0.));
#6923=DIRECTION('',(0.,0.,1.));
#6924=DIRECTION('',(0.,-1.,0.));
#6925=DIRECTION('center_axis',(0.,1.,0.));
#6926=DIRECTION('ref_axis',(-1.,0.,0.));
#6927=DIRECTION('',(-1.,0.,0.));
#6928=DIRECTION('',(0.,0.,1.));
#6929=DIRECTION('',(-1.,0.,0.));
#6930=DIRECTION('center_axis',(1.,0.,0.));
#6931=DIRECTION('ref_axis',(0.,1.,0.));
#6932=DIRECTION('',(0.,1.,0.));
#6933=DIRECTION('',(0.,0.,1.));
#6934=DIRECTION('',(0.,1.,0.));
#6935=DIRECTION('',(0.,0.,1.));
#6936=DIRECTION('',(0.,0.,1.));
#6937=DIRECTION('',(0.,0.,1.));
#6938=DIRECTION('',(0.,0.,1.));
#6939=DIRECTION('',(0.,0.,1.));
#6940=DIRECTION('',(0.,0.,1.));
#6941=DIRECTION('',(0.,0.,1.));
#6942=DIRECTION('center_axis',(1.,0.,0.));
#6943=DIRECTION('ref_axis',(0.,1.,0.));
#6944=DIRECTION('',(0.,1.,0.));
#6945=DIRECTION('',(0.,0.,1.));
#6946=DIRECTION('',(0.,1.,0.));
#6947=DIRECTION('center_axis',(0.,-1.,0.));
#6948=DIRECTION('ref_axis',(1.,0.,0.));
#6949=DIRECTION('',(1.,0.,0.));
#6950=DIRECTION('',(0.,0.,1.));
#6951=DIRECTION('',(1.,0.,0.));
#6952=DIRECTION('center_axis',(-1.,0.,0.));
#6953=DIRECTION('ref_axis',(0.,-1.,0.));
#6954=DIRECTION('',(0.,-1.,0.));
#6955=DIRECTION('',(0.,0.,1.));
#6956=DIRECTION('',(0.,-1.,0.));
#6957=DIRECTION('center_axis',(0.,1.,0.));
#6958=DIRECTION('ref_axis',(-1.,0.,0.));
#6959=DIRECTION('',(-1.,0.,0.));
#6960=DIRECTION('',(-1.,0.,0.));
#6961=DIRECTION('center_axis',(0.,0.,-1.));
#6962=DIRECTION('ref_axis',(-1.,0.,0.));
#6963=DIRECTION('',(0.,0.,1.));
#6964=DIRECTION('',(0.,0.,1.));
#6965=DIRECTION('',(0.,0.,1.));
#6966=DIRECTION('',(0.,0.,1.));
#6967=DIRECTION('',(0.,0.,1.));
#6968=DIRECTION('',(0.,0.,1.));
#6969=DIRECTION('',(0.,0.,1.));
#6970=DIRECTION('',(0.,0.,1.));
#6971=DIRECTION('center_axis',(1.,0.,0.));
#6972=DIRECTION('ref_axis',(0.,1.,0.));
#6973=DIRECTION('',(0.,1.,0.));
#6974=DIRECTION('',(0.,0.,1.));
#6975=DIRECTION('',(0.,1.,0.));
#6976=DIRECTION('',(0.,0.,1.));
#6977=DIRECTION('center_axis',(0.,-1.,0.));
#6978=DIRECTION('ref_axis',(1.,0.,0.));
#6979=DIRECTION('',(1.,0.,0.));
#6980=DIRECTION('',(0.,0.,1.));
#6981=DIRECTION('',(1.,0.,0.));
#6982=DIRECTION('center_axis',(-1.,0.,0.));
#6983=DIRECTION('ref_axis',(0.,-1.,0.));
#6984=DIRECTION('',(0.,-1.,0.));
#6985=DIRECTION('',(0.,0.,1.));
#6986=DIRECTION('',(0.,-1.,0.));
#6987=DIRECTION('',(0.,0.,1.));
#6988=DIRECTION('',(0.,0.,1.));
#6989=DIRECTION('',(0.,0.,1.));
#6990=DIRECTION('',(0.,0.,1.));
#6991=DIRECTION('',(0.,0.,1.));
#6992=DIRECTION('',(0.,0.,1.));
#6993=DIRECTION('',(0.,0.,1.));
#6994=DIRECTION('',(0.,0.,1.));
#6995=DIRECTION('',(0.,0.,1.));
#6996=DIRECTION('center_axis',(-1.,0.,0.));
#6997=DIRECTION('ref_axis',(0.,-1.,0.));
#6998=DIRECTION('',(0.,-1.,0.));
#6999=DIRECTION('',(0.,0.,1.));
#7000=DIRECTION('',(0.,-1.,0.));
#7001=DIRECTION('center_axis',(0.,1.,0.));
#7002=DIRECTION('ref_axis',(-1.,0.,0.));
#7003=DIRECTION('',(-1.,0.,0.));
#7004=DIRECTION('',(-1.,0.,0.));
#7005=DIRECTION('center_axis',(0.,0.,-1.));
#7006=DIRECTION('ref_axis',(-1.,0.,0.));
#7007=DIRECTION('center_axis',(0.,0.,1.));
#7008=DIRECTION('ref_axis',(1.,0.,0.));
#7009=DIRECTION('center_axis',(0.,0.,1.));
#7010=DIRECTION('ref_axis',(-0.707106781186547,-0.707106781186547,0.));
#7011=DIRECTION('',(0.,1.,0.));
#7012=DIRECTION('center_axis',(0.,0.,1.));
#7013=DIRECTION('ref_axis',(-0.707106781186547,0.707106781186547,0.));
#7014=DIRECTION('',(1.,0.,0.));
#7015=DIRECTION('',(0.,1.,0.));
#7016=DIRECTION('',(-1.,0.,0.));
#7017=DIRECTION('',(0.,-1.,0.));
#7018=DIRECTION('',(1.,0.,0.));
#7019=DIRECTION('center_axis',(0.,0.,1.));
#7020=DIRECTION('ref_axis',(0.707106781186547,0.707106781186547,0.));
#7021=DIRECTION('',(0.,-1.,0.));
#7022=DIRECTION('center_axis',(0.,0.,1.));
#7023=DIRECTION('ref_axis',(0.707106781186547,-0.707106781186547,0.));
#7024=DIRECTION('',(-1.,0.,0.));
#7025=DIRECTION('center_axis',(0.,0.,-1.));
#7026=DIRECTION('ref_axis',(0.,1.,0.));
#7027=DIRECTION('',(0.,1.,0.));
#7028=DIRECTION('center_axis',(0.,0.,-1.));
#7029=DIRECTION('ref_axis',(-1.,0.,0.));
#7030=DIRECTION('',(-1.,0.,0.));
#7031=DIRECTION('center_axis',(0.,0.,-1.));
#7032=DIRECTION('ref_axis',(0.,-1.,0.));
#7033=DIRECTION('',(0.,-1.,0.));
#7034=DIRECTION('center_axis',(0.,0.,-1.));
#7035=DIRECTION('ref_axis',(1.,0.,0.));
#7036=DIRECTION('',(1.,0.,0.));
#7037=DIRECTION('center_axis',(0.,0.,-1.));
#7038=DIRECTION('ref_axis',(1.,0.,0.));
#7039=DIRECTION('center_axis',(0.,0.,-1.));
#7040=DIRECTION('ref_axis',(0.,1.,0.));
#7041=DIRECTION('',(0.,1.,0.));
#7042=DIRECTION('center_axis',(0.,0.,-1.));
#7043=DIRECTION('ref_axis',(-1.,0.,0.));
#7044=DIRECTION('',(-1.,0.,0.));
#7045=DIRECTION('center_axis',(0.,0.,-1.));
#7046=DIRECTION('ref_axis',(0.,-1.,0.));
#7047=DIRECTION('',(0.,-1.,0.));
#7048=DIRECTION('center_axis',(0.,0.,-1.));
#7049=DIRECTION('ref_axis',(1.,0.,0.));
#7050=DIRECTION('',(1.,0.,0.));
#7051=DIRECTION('center_axis',(0.,0.,-1.));
#7052=DIRECTION('ref_axis',(0.,1.,0.));
#7053=DIRECTION('',(0.,1.,0.));
#7054=DIRECTION('center_axis',(0.,0.,-1.));
#7055=DIRECTION('ref_axis',(-1.,0.,0.));
#7056=DIRECTION('',(-1.,0.,0.));
#7057=DIRECTION('center_axis',(0.,0.,-1.));
#7058=DIRECTION('ref_axis',(0.,-1.,0.));
#7059=DIRECTION('',(0.,-1.,0.));
#7060=DIRECTION('center_axis',(0.,0.,-1.));
#7061=DIRECTION('ref_axis',(1.,0.,0.));
#7062=DIRECTION('',(1.,0.,0.));
#7063=DIRECTION('center_axis',(0.,0.,-1.));
#7064=DIRECTION('ref_axis',(1.,0.,0.));
#7065=DIRECTION('center_axis',(0.,0.,-1.));
#7066=DIRECTION('ref_axis',(1.,0.,0.));
#7067=DIRECTION('center_axis',(0.,0.,-1.));
#7068=DIRECTION('ref_axis',(1.,0.,0.));
#7069=DIRECTION('center_axis',(0.,0.,1.));
#7070=DIRECTION('ref_axis',(1.,0.,0.));
#7071=DIRECTION('center_axis',(0.,0.,1.));
#7072=DIRECTION('ref_axis',(1.,0.,0.));
#7073=DIRECTION('center_axis',(0.,0.,1.));
#7074=DIRECTION('ref_axis',(1.,0.,0.));
#7075=DIRECTION('center_axis',(0.,0.,1.));
#7076=DIRECTION('ref_axis',(1.,0.,0.));
#7077=DIRECTION('center_axis',(0.,0.,1.));
#7078=DIRECTION('ref_axis',(1.,0.,0.));
#7079=DIRECTION('center_axis',(0.,0.,1.));
#7080=DIRECTION('ref_axis',(1.,0.,0.));
#7081=DIRECTION('center_axis',(0.,0.,1.));
#7082=DIRECTION('ref_axis',(-0.707106781186547,-0.707106781186547,0.));
#7083=DIRECTION('center_axis',(0.,0.,-1.));
#7084=DIRECTION('ref_axis',(-0.707106781186547,-0.707106781186547,0.));
#7085=DIRECTION('',(0.,0.,-1.));
#7086=DIRECTION('',(0.,0.,1.));
#7087=DIRECTION('center_axis',(0.,0.,1.));
#7088=DIRECTION('ref_axis',(1.,0.,0.));
#7089=DIRECTION('center_axis',(-1.,0.,0.));
#7090=DIRECTION('ref_axis',(0.,-1.,0.));
#7091=DIRECTION('',(0.,-1.,0.));
#7092=DIRECTION('',(0.,0.,1.));
#7093=DIRECTION('center_axis',(0.,0.,1.));
#7094=DIRECTION('ref_axis',(-0.707106781186547,0.707106781186547,0.));
#7095=DIRECTION('center_axis',(0.,0.,-1.));
#7096=DIRECTION('ref_axis',(-0.707106781186547,0.707106781186547,0.));
#7097=DIRECTION('',(0.,0.,-1.));
#7098=DIRECTION('center_axis',(0.,0.,1.));
#7099=DIRECTION('ref_axis',(0.707106781186547,0.707106781186547,0.));
#7100=DIRECTION('center_axis',(0.,0.,-1.));
#7101=DIRECTION('ref_axis',(0.707106781186547,0.707106781186547,0.));
#7102=DIRECTION('',(0.,0.,-1.));
#7103=DIRECTION('',(0.,0.,1.));
#7104=DIRECTION('center_axis',(0.,1.,0.));
#7105=DIRECTION('ref_axis',(-1.,0.,0.));
#7106=DIRECTION('',(0.,0.,1.));
#7107=DIRECTION('',(-1.,0.,0.));
#7108=DIRECTION('center_axis',(0.,0.,1.));
#7109=DIRECTION('ref_axis',(0.707106781186547,-0.707106781186547,0.));
#7110=DIRECTION('center_axis',(0.,0.,-1.));
#7111=DIRECTION('ref_axis',(0.707106781186547,-0.707106781186547,0.));
#7112=DIRECTION('',(0.,0.,-1.));
#7113=DIRECTION('',(0.,0.,1.));
#7114=DIRECTION('center_axis',(0.,-1.,0.));
#7115=DIRECTION('ref_axis',(1.,0.,0.));
#7116=DIRECTION('',(1.,0.,0.));
#7117=DIRECTION('center_axis',(1.,0.,0.));
#7118=DIRECTION('ref_axis',(0.,1.,0.));
#7119=DIRECTION('',(0.,0.,1.));
#7120=DIRECTION('',(0.,1.,0.));
#7121=DIRECTION('',(0.,0.,1.));
#7122=DIRECTION('center_axis',(0.,0.,1.));
#7123=DIRECTION('ref_axis',(-1.,0.,0.));
#7124=DIRECTION('center_axis',(0.,0.,-1.));
#7125=DIRECTION('ref_axis',(-1.,0.,0.));
#7126=DIRECTION('',(0.,0.,1.));
#7127=DIRECTION('center_axis',(0.,1.,0.));
#7128=DIRECTION('ref_axis',(-1.,0.,0.));
#7129=DIRECTION('',(-1.,0.,0.));
#7130=DIRECTION('',(0.,0.,1.));
#7131=DIRECTION('center_axis',(0.,0.,1.));
#7132=DIRECTION('ref_axis',(0.,-1.,0.));
#7133=DIRECTION('center_axis',(0.,0.,-1.));
#7134=DIRECTION('ref_axis',(0.,-1.,0.));
#7135=DIRECTION('',(0.,0.,1.));
#7136=DIRECTION('center_axis',(-1.,0.,0.));
#7137=DIRECTION('ref_axis',(0.,-1.,0.));
#7138=DIRECTION('',(0.,-1.,0.));
#7139=DIRECTION('',(0.,0.,1.));
#7140=DIRECTION('center_axis',(0.,0.,1.));
#7141=DIRECTION('ref_axis',(1.,0.,0.));
#7142=DIRECTION('center_axis',(0.,0.,-1.));
#7143=DIRECTION('ref_axis',(1.,0.,0.));
#7144=DIRECTION('',(0.,0.,1.));
#7145=DIRECTION('center_axis',(0.,-1.,0.));
#7146=DIRECTION('ref_axis',(1.,0.,0.));
#7147=DIRECTION('',(1.,0.,0.));
#7148=DIRECTION('',(0.,0.,1.));
#7149=DIRECTION('center_axis',(0.,0.,1.));
#7150=DIRECTION('ref_axis',(0.,1.,0.));
#7151=DIRECTION('center_axis',(0.,0.,-1.));
#7152=DIRECTION('ref_axis',(0.,1.,0.));
#7153=DIRECTION('center_axis',(0.,0.,1.));
#7154=DIRECTION('ref_axis',(1.,0.,0.));
#7155=DIRECTION('center_axis',(0.,0.,-1.));
#7156=DIRECTION('ref_axis',(1.,0.,0.));
#7157=DIRECTION('',(0.,0.,-1.));
#7158=DIRECTION('center_axis',(1.,0.,0.));
#7159=DIRECTION('ref_axis',(0.,1.,0.));
#7160=DIRECTION('',(0.,0.,1.));
#7161=DIRECTION('',(0.,1.,0.));
#7162=DIRECTION('',(0.,0.,1.));
#7163=DIRECTION('center_axis',(0.,0.,1.));
#7164=DIRECTION('ref_axis',(-1.,0.,0.));
#7165=DIRECTION('center_axis',(0.,0.,-1.));
#7166=DIRECTION('ref_axis',(-1.,0.,0.));
#7167=DIRECTION('',(0.,0.,1.));
#7168=DIRECTION('center_axis',(0.,1.,0.));
#7169=DIRECTION('ref_axis',(-1.,0.,0.));
#7170=DIRECTION('',(-1.,0.,0.));
#7171=DIRECTION('',(0.,0.,1.));
#7172=DIRECTION('center_axis',(0.,0.,1.));
#7173=DIRECTION('ref_axis',(0.,-1.,0.));
#7174=DIRECTION('center_axis',(0.,0.,-1.));
#7175=DIRECTION('ref_axis',(0.,-1.,0.));
#7176=DIRECTION('',(0.,0.,1.));
#7177=DIRECTION('center_axis',(-1.,0.,0.));
#7178=DIRECTION('ref_axis',(0.,-1.,0.));
#7179=DIRECTION('',(0.,-1.,0.));
#7180=DIRECTION('',(0.,0.,1.));
#7181=DIRECTION('center_axis',(0.,0.,1.));
#7182=DIRECTION('ref_axis',(1.,0.,0.));
#7183=DIRECTION('center_axis',(0.,0.,-1.));
#7184=DIRECTION('ref_axis',(1.,0.,0.));
#7185=DIRECTION('',(0.,0.,1.));
#7186=DIRECTION('center_axis',(0.,-1.,0.));
#7187=DIRECTION('ref_axis',(1.,0.,0.));
#7188=DIRECTION('',(1.,0.,0.));
#7189=DIRECTION('',(0.,0.,1.));
#7190=DIRECTION('center_axis',(0.,0.,1.));
#7191=DIRECTION('ref_axis',(0.,1.,0.));
#7192=DIRECTION('center_axis',(0.,0.,-1.));
#7193=DIRECTION('ref_axis',(0.,1.,0.));
#7194=DIRECTION('center_axis',(1.,0.,0.));
#7195=DIRECTION('ref_axis',(0.,1.,0.));
#7196=DIRECTION('',(0.,0.,1.));
#7197=DIRECTION('',(0.,1.,0.));
#7198=DIRECTION('',(0.,0.,1.));
#7199=DIRECTION('center_axis',(0.,0.,1.));
#7200=DIRECTION('ref_axis',(-1.,0.,0.));
#7201=DIRECTION('center_axis',(0.,0.,-1.));
#7202=DIRECTION('ref_axis',(-1.,0.,0.));
#7203=DIRECTION('',(0.,0.,1.));
#7204=DIRECTION('center_axis',(0.,1.,0.));
#7205=DIRECTION('ref_axis',(-1.,0.,0.));
#7206=DIRECTION('',(-1.,0.,0.));
#7207=DIRECTION('',(0.,0.,1.));
#7208=DIRECTION('center_axis',(0.,0.,1.));
#7209=DIRECTION('ref_axis',(0.,-1.,0.));
#7210=DIRECTION('center_axis',(0.,0.,-1.));
#7211=DIRECTION('ref_axis',(0.,-1.,0.));
#7212=DIRECTION('',(0.,0.,1.));
#7213=DIRECTION('center_axis',(-1.,0.,0.));
#7214=DIRECTION('ref_axis',(0.,-1.,0.));
#7215=DIRECTION('',(0.,-1.,0.));
#7216=DIRECTION('',(0.,0.,1.));
#7217=DIRECTION('center_axis',(0.,0.,1.));
#7218=DIRECTION('ref_axis',(1.,0.,0.));
#7219=DIRECTION('center_axis',(0.,0.,-1.));
#7220=DIRECTION('ref_axis',(1.,0.,0.));
#7221=DIRECTION('',(0.,0.,1.));
#7222=DIRECTION('center_axis',(0.,-1.,0.));
#7223=DIRECTION('ref_axis',(1.,0.,0.));
#7224=DIRECTION('',(1.,0.,0.));
#7225=DIRECTION('',(0.,0.,1.));
#7226=DIRECTION('center_axis',(0.,0.,1.));
#7227=DIRECTION('ref_axis',(0.,1.,0.));
#7228=DIRECTION('center_axis',(0.,0.,-1.));
#7229=DIRECTION('ref_axis',(0.,1.,0.));
#7230=DIRECTION('center_axis',(0.,0.,1.));
#7231=DIRECTION('ref_axis',(1.,0.,0.));
#7232=DIRECTION('center_axis',(0.,0.,-1.));
#7233=DIRECTION('ref_axis',(1.,0.,0.));
#7234=DIRECTION('',(0.,0.,-1.));
#7235=DIRECTION('center_axis',(0.,0.,1.));
#7236=DIRECTION('ref_axis',(1.,0.,0.));
#7237=DIRECTION('center_axis',(0.,0.,-1.));
#7238=DIRECTION('ref_axis',(1.,0.,0.));
#7239=DIRECTION('',(0.,0.,-1.));
#7240=DIRECTION('center_axis',(0.,0.,1.));
#7241=DIRECTION('ref_axis',(1.,0.,0.));
#7242=DIRECTION('center_axis',(0.,0.,-1.));
#7243=DIRECTION('ref_axis',(1.,0.,0.));
#7244=DIRECTION('',(0.,0.,-1.));
#7245=DIRECTION('center_axis',(1.,0.,0.));
#7246=DIRECTION('ref_axis',(0.,1.,0.));
#7247=DIRECTION('',(0.,1.,0.));
#7248=DIRECTION('center_axis',(0.,1.,0.));
#7249=DIRECTION('ref_axis',(-1.,0.,0.));
#7250=DIRECTION('',(-1.,0.,0.));
#7251=DIRECTION('',(0.,0.,1.));
#7252=DIRECTION('center_axis',(1.,0.,0.));
#7253=DIRECTION('ref_axis',(0.,1.,0.));
#7254=DIRECTION('',(0.,1.,0.));
#7255=DIRECTION('',(0.,0.,1.));
#7256=DIRECTION('center_axis',(0.,1.,0.));
#7257=DIRECTION('ref_axis',(-1.,0.,0.));
#7258=DIRECTION('',(-1.,0.,0.));
#7259=DIRECTION('',(0.,0.,1.));
#7260=DIRECTION('center_axis',(-1.,0.,0.));
#7261=DIRECTION('ref_axis',(0.,-1.,0.));
#7262=DIRECTION('',(0.,-1.,0.));
#7263=DIRECTION('center_axis',(0.,0.,1.));
#7264=DIRECTION('ref_axis',(1.,0.,0.));
#7265=DIRECTION('',(7.49400541621981E-16,-4.66640074229237E-31,1.));
#7266=DIRECTION('',(-1.,1.66533453693773E-16,7.49400541621981E-16));
#7267=DIRECTION('',(1.02596534837036E-15,1.72020565934364E-18,1.));
#7268=DIRECTION('',(1.,1.09634523681734E-15,6.93889390390723E-17));
#7269=CARTESIAN_POINT('',(0.,0.,0.));
#7270=CARTESIAN_POINT('',(0.,0.,0.));
#7271=CARTESIAN_POINT('Origin',(-33.8558008707236,-11.168143293494,0.));
#7272=CARTESIAN_POINT('',(-33.8558008707236,-16.168143293494,13.));
#7273=CARTESIAN_POINT('',(-38.8558008707236,-11.168143293494,13.));
#7274=CARTESIAN_POINT('Origin',(-33.8558008707236,-11.168143293494,13.));
#7275=CARTESIAN_POINT('',(-38.8558008707236,-11.168143293494,0.));
#7276=CARTESIAN_POINT('',(-38.8558008707236,-11.168143293494,0.));
#7277=CARTESIAN_POINT('',(-33.8558008707236,-16.168143293494,0.));
#7278=CARTESIAN_POINT('Origin',(-33.8558008707236,-11.168143293494,0.));
#7279=CARTESIAN_POINT('',(-33.8558008707236,-16.168143293494,0.));
#7280=CARTESIAN_POINT('Origin',(36.9441991292764,42.331856706506,13.));
#7281=CARTESIAN_POINT('',(0.732199129276392,-16.168143293494,13.));
#7282=CARTESIAN_POINT('',(-38.8558008707236,-16.168143293494,13.));
#7283=CARTESIAN_POINT('',(0.732199129276392,-6.66814329349396,13.));
#7284=CARTESIAN_POINT('',(0.732199129276392,13.081856706506,13.));
#7285=CARTESIAN_POINT('',(-29.3558008707236,-6.66814329349396,13.));
#7286=CARTESIAN_POINT('',(32.4441991292764,-6.66814329349397,13.));
#7287=CARTESIAN_POINT('',(-29.3558008707236,37.831856706506,13.));
#7288=CARTESIAN_POINT('',(-29.3558008707236,-6.66814329349397,13.));
#7289=CARTESIAN_POINT('',(32.4441991292764,37.831856706506,13.));
#7290=CARTESIAN_POINT('',(-29.3558008707236,37.831856706506,13.));
#7291=CARTESIAN_POINT('',(32.4441991292764,-6.66814329349396,13.));
#7292=CARTESIAN_POINT('',(32.4441991292764,37.831856706506,13.));
#7293=CARTESIAN_POINT('',(19.2321991292764,-6.66814329349396,13.));
#7294=CARTESIAN_POINT('',(32.4441991292764,-6.66814329349397,13.));
#7295=CARTESIAN_POINT('',(19.2321991292764,-16.168143293494,13.));
#7296=CARTESIAN_POINT('',(19.2321991292764,17.831856706506,13.));
#7297=CARTESIAN_POINT('',(36.9441991292764,-16.168143293494,13.));
#7298=CARTESIAN_POINT('',(-38.8558008707236,-16.168143293494,13.));
#7299=CARTESIAN_POINT('',(41.9441991292764,-11.168143293494,13.));
#7300=CARTESIAN_POINT('Origin',(36.9441991292764,-11.168143293494,13.));
#7301=CARTESIAN_POINT('',(41.9441991292764,42.331856706506,13.));
#7302=CARTESIAN_POINT('',(41.9441991292764,-11.168143293494,13.));
#7303=CARTESIAN_POINT('',(36.9441991292764,47.331856706506,13.));
#7304=CARTESIAN_POINT('Origin',(36.9441991292764,42.331856706506,13.));
#7305=CARTESIAN_POINT('',(-33.8558008707236,47.331856706506,13.));
#7306=CARTESIAN_POINT('',(41.9441991292764,47.331856706506,13.));
#7307=CARTESIAN_POINT('',(-38.8558008707236,42.331856706506,13.));
#7308=CARTESIAN_POINT('Origin',(-33.8558008707236,42.331856706506,13.));
#7309=CARTESIAN_POINT('',(-38.8558008707236,-16.168143293494,13.));
#7310=CARTESIAN_POINT('',(35.2441991292764,42.331856706506,13.));
#7311=CARTESIAN_POINT('Origin',(36.9441991292764,42.331856706506,13.));
#7312=CARTESIAN_POINT('',(-35.5558008707236,-11.168143293494,13.));
#7313=CARTESIAN_POINT('Origin',(-33.8558008707236,-11.168143293494,13.));
#7314=CARTESIAN_POINT('',(-35.5558008707236,42.331856706506,13.));
#7315=CARTESIAN_POINT('Origin',(-33.8558008707236,42.331856706506,13.));
#7316=CARTESIAN_POINT('',(35.2441991292764,-11.168143293494,13.));
#7317=CARTESIAN_POINT('Origin',(36.9441991292764,-11.168143293494,13.));
#7318=CARTESIAN_POINT('Origin',(-38.8558008707236,-16.168143293494,0.));
#7319=CARTESIAN_POINT('',(36.9441991292764,-16.168143293494,0.));
#7320=CARTESIAN_POINT('',(-38.8558008707236,-16.168143293494,0.));
#7321=CARTESIAN_POINT('',(36.9441991292764,-16.168143293494,0.));
#7322=CARTESIAN_POINT('',(19.2321991292764,-16.168143293494,5.5));
#7323=CARTESIAN_POINT('',(19.2321991292764,-16.168143293494,6.5));
#7324=CARTESIAN_POINT('',(0.732199129276392,-16.168143293494,5.5));
#7325=CARTESIAN_POINT('',(-14.4368008707236,-16.168143293494,5.5));
#7326=CARTESIAN_POINT('',(0.732199129276392,-16.168143293494,6.5));
#7327=CARTESIAN_POINT('Origin',(36.9441991292764,-11.168143293494,0.));
#7328=CARTESIAN_POINT('',(41.9441991292764,-11.168143293494,0.));
#7329=CARTESIAN_POINT('Origin',(36.9441991292764,-11.168143293494,0.));
#7330=CARTESIAN_POINT('',(41.9441991292764,-11.168143293494,0.));
#7331=CARTESIAN_POINT('Origin',(36.9441991292764,42.331856706506,0.));
#7332=CARTESIAN_POINT('',(41.9441991292764,42.331856706506,0.));
#7333=CARTESIAN_POINT('',(41.9441991292764,42.331856706506,0.));
#7334=CARTESIAN_POINT('',(36.9441991292764,47.331856706506,0.));
#7335=CARTESIAN_POINT('Origin',(36.9441991292764,42.331856706506,0.));
#7336=CARTESIAN_POINT('',(36.9441991292764,47.331856706506,0.));
#7337=CARTESIAN_POINT('Origin',(41.9441991292764,47.331856706506,0.));
#7338=CARTESIAN_POINT('',(-33.8558008707236,47.331856706506,0.));
#7339=CARTESIAN_POINT('',(41.9441991292764,47.331856706506,0.));
#7340=CARTESIAN_POINT('',(-33.8558008707236,47.331856706506,0.));
#7341=CARTESIAN_POINT('Origin',(-33.8558008707236,42.331856706506,0.));
#7342=CARTESIAN_POINT('',(-38.8558008707236,42.331856706506,0.));
#7343=CARTESIAN_POINT('Origin',(-33.8558008707236,42.331856706506,0.));
#7344=CARTESIAN_POINT('',(-38.8558008707236,42.331856706506,0.));
#7345=CARTESIAN_POINT('Origin',(0.732199129276392,-16.168143293494,13.));
#7346=CARTESIAN_POINT('',(0.732199129276392,-6.66814329349396,5.5));
#7347=CARTESIAN_POINT('',(0.732199129276392,-16.168143293494,5.5));
#7348=CARTESIAN_POINT('',(0.732199129276392,-6.66814329349397,6.5));
#7349=CARTESIAN_POINT('Origin',(19.2321991292764,-6.66814329349396,13.));
#7350=CARTESIAN_POINT('',(19.2321991292764,-6.66814329349396,5.5));
#7351=CARTESIAN_POINT('',(19.2321991292764,-6.66814329349397,6.5));
#7352=CARTESIAN_POINT('',(19.2321991292764,-6.66814329349396,5.5));
#7353=CARTESIAN_POINT('Origin',(9.98219912927639,-11.418143293494,5.5));
#7354=CARTESIAN_POINT('',(21.2131991292764,-6.66814329349397,5.5));
#7355=CARTESIAN_POINT('Origin',(32.4441991292764,-6.66814329349397,0.));
#7356=CARTESIAN_POINT('',(32.4441991292764,-6.66814329349397,3.));
#7357=CARTESIAN_POINT('',(32.4441991292764,-6.66814329349397,0.));
#7358=CARTESIAN_POINT('',(-29.3558008707236,-6.66814329349397,3.));
#7359=CARTESIAN_POINT('',(16.9941991292764,-6.66814329349397,3.));
#7360=CARTESIAN_POINT('',(-29.3558008707236,-6.66814329349397,0.));
#7361=CARTESIAN_POINT('Origin',(1.54419912927639,15.581856706506,3.));
#7362=CARTESIAN_POINT('',(32.4441991292764,37.831856706506,3.));
#7363=CARTESIAN_POINT('',(32.4441991292764,26.706856706506,3.));
#7364=CARTESIAN_POINT('',(-29.3558008707236,37.831856706506,3.));
#7365=CARTESIAN_POINT('',(-13.9058008707236,37.831856706506,3.));
#7366=CARTESIAN_POINT('',(-29.3558008707236,4.45685670650603,3.));
#7367=CARTESIAN_POINT('Origin',(-29.3558008707236,37.831856706506,0.));
#7368=CARTESIAN_POINT('',(32.4441991292764,37.831856706506,0.));
#7369=CARTESIAN_POINT('',(-29.3558008707236,37.831856706506,0.));
#7370=CARTESIAN_POINT('Origin',(32.4441991292764,37.831856706506,0.));
#7371=CARTESIAN_POINT('Origin',(36.9441991292764,42.331856706506,0.));
#7372=CARTESIAN_POINT('',(33.9441991292764,42.331856706506,3.1));
#7373=CARTESIAN_POINT('Origin',(36.9441991292764,42.331856706506,3.1));
#7374=CARTESIAN_POINT('',(33.9441991292764,42.331856706506,0.));
#7375=CARTESIAN_POINT('',(33.9441991292764,42.331856706506,0.));
#7376=CARTESIAN_POINT('Origin',(36.9441991292764,42.331856706506,0.));
#7377=CARTESIAN_POINT('Origin',(36.9441991292764,-11.168143293494,0.));
#7378=CARTESIAN_POINT('',(33.9441991292764,-11.168143293494,3.1));
#7379=CARTESIAN_POINT('Origin',(36.9441991292764,-11.168143293494,3.1));
#7380=CARTESIAN_POINT('',(33.9441991292764,-11.168143293494,0.));
#7381=CARTESIAN_POINT('',(33.9441991292764,-11.168143293494,0.));
#7382=CARTESIAN_POINT('Origin',(36.9441991292764,-11.168143293494,0.));
#7383=CARTESIAN_POINT('Origin',(-33.8558008707236,-11.168143293494,0.));
#7384=CARTESIAN_POINT('',(-36.8558008707236,-11.168143293494,3.1));
#7385=CARTESIAN_POINT('Origin',(-33.8558008707236,-11.168143293494,3.1));
#7386=CARTESIAN_POINT('',(-36.8558008707236,-11.168143293494,0.));
#7387=CARTESIAN_POINT('',(-36.8558008707236,-11.168143293494,0.));
#7388=CARTESIAN_POINT('Origin',(-33.8558008707236,-11.168143293494,0.));
#7389=CARTESIAN_POINT('Origin',(-33.8558008707236,42.331856706506,0.));
#7390=CARTESIAN_POINT('',(-36.8558008707236,42.331856706506,3.1));
#7391=CARTESIAN_POINT('Origin',(-33.8558008707236,42.331856706506,3.1));
#7392=CARTESIAN_POINT('',(-36.8558008707236,42.331856706506,0.));
#7393=CARTESIAN_POINT('',(-36.8558008707236,42.331856706506,0.));
#7394=CARTESIAN_POINT('Origin',(-33.8558008707236,42.331856706506,0.));
#7395=CARTESIAN_POINT('Origin',(-29.3558008707236,-6.66814329349397,0.));
#7396=CARTESIAN_POINT('Origin',(41.9441991292764,-16.168143293494,0.));
#7397=CARTESIAN_POINT('',(41.9441991292764,-11.168143293494,0.));
#7398=CARTESIAN_POINT('Origin',(-38.8558008707236,47.331856706506,0.));
#7399=CARTESIAN_POINT('',(-38.8558008707236,-16.168143293494,0.));
#7400=CARTESIAN_POINT('Origin',(1.54419912927639,15.581856706506,0.));
#7401=CARTESIAN_POINT('Origin',(-33.8558008707236,42.331856706506,3.1));
#7402=CARTESIAN_POINT('',(-35.5558008707236,42.331856706506,3.1));
#7403=CARTESIAN_POINT('',(-35.5558008707236,42.331856706506,3.1));
#7404=CARTESIAN_POINT('Origin',(-33.8558008707236,42.331856706506,3.1));
#7405=CARTESIAN_POINT('Origin',(-33.8558008707236,42.331856706506,3.1));
#7406=CARTESIAN_POINT('Origin',(-33.8558008707236,-11.168143293494,3.1));
#7407=CARTESIAN_POINT('',(-35.5558008707236,-11.168143293494,3.1));
#7408=CARTESIAN_POINT('',(-35.5558008707236,-11.168143293494,3.1));
#7409=CARTESIAN_POINT('Origin',(-33.8558008707236,-11.168143293494,3.1));
#7410=CARTESIAN_POINT('Origin',(-33.8558008707236,-11.168143293494,3.1));
#7411=CARTESIAN_POINT('Origin',(36.9441991292764,-11.168143293494,3.1));
#7412=CARTESIAN_POINT('',(35.2441991292764,-11.168143293494,3.1));
#7413=CARTESIAN_POINT('',(35.2441991292764,-11.168143293494,3.1));
#7414=CARTESIAN_POINT('Origin',(36.9441991292764,-11.168143293494,3.1));
#7415=CARTESIAN_POINT('Origin',(36.9441991292764,-11.168143293494,3.1));
#7416=CARTESIAN_POINT('Origin',(36.9441991292764,42.331856706506,3.1));
#7417=CARTESIAN_POINT('',(35.2441991292764,42.331856706506,3.1));
#7418=CARTESIAN_POINT('',(35.2441991292764,42.331856706506,3.1));
#7419=CARTESIAN_POINT('Origin',(36.9441991292764,42.331856706506,3.1));
#7420=CARTESIAN_POINT('Origin',(36.9441991292764,42.331856706506,3.1));
#7421=CARTESIAN_POINT('',(0.,0.,0.));
#7422=CARTESIAN_POINT('Ctrl Pts',(35.6800823006779,28.5402459651232,0.));
#7423=CARTESIAN_POINT('Ctrl Pts',(35.6800823006779,28.5402459651232,0.2));
#7424=CARTESIAN_POINT('Ctrl Pts',(35.6396647000168,28.5435993068316,0.));
#7425=CARTESIAN_POINT('Ctrl Pts',(35.6396647000168,28.5435993068316,0.2));
#7426=CARTESIAN_POINT('Ctrl Pts',(35.5598538064854,28.5502210061332,0.));
#7427=CARTESIAN_POINT('Ctrl Pts',(35.5598538064854,28.5502210061332,0.2));
#7428=CARTESIAN_POINT('Ctrl Pts',(35.4975157140885,28.6004023214914,0.));
#7429=CARTESIAN_POINT('Ctrl Pts',(35.4975157140885,28.6004023214914,0.2));
#7430=CARTESIAN_POINT('Ctrl Pts',(35.4667466972023,28.6251709610224,0.));
#7431=CARTESIAN_POINT('Ctrl Pts',(35.4667466972023,28.6251709610224,0.2));
#7432=CARTESIAN_POINT('',(35.6800823006779,28.5402459651232,0.));
#7433=CARTESIAN_POINT('',(35.4667466972023,28.6251709610224,0.));
#7434=CARTESIAN_POINT('Ctrl Pts',(35.6800823006779,28.5402459651232,0.));
#7435=CARTESIAN_POINT('Ctrl Pts',(35.6396647000168,28.5435993068316,0.));
#7436=CARTESIAN_POINT('Ctrl Pts',(35.5598538064854,28.5502210061332,0.));
#7437=CARTESIAN_POINT('Ctrl Pts',(35.4975157140885,28.6004023214914,0.));
#7438=CARTESIAN_POINT('Ctrl Pts',(35.4667466972023,28.6251709610224,0.));
#7439=CARTESIAN_POINT('',(35.6800823006779,28.5402459651232,0.2));
#7440=CARTESIAN_POINT('',(35.6800823006779,28.5402459651232,0.));
#7441=CARTESIAN_POINT('',(35.4667466972023,28.6251709610224,0.2));
#7442=CARTESIAN_POINT('Ctrl Pts',(35.6800823006779,28.5402459651232,0.2));
#7443=CARTESIAN_POINT('Ctrl Pts',(35.6396647000168,28.5435993068316,0.2));
#7444=CARTESIAN_POINT('Ctrl Pts',(35.5598538064854,28.5502210061332,0.2));
#7445=CARTESIAN_POINT('Ctrl Pts',(35.4975157140885,28.6004023214914,0.2));
#7446=CARTESIAN_POINT('Ctrl Pts',(35.4667466972023,28.6251709610224,0.2));
#7447=CARTESIAN_POINT('',(35.4667466972023,28.6251709610224,0.));
#7448=CARTESIAN_POINT('Ctrl Pts',(35.9082540962845,28.6466579884291,0.));
#7449=CARTESIAN_POINT('Ctrl Pts',(35.9082540962845,28.6466579884291,0.2));
#7450=CARTESIAN_POINT('Ctrl Pts',(35.8766473527729,28.6156213346984,0.));
#7451=CARTESIAN_POINT('Ctrl Pts',(35.8766473527729,28.6156213346984,0.2));
#7452=CARTESIAN_POINT('Ctrl Pts',(35.8131570574517,28.5532762117214,0.));
#7453=CARTESIAN_POINT('Ctrl Pts',(35.8131570574517,28.5532762117214,0.2));
#7454=CARTESIAN_POINT('Ctrl Pts',(35.7245692961151,28.5446019867686,0.));
#7455=CARTESIAN_POINT('Ctrl Pts',(35.7245692961151,28.5446019867686,0.2));
#7456=CARTESIAN_POINT('Ctrl Pts',(35.6800823006779,28.5402459651232,0.));
#7457=CARTESIAN_POINT('Ctrl Pts',(35.6800823006779,28.5402459651232,0.2));
#7458=CARTESIAN_POINT('',(35.9082540962845,28.6466579884291,0.));
#7459=CARTESIAN_POINT('Ctrl Pts',(35.9082540962845,28.6466579884291,0.));
#7460=CARTESIAN_POINT('Ctrl Pts',(35.8766473527729,28.6156213346984,0.));
#7461=CARTESIAN_POINT('Ctrl Pts',(35.8131570574517,28.5532762117214,0.));
#7462=CARTESIAN_POINT('Ctrl Pts',(35.7245692961151,28.5446019867686,0.));
#7463=CARTESIAN_POINT('Ctrl Pts',(35.6800823006779,28.5402459651232,0.));
#7464=CARTESIAN_POINT('',(35.9082540962845,28.6466579884291,0.2));
#7465=CARTESIAN_POINT('',(35.9082540962845,28.6466579884291,0.));
#7466=CARTESIAN_POINT('Ctrl Pts',(35.9082540962845,28.6466579884291,0.2));
#7467=CARTESIAN_POINT('Ctrl Pts',(35.8766473527729,28.6156213346984,0.2));
#7468=CARTESIAN_POINT('Ctrl Pts',(35.8131570574517,28.5532762117214,0.2));
#7469=CARTESIAN_POINT('Ctrl Pts',(35.7245692961151,28.5446019867686,0.2));
#7470=CARTESIAN_POINT('Ctrl Pts',(35.6800823006779,28.5402459651232,0.2));
#7471=CARTESIAN_POINT('Ctrl Pts',(35.9778311941773,28.8523196429014,0.));
#7472=CARTESIAN_POINT('Ctrl Pts',(35.9778311941773,28.8523196429014,0.2));
#7473=CARTESIAN_POINT('Ctrl Pts',(35.9731732430873,28.8111905585904,0.));
#7474=CARTESIAN_POINT('Ctrl Pts',(35.9731732430873,28.8111905585904,0.2));
#7475=CARTESIAN_POINT('Ctrl Pts',(35.9648089566909,28.7373350298929,0.));
#7476=CARTESIAN_POINT('Ctrl Pts',(35.9648089566909,28.7373350298929,0.2));
#7477=CARTESIAN_POINT('Ctrl Pts',(35.9256195047145,28.6745007564764,0.));
#7478=CARTESIAN_POINT('Ctrl Pts',(35.9256195047145,28.6745007564764,0.2));
#7479=CARTESIAN_POINT('Ctrl Pts',(35.9082540962845,28.6466579884291,0.));
#7480=CARTESIAN_POINT('Ctrl Pts',(35.9082540962845,28.6466579884291,0.2));
#7481=CARTESIAN_POINT('',(35.9778311941773,28.8523196429014,0.));
#7482=CARTESIAN_POINT('Ctrl Pts',(35.9778311941773,28.8523196429014,0.));
#7483=CARTESIAN_POINT('Ctrl Pts',(35.9731732430873,28.8111905585904,0.));
#7484=CARTESIAN_POINT('Ctrl Pts',(35.9648089566909,28.7373350298929,0.));
#7485=CARTESIAN_POINT('Ctrl Pts',(35.9256195047145,28.6745007564764,0.));
#7486=CARTESIAN_POINT('Ctrl Pts',(35.9082540962845,28.6466579884291,0.));
#7487=CARTESIAN_POINT('',(35.9778311941773,28.8523196429014,0.2));
#7488=CARTESIAN_POINT('',(35.9778311941773,28.8523196429014,0.));
#7489=CARTESIAN_POINT('Ctrl Pts',(35.9778311941773,28.8523196429014,0.2));
#7490=CARTESIAN_POINT('Ctrl Pts',(35.9731732430873,28.8111905585904,0.2));
#7491=CARTESIAN_POINT('Ctrl Pts',(35.9648089566909,28.7373350298929,0.2));
#7492=CARTESIAN_POINT('Ctrl Pts',(35.9256195047145,28.6745007564764,0.2));
#7493=CARTESIAN_POINT('Ctrl Pts',(35.9082540962845,28.6466579884291,0.2));
#7494=CARTESIAN_POINT('Origin',(35.3710782621056,28.8523196429014,0.));
#7495=CARTESIAN_POINT('',(35.3710782621056,28.8523196429014,0.));
#7496=CARTESIAN_POINT('',(32.2280391310528,28.8523196429014,0.));
#7497=CARTESIAN_POINT('',(35.3710782621056,28.8523196429014,0.2));
#7498=CARTESIAN_POINT('',(35.3710782621056,28.8523196429014,0.));
#7499=CARTESIAN_POINT('',(35.3710782621056,28.8523196429014,0.2));
#7500=CARTESIAN_POINT('Ctrl Pts',(35.4667466972023,28.6251709610224,0.));
#7501=CARTESIAN_POINT('Ctrl Pts',(35.4667466972023,28.6251709610224,0.2));
#7502=CARTESIAN_POINT('Ctrl Pts',(35.4410951471801,28.65684448702,0.));
#7503=CARTESIAN_POINT('Ctrl Pts',(35.4410951471801,28.65684448702,0.2));
#7504=CARTESIAN_POINT('Ctrl Pts',(35.3873922197692,28.723154751547,0.));
#7505=CARTESIAN_POINT('Ctrl Pts',(35.3873922197692,28.723154751547,0.2));
#7506=CARTESIAN_POINT('Ctrl Pts',(35.3766758753964,28.8080008376515,0.));
#7507=CARTESIAN_POINT('Ctrl Pts',(35.3766758753964,28.8080008376515,0.2));
#7508=CARTESIAN_POINT('Ctrl Pts',(35.3710782621056,28.8523196429014,0.));
#7509=CARTESIAN_POINT('Ctrl Pts',(35.3710782621056,28.8523196429014,0.2));
#7510=CARTESIAN_POINT('Ctrl Pts',(35.4667466972023,28.6251709610224,0.));
#7511=CARTESIAN_POINT('Ctrl Pts',(35.4410951471801,28.65684448702,0.));
#7512=CARTESIAN_POINT('Ctrl Pts',(35.3873922197692,28.723154751547,0.));
#7513=CARTESIAN_POINT('Ctrl Pts',(35.3766758753964,28.8080008376515,0.));
#7514=CARTESIAN_POINT('Ctrl Pts',(35.3710782621056,28.8523196429014,0.));
#7515=CARTESIAN_POINT('Ctrl Pts',(35.4667466972023,28.6251709610224,0.2));
#7516=CARTESIAN_POINT('Ctrl Pts',(35.4410951471801,28.65684448702,0.2));
#7517=CARTESIAN_POINT('Ctrl Pts',(35.3873922197692,28.723154751547,0.2));
#7518=CARTESIAN_POINT('Ctrl Pts',(35.3766758753964,28.8080008376515,0.2));
#7519=CARTESIAN_POINT('Ctrl Pts',(35.3710782621056,28.8523196429014,0.2));
#7520=CARTESIAN_POINT('Ctrl Pts',(35.6892910692841,29.3731246888638,0.));
#7521=CARTESIAN_POINT('Ctrl Pts',(35.6892910692841,29.3731246888638,0.2));
#7522=CARTESIAN_POINT('Ctrl Pts',(35.7213798069584,29.37122714691,0.));
#7523=CARTESIAN_POINT('Ctrl Pts',(35.7213798069584,29.37122714691,0.2));
#7524=CARTESIAN_POINT('Ctrl Pts',(35.7834345615823,29.3675575884025,0.));
#7525=CARTESIAN_POINT('Ctrl Pts',(35.7834345615823,29.3675575884025,0.2));
#7526=CARTESIAN_POINT('Ctrl Pts',(35.8365576187699,29.3354319550543,0.));
#7527=CARTESIAN_POINT('Ctrl Pts',(35.8365576187699,29.3354319550543,0.2));
#7528=CARTESIAN_POINT('Ctrl Pts',(35.8622105512768,29.319918602705,0.));
#7529=CARTESIAN_POINT('Ctrl Pts',(35.8622105512768,29.319918602705,0.2));
#7530=CARTESIAN_POINT('',(35.6892910692841,29.3731246888638,0.));
#7531=CARTESIAN_POINT('',(35.8622105512768,29.319918602705,0.));
#7532=CARTESIAN_POINT('Ctrl Pts',(35.6892910692841,29.3731246888638,0.));
#7533=CARTESIAN_POINT('Ctrl Pts',(35.7213798069584,29.37122714691,0.));
#7534=CARTESIAN_POINT('Ctrl Pts',(35.7834345615823,29.3675575884025,0.));
#7535=CARTESIAN_POINT('Ctrl Pts',(35.8365576187699,29.3354319550543,0.));
#7536=CARTESIAN_POINT('Ctrl Pts',(35.8622105512768,29.319918602705,0.));
#7537=CARTESIAN_POINT('',(35.6892910692841,29.3731246888638,0.2));
#7538=CARTESIAN_POINT('',(35.6892910692841,29.3731246888638,0.));
#7539=CARTESIAN_POINT('',(35.8622105512768,29.319918602705,0.2));
#7540=CARTESIAN_POINT('Ctrl Pts',(35.6892910692841,29.3731246888638,0.2));
#7541=CARTESIAN_POINT('Ctrl Pts',(35.7213798069584,29.37122714691,0.2));
#7542=CARTESIAN_POINT('Ctrl Pts',(35.7834345615823,29.3675575884025,0.2));
#7543=CARTESIAN_POINT('Ctrl Pts',(35.8365576187699,29.3354319550543,0.2));
#7544=CARTESIAN_POINT('Ctrl Pts',(35.8622105512768,29.319918602705,0.2));
#7545=CARTESIAN_POINT('',(35.8622105512768,29.319918602705,0.));
#7546=CARTESIAN_POINT('Ctrl Pts',(35.462142387405,29.2779676616192,0.));
#7547=CARTESIAN_POINT('Ctrl Pts',(35.462142387405,29.2779676616192,0.2));
#7548=CARTESIAN_POINT('Ctrl Pts',(35.4945789200429,29.3057211984235,0.));
#7549=CARTESIAN_POINT('Ctrl Pts',(35.4945789200429,29.3057211984235,0.2));
#7550=CARTESIAN_POINT('Ctrl Pts',(35.5600567139792,29.3617456935248,0.));
#7551=CARTESIAN_POINT('Ctrl Pts',(35.5600567139792,29.3617456935248,0.2));
#7552=CARTESIAN_POINT('Ctrl Pts',(35.6459485291817,29.369308408273,0.));
#7553=CARTESIAN_POINT('Ctrl Pts',(35.6459485291817,29.369308408273,0.2));
#7554=CARTESIAN_POINT('Ctrl Pts',(35.6892910692841,29.3731246888638,0.));
#7555=CARTESIAN_POINT('Ctrl Pts',(35.6892910692841,29.3731246888638,0.2));
#7556=CARTESIAN_POINT('',(35.462142387405,29.2779676616192,0.));
#7557=CARTESIAN_POINT('Ctrl Pts',(35.462142387405,29.2779676616192,0.));
#7558=CARTESIAN_POINT('Ctrl Pts',(35.4945789200429,29.3057211984235,0.));
#7559=CARTESIAN_POINT('Ctrl Pts',(35.5600567139792,29.3617456935248,0.));
#7560=CARTESIAN_POINT('Ctrl Pts',(35.6459485291817,29.369308408273,0.));
#7561=CARTESIAN_POINT('Ctrl Pts',(35.6892910692841,29.3731246888638,0.));
#7562=CARTESIAN_POINT('',(35.462142387405,29.2779676616192,0.2));
#7563=CARTESIAN_POINT('',(35.462142387405,29.2779676616192,0.));
#7564=CARTESIAN_POINT('Ctrl Pts',(35.462142387405,29.2779676616192,0.2));
#7565=CARTESIAN_POINT('Ctrl Pts',(35.4945789200429,29.3057211984235,0.2));
#7566=CARTESIAN_POINT('Ctrl Pts',(35.5600567139792,29.3617456935248,0.2));
#7567=CARTESIAN_POINT('Ctrl Pts',(35.6459485291817,29.369308408273,0.2));
#7568=CARTESIAN_POINT('Ctrl Pts',(35.6892910692841,29.3731246888638,0.2));
#7569=CARTESIAN_POINT('Ctrl Pts',(35.3608463797718,29.0037521719933,0.));
#7570=CARTESIAN_POINT('Ctrl Pts',(35.3608463797718,29.0037521719933,0.2));
#7571=CARTESIAN_POINT('Ctrl Pts',(35.3661684835597,29.0583124965095,0.));
#7572=CARTESIAN_POINT('Ctrl Pts',(35.3661684835597,29.0583124965095,0.2));
#7573=CARTESIAN_POINT('Ctrl Pts',(35.3759880011711,29.1589787158895,0.));
#7574=CARTESIAN_POINT('Ctrl Pts',(35.3759880011711,29.1589787158895,0.2));
#7575=CARTESIAN_POINT('Ctrl Pts',(35.4350784925077,29.2405893636364,0.));
#7576=CARTESIAN_POINT('Ctrl Pts',(35.4350784925077,29.2405893636364,0.2));
#7577=CARTESIAN_POINT('Ctrl Pts',(35.462142387405,29.2779676616192,0.));
#7578=CARTESIAN_POINT('Ctrl Pts',(35.462142387405,29.2779676616192,0.2));
#7579=CARTESIAN_POINT('',(35.3608463797718,29.0037521719933,0.));
#7580=CARTESIAN_POINT('Ctrl Pts',(35.3608463797718,29.0037521719933,0.));
#7581=CARTESIAN_POINT('Ctrl Pts',(35.3661684835597,29.0583124965095,0.));
#7582=CARTESIAN_POINT('Ctrl Pts',(35.3759880011711,29.1589787158895,0.));
#7583=CARTESIAN_POINT('Ctrl Pts',(35.4350784925077,29.2405893636364,0.));
#7584=CARTESIAN_POINT('Ctrl Pts',(35.462142387405,29.2779676616192,0.));
#7585=CARTESIAN_POINT('',(35.3608463797718,29.0037521719933,0.2));
#7586=CARTESIAN_POINT('',(35.3608463797718,29.0037521719933,0.));
#7587=CARTESIAN_POINT('Ctrl Pts',(35.3608463797718,29.0037521719933,0.2));
#7588=CARTESIAN_POINT('Ctrl Pts',(35.3661684835597,29.0583124965095,0.2));
#7589=CARTESIAN_POINT('Ctrl Pts',(35.3759880011711,29.1589787158895,0.2));
#7590=CARTESIAN_POINT('Ctrl Pts',(35.4350784925077,29.2405893636364,0.2));
#7591=CARTESIAN_POINT('Ctrl Pts',(35.462142387405,29.2779676616192,0.2));
#7592=CARTESIAN_POINT('Origin',(36.1712145898491,29.0037521719933,0.));
#7593=CARTESIAN_POINT('',(36.1712145898491,29.0037521719933,0.));
#7594=CARTESIAN_POINT('',(32.6281072949246,29.0037521719933,0.));
#7595=CARTESIAN_POINT('',(36.1712145898491,29.0037521719933,0.2));
#7596=CARTESIAN_POINT('',(36.1712145898491,29.0037521719933,0.));
#7597=CARTESIAN_POINT('',(36.1712145898491,29.0037521719933,0.2));
#7598=CARTESIAN_POINT('Ctrl Pts',(36.1722378525883,28.9546389877796,0.));
#7599=CARTESIAN_POINT('Ctrl Pts',(36.1722378525883,28.9546389877796,0.2));
#7600=CARTESIAN_POINT('Ctrl Pts',(36.1721728524196,28.9614606411199,0.));
#7601=CARTESIAN_POINT('Ctrl Pts',(36.1721728524196,28.9614606411199,0.2));
#7602=CARTESIAN_POINT('Ctrl Pts',(36.1720168260148,28.9778353377692,0.));
#7603=CARTESIAN_POINT('Ctrl Pts',(36.1720168260148,28.9778353377692,0.2));
#7604=CARTESIAN_POINT('Ctrl Pts',(36.1715101727594,28.9942031468884,0.));
#7605=CARTESIAN_POINT('Ctrl Pts',(36.1715101727594,28.9942031468884,0.2));
#7606=CARTESIAN_POINT('Ctrl Pts',(36.1712145898491,29.0037521719933,0.));
#7607=CARTESIAN_POINT('Ctrl Pts',(36.1712145898491,29.0037521719933,0.2));
#7608=CARTESIAN_POINT('',(36.1722378525883,28.9546389877796,0.));
#7609=CARTESIAN_POINT('Ctrl Pts',(36.1722378525883,28.9546389877796,0.));
#7610=CARTESIAN_POINT('Ctrl Pts',(36.1721728524196,28.9614606411199,0.));
#7611=CARTESIAN_POINT('Ctrl Pts',(36.1720168260148,28.9778353377692,0.));
#7612=CARTESIAN_POINT('Ctrl Pts',(36.1715101727594,28.9942031468884,0.));
#7613=CARTESIAN_POINT('Ctrl Pts',(36.1712145898491,29.0037521719933,0.));
#7614=CARTESIAN_POINT('',(36.1722378525883,28.9546389877796,0.2));
#7615=CARTESIAN_POINT('',(36.1722378525883,28.9546389877796,0.));
#7616=CARTESIAN_POINT('Ctrl Pts',(36.1722378525883,28.9546389877796,0.2));
#7617=CARTESIAN_POINT('Ctrl Pts',(36.1721728524196,28.9614606411199,0.2));
#7618=CARTESIAN_POINT('Ctrl Pts',(36.1720168260148,28.9778353377692,0.2));
#7619=CARTESIAN_POINT('Ctrl Pts',(36.1715101727594,28.9942031468884,0.2));
#7620=CARTESIAN_POINT('Ctrl Pts',(36.1712145898491,29.0037521719933,0.2));
#7621=CARTESIAN_POINT('Ctrl Pts',(36.034106919542,28.537176400423,0.));
#7622=CARTESIAN_POINT('Ctrl Pts',(36.034106919542,28.537176400423,0.2));
#7623=CARTESIAN_POINT('Ctrl Pts',(36.0743300098481,28.5947133869319,0.));
#7624=CARTESIAN_POINT('Ctrl Pts',(36.0743300098481,28.5947133869319,0.2));
#7625=CARTESIAN_POINT('Ctrl Pts',(36.1615907362631,28.7195352044568,0.));
#7626=CARTESIAN_POINT('Ctrl Pts',(36.1615907362631,28.7195352044568,0.2));
#7627=CARTESIAN_POINT('Ctrl Pts',(36.1685087290614,28.872294527282,0.));
#7628=CARTESIAN_POINT('Ctrl Pts',(36.1685087290614,28.872294527282,0.2));
#7629=CARTESIAN_POINT('Ctrl Pts',(36.1722378525883,28.9546389877796,0.));
#7630=CARTESIAN_POINT('Ctrl Pts',(36.1722378525883,28.9546389877796,0.2));
#7631=CARTESIAN_POINT('',(36.034106919542,28.537176400423,0.));
#7632=CARTESIAN_POINT('Ctrl Pts',(36.034106919542,28.537176400423,0.));
#7633=CARTESIAN_POINT('Ctrl Pts',(36.0743300098481,28.5947133869319,0.));
#7634=CARTESIAN_POINT('Ctrl Pts',(36.1615907362631,28.7195352044568,0.));
#7635=CARTESIAN_POINT('Ctrl Pts',(36.1685087290614,28.872294527282,0.));
#7636=CARTESIAN_POINT('Ctrl Pts',(36.1722378525883,28.9546389877796,0.));
#7637=CARTESIAN_POINT('',(36.034106919542,28.537176400423,0.2));
#7638=CARTESIAN_POINT('',(36.034106919542,28.537176400423,0.));
#7639=CARTESIAN_POINT('Ctrl Pts',(36.034106919542,28.537176400423,0.2));
#7640=CARTESIAN_POINT('Ctrl Pts',(36.0743300098481,28.5947133869319,0.2));
#7641=CARTESIAN_POINT('Ctrl Pts',(36.1615907362631,28.7195352044568,0.2));
#7642=CARTESIAN_POINT('Ctrl Pts',(36.1685087290614,28.872294527282,0.2));
#7643=CARTESIAN_POINT('Ctrl Pts',(36.1722378525883,28.9546389877796,0.2));
#7644=CARTESIAN_POINT('Ctrl Pts',(35.6780359242111,28.3888135105371,0.));
#7645=CARTESIAN_POINT('Ctrl Pts',(35.6780359242111,28.3888135105371,0.2));
#7646=CARTESIAN_POINT('Ctrl Pts',(35.7468611918788,28.394471040944,0.));
#7647=CARTESIAN_POINT('Ctrl Pts',(35.7468611918788,28.394471040944,0.2));
#7648=CARTESIAN_POINT('Ctrl Pts',(35.8817394045985,28.4055582130762,0.));
#7649=CARTESIAN_POINT('Ctrl Pts',(35.8817394045985,28.4055582130762,0.2));
#7650=CARTESIAN_POINT('Ctrl Pts',(35.9840185051622,28.4939089998213,0.));
#7651=CARTESIAN_POINT('Ctrl Pts',(35.9840185051622,28.4939089998213,0.2));
#7652=CARTESIAN_POINT('Ctrl Pts',(36.034106919542,28.537176400423,0.));
#7653=CARTESIAN_POINT('Ctrl Pts',(36.034106919542,28.537176400423,0.2));
#7654=CARTESIAN_POINT('',(35.6780359242111,28.3888135105371,0.));
#7655=CARTESIAN_POINT('Ctrl Pts',(35.6780359242111,28.3888135105371,0.));
#7656=CARTESIAN_POINT('Ctrl Pts',(35.7468611918788,28.394471040944,0.));
#7657=CARTESIAN_POINT('Ctrl Pts',(35.8817394045985,28.4055582130762,0.));
#7658=CARTESIAN_POINT('Ctrl Pts',(35.9840185051622,28.4939089998213,0.));
#7659=CARTESIAN_POINT('Ctrl Pts',(36.034106919542,28.537176400423,0.));
#7660=CARTESIAN_POINT('',(35.6780359242111,28.3888135105371,0.2));
#7661=CARTESIAN_POINT('',(35.6780359242111,28.3888135105371,0.));
#7662=CARTESIAN_POINT('Ctrl Pts',(35.6780359242111,28.3888135105371,0.2));
#7663=CARTESIAN_POINT('Ctrl Pts',(35.7468611918788,28.394471040944,0.2));
#7664=CARTESIAN_POINT('Ctrl Pts',(35.8817394045985,28.4055582130762,0.2));
#7665=CARTESIAN_POINT('Ctrl Pts',(35.9840185051622,28.4939089998213,0.2));
#7666=CARTESIAN_POINT('Ctrl Pts',(36.034106919542,28.537176400423,0.2));
#7667=CARTESIAN_POINT('Ctrl Pts',(35.3117330465466,28.5402459651232,0.));
#7668=CARTESIAN_POINT('Ctrl Pts',(35.3117330465466,28.5402459651232,0.2));
#7669=CARTESIAN_POINT('Ctrl Pts',(35.363148048954,28.4960850966742,0.));
#7670=CARTESIAN_POINT('Ctrl Pts',(35.363148048954,28.4960850966742,0.2));
#7671=CARTESIAN_POINT('Ctrl Pts',(35.4684755426555,28.4056182411725,0.));
#7672=CARTESIAN_POINT('Ctrl Pts',(35.4684755426555,28.4056182411725,0.2));
#7673=CARTESIAN_POINT('Ctrl Pts',(35.6070868956332,28.3945029414555,0.));
#7674=CARTESIAN_POINT('Ctrl Pts',(35.6070868956332,28.3945029414555,0.2));
#7675=CARTESIAN_POINT('Ctrl Pts',(35.6780359242111,28.3888135105371,0.));
#7676=CARTESIAN_POINT('Ctrl Pts',(35.6780359242111,28.3888135105371,0.2));
#7677=CARTESIAN_POINT('',(35.3117330465466,28.5402459651232,0.));
#7678=CARTESIAN_POINT('Ctrl Pts',(35.3117330465466,28.5402459651232,0.));
#7679=CARTESIAN_POINT('Ctrl Pts',(35.363148048954,28.4960850966742,0.));
#7680=CARTESIAN_POINT('Ctrl Pts',(35.4684755426555,28.4056182411725,0.));
#7681=CARTESIAN_POINT('Ctrl Pts',(35.6070868956332,28.3945029414555,0.));
#7682=CARTESIAN_POINT('Ctrl Pts',(35.6780359242111,28.3888135105371,0.));
#7683=CARTESIAN_POINT('',(35.3117330465466,28.5402459651232,0.2));
#7684=CARTESIAN_POINT('',(35.3117330465466,28.5402459651232,0.));
#7685=CARTESIAN_POINT('Ctrl Pts',(35.3117330465466,28.5402459651232,0.2));
#7686=CARTESIAN_POINT('Ctrl Pts',(35.363148048954,28.4960850966742,0.2));
#7687=CARTESIAN_POINT('Ctrl Pts',(35.4684755426555,28.4056182411725,0.2));
#7688=CARTESIAN_POINT('Ctrl Pts',(35.6070868956332,28.3945029414555,0.2));
#7689=CARTESIAN_POINT('Ctrl Pts',(35.6780359242111,28.3888135105371,0.2));
#7690=CARTESIAN_POINT('Ctrl Pts',(35.1705325488001,28.9658941328526,0.));
#7691=CARTESIAN_POINT('Ctrl Pts',(35.1705325488001,28.9658941328526,0.2));
#7692=CARTESIAN_POINT('Ctrl Pts',(35.1743630075782,28.8819552622121,0.));
#7693=CARTESIAN_POINT('Ctrl Pts',(35.1743630075782,28.8819552622121,0.2));
#7694=CARTESIAN_POINT('Ctrl Pts',(35.1814730740759,28.7261486117352,0.));
#7695=CARTESIAN_POINT('Ctrl Pts',(35.1814730740759,28.7261486117352,0.2));
#7696=CARTESIAN_POINT('Ctrl Pts',(35.2706151440656,28.5989280510269,0.));
#7697=CARTESIAN_POINT('Ctrl Pts',(35.2706151440656,28.5989280510269,0.2));
#7698=CARTESIAN_POINT('Ctrl Pts',(35.3117330465466,28.5402459651232,0.));
#7699=CARTESIAN_POINT('Ctrl Pts',(35.3117330465466,28.5402459651232,0.2));
#7700=CARTESIAN_POINT('',(35.1705325488001,28.9658941328526,0.));
#7701=CARTESIAN_POINT('Ctrl Pts',(35.1705325488001,28.9658941328526,0.));
#7702=CARTESIAN_POINT('Ctrl Pts',(35.1743630075782,28.8819552622121,0.));
#7703=CARTESIAN_POINT('Ctrl Pts',(35.1814730740759,28.7261486117352,0.));
#7704=CARTESIAN_POINT('Ctrl Pts',(35.2706151440656,28.5989280510269,0.));
#7705=CARTESIAN_POINT('Ctrl Pts',(35.3117330465466,28.5402459651232,0.));
#7706=CARTESIAN_POINT('',(35.1705325488001,28.9658941328526,0.2));
#7707=CARTESIAN_POINT('',(35.1705325488001,28.9658941328526,0.));
#7708=CARTESIAN_POINT('Ctrl Pts',(35.1705325488001,28.9658941328526,0.2));
#7709=CARTESIAN_POINT('Ctrl Pts',(35.1743630075782,28.8819552622121,0.2));
#7710=CARTESIAN_POINT('Ctrl Pts',(35.1814730740759,28.7261486117352,0.2));
#7711=CARTESIAN_POINT('Ctrl Pts',(35.2706151440656,28.5989280510269,0.2));
#7712=CARTESIAN_POINT('Ctrl Pts',(35.3117330465466,28.5402459651232,0.2));
#7713=CARTESIAN_POINT('Ctrl Pts',(35.3101983759552,29.377728998661,0.));
#7714=CARTESIAN_POINT('Ctrl Pts',(35.3101983759552,29.377728998661,0.2));
#7715=CARTESIAN_POINT('Ctrl Pts',(35.2695222414469,29.320985665056,0.));
#7716=CARTESIAN_POINT('Ctrl Pts',(35.2695222414469,29.320985665056,0.2));
#7717=CARTESIAN_POINT('Ctrl Pts',(35.1816455637347,29.1983974275105,0.));
#7718=CARTESIAN_POINT('Ctrl Pts',(35.1816455637347,29.1983974275105,0.2));
#7719=CARTESIAN_POINT('Ctrl Pts',(35.1744158115589,29.047138636775,0.));
#7720=CARTESIAN_POINT('Ctrl Pts',(35.1744158115589,29.047138636775,0.2));
#7721=CARTESIAN_POINT('Ctrl Pts',(35.1705325488001,28.9658941328526,0.));
#7722=CARTESIAN_POINT('Ctrl Pts',(35.1705325488001,28.9658941328526,0.2));
#7723=CARTESIAN_POINT('',(35.3101983759552,29.377728998661,0.));
#7724=CARTESIAN_POINT('Ctrl Pts',(35.3101983759552,29.377728998661,0.));
#7725=CARTESIAN_POINT('Ctrl Pts',(35.2695222414469,29.320985665056,0.));
#7726=CARTESIAN_POINT('Ctrl Pts',(35.1816455637347,29.1983974275105,0.));
#7727=CARTESIAN_POINT('Ctrl Pts',(35.1744158115589,29.047138636775,0.));
#7728=CARTESIAN_POINT('Ctrl Pts',(35.1705325488001,28.9658941328526,0.));
#7729=CARTESIAN_POINT('',(35.3101983759552,29.377728998661,0.2));
#7730=CARTESIAN_POINT('',(35.3101983759552,29.377728998661,0.));
#7731=CARTESIAN_POINT('Ctrl Pts',(35.3101983759552,29.377728998661,0.2));
#7732=CARTESIAN_POINT('Ctrl Pts',(35.2695222414469,29.320985665056,0.2));
#7733=CARTESIAN_POINT('Ctrl Pts',(35.1816455637347,29.1983974275105,0.2));
#7734=CARTESIAN_POINT('Ctrl Pts',(35.1744158115589,29.047138636775,0.2));
#7735=CARTESIAN_POINT('Ctrl Pts',(35.1705325488001,28.9658941328526,0.2));
#7736=CARTESIAN_POINT('Ctrl Pts',(35.6882678065449,29.5245571434498,0.));
#7737=CARTESIAN_POINT('Ctrl Pts',(35.6882678065449,29.5245571434498,0.2));
#7738=CARTESIAN_POINT('Ctrl Pts',(35.6141022014572,29.5196423747306,0.));
#7739=CARTESIAN_POINT('Ctrl Pts',(35.6141022014572,29.5196423747306,0.2));
#7740=CARTESIAN_POINT('Ctrl Pts',(35.4722748059626,29.5102438287864,0.));
#7741=CARTESIAN_POINT('Ctrl Pts',(35.4722748059626,29.5102438287864,0.2));
#7742=CARTESIAN_POINT('Ctrl Pts',(35.362546574216,29.4205292540688,0.));
#7743=CARTESIAN_POINT('Ctrl Pts',(35.362546574216,29.4205292540688,0.2));
#7744=CARTESIAN_POINT('Ctrl Pts',(35.3101983759552,29.377728998661,0.));
#7745=CARTESIAN_POINT('Ctrl Pts',(35.3101983759552,29.377728998661,0.2));
#7746=CARTESIAN_POINT('',(35.6882678065449,29.5245571434498,0.));
#7747=CARTESIAN_POINT('Ctrl Pts',(35.6882678065449,29.5245571434498,0.));
#7748=CARTESIAN_POINT('Ctrl Pts',(35.6141022014572,29.5196423747306,0.));
#7749=CARTESIAN_POINT('Ctrl Pts',(35.4722748059626,29.5102438287864,0.));
#7750=CARTESIAN_POINT('Ctrl Pts',(35.362546574216,29.4205292540688,0.));
#7751=CARTESIAN_POINT('Ctrl Pts',(35.3101983759552,29.377728998661,0.));
#7752=CARTESIAN_POINT('',(35.6882678065449,29.5245571434498,0.2));
#7753=CARTESIAN_POINT('',(35.6882678065449,29.5245571434498,0.));
#7754=CARTESIAN_POINT('Ctrl Pts',(35.6882678065449,29.5245571434498,0.2));
#7755=CARTESIAN_POINT('Ctrl Pts',(35.6141022014572,29.5196423747306,0.2));
#7756=CARTESIAN_POINT('Ctrl Pts',(35.4722748059626,29.5102438287864,0.2));
#7757=CARTESIAN_POINT('Ctrl Pts',(35.362546574216,29.4205292540688,0.2));
#7758=CARTESIAN_POINT('Ctrl Pts',(35.3101983759552,29.377728998661,0.2));
#7759=CARTESIAN_POINT('Ctrl Pts',(35.9993183705956,29.4324697554111,0.));
#7760=CARTESIAN_POINT('Ctrl Pts',(35.9993183705956,29.4324697554111,0.2));
#7761=CARTESIAN_POINT('Ctrl Pts',(35.9542729363514,29.459304244028,0.));
#7762=CARTESIAN_POINT('Ctrl Pts',(35.9542729363514,29.459304244028,0.2));
#7763=CARTESIAN_POINT('Ctrl Pts',(35.8586433978541,29.5162727205297,0.));
#7764=CARTESIAN_POINT('Ctrl Pts',(35.8586433978541,29.5162727205297,0.2));
#7765=CARTESIAN_POINT('Ctrl Pts',(35.7472109838768,29.5216910626602,0.));
#7766=CARTESIAN_POINT('Ctrl Pts',(35.7472109838768,29.5216910626602,0.2));
#7767=CARTESIAN_POINT('Ctrl Pts',(35.6882678065449,29.5245571434498,0.));
#7768=CARTESIAN_POINT('Ctrl Pts',(35.6882678065449,29.5245571434498,0.2));
#7769=CARTESIAN_POINT('',(35.9993183705956,29.4324697554111,0.));
#7770=CARTESIAN_POINT('Ctrl Pts',(35.9993183705956,29.4324697554111,0.));
#7771=CARTESIAN_POINT('Ctrl Pts',(35.9542729363514,29.459304244028,0.));
#7772=CARTESIAN_POINT('Ctrl Pts',(35.8586433978541,29.5162727205297,0.));
#7773=CARTESIAN_POINT('Ctrl Pts',(35.7472109838768,29.5216910626602,0.));
#7774=CARTESIAN_POINT('Ctrl Pts',(35.6882678065449,29.5245571434498,0.));
#7775=CARTESIAN_POINT('',(35.9993183705956,29.4324697554111,0.2));
#7776=CARTESIAN_POINT('',(35.9993183705956,29.4324697554111,0.));
#7777=CARTESIAN_POINT('Ctrl Pts',(35.9993183705956,29.4324697554111,0.2));
#7778=CARTESIAN_POINT('Ctrl Pts',(35.9542729363514,29.459304244028,0.2));
#7779=CARTESIAN_POINT('Ctrl Pts',(35.8586433978541,29.5162727205297,0.2));
#7780=CARTESIAN_POINT('Ctrl Pts',(35.7472109838768,29.5216910626602,0.2));
#7781=CARTESIAN_POINT('Ctrl Pts',(35.6882678065449,29.5245571434498,0.2));
#7782=CARTESIAN_POINT('Ctrl Pts',(36.166098723188,29.1736021637917,0.));
#7783=CARTESIAN_POINT('Ctrl Pts',(36.166098723188,29.1736021637917,0.2));
#7784=CARTESIAN_POINT('Ctrl Pts',(36.1486137885523,29.2255265039844,0.));
#7785=CARTESIAN_POINT('Ctrl Pts',(36.1486137885523,29.2255265039844,0.2));
#7786=CARTESIAN_POINT('Ctrl Pts',(36.1147772421093,29.3260095990064,0.));
#7787=CARTESIAN_POINT('Ctrl Pts',(36.1147772421093,29.3260095990064,0.2));
#7788=CARTESIAN_POINT('Ctrl Pts',(36.0369355837494,29.3977843791957,0.));
#7789=CARTESIAN_POINT('Ctrl Pts',(36.0369355837494,29.3977843791957,0.2));
#7790=CARTESIAN_POINT('Ctrl Pts',(35.9993183705956,29.4324697554111,0.));
#7791=CARTESIAN_POINT('Ctrl Pts',(35.9993183705956,29.4324697554111,0.2));
#7792=CARTESIAN_POINT('',(36.166098723188,29.1736021637917,0.));
#7793=CARTESIAN_POINT('Ctrl Pts',(36.166098723188,29.1736021637917,0.));
#7794=CARTESIAN_POINT('Ctrl Pts',(36.1486137885523,29.2255265039844,0.));
#7795=CARTESIAN_POINT('Ctrl Pts',(36.1147772421093,29.3260095990064,0.));
#7796=CARTESIAN_POINT('Ctrl Pts',(36.0369355837494,29.3977843791957,0.));
#7797=CARTESIAN_POINT('Ctrl Pts',(35.9993183705956,29.4324697554111,0.));
#7798=CARTESIAN_POINT('',(36.166098723188,29.1736021637917,0.2));
#7799=CARTESIAN_POINT('',(36.166098723188,29.1736021637917,0.));
#7800=CARTESIAN_POINT('Ctrl Pts',(36.166098723188,29.1736021637917,0.2));
#7801=CARTESIAN_POINT('Ctrl Pts',(36.1486137885523,29.2255265039844,0.2));
#7802=CARTESIAN_POINT('Ctrl Pts',(36.1147772421093,29.3260095990064,0.2));
#7803=CARTESIAN_POINT('Ctrl Pts',(36.0369355837494,29.3977843791957,0.2));
#7804=CARTESIAN_POINT('Ctrl Pts',(35.9993183705956,29.4324697554111,0.2));
#7805=CARTESIAN_POINT('Origin',(35.9757849667221,29.1500686109066,0.));
#7806=CARTESIAN_POINT('',(35.9757849667221,29.1500686109066,0.));
#7807=CARTESIAN_POINT('',(30.9115655267491,28.5238444312926,0.));
#7808=CARTESIAN_POINT('',(35.9757849667221,29.1500686109066,0.2));
#7809=CARTESIAN_POINT('',(35.9757849667221,29.1500686109066,0.));
#7810=CARTESIAN_POINT('',(35.9757849667221,29.1500686109066,0.2));
#7811=CARTESIAN_POINT('Ctrl Pts',(35.8622105512768,29.319918602705,0.));
#7812=CARTESIAN_POINT('Ctrl Pts',(35.8622105512768,29.319918602705,0.2));
#7813=CARTESIAN_POINT('Ctrl Pts',(35.8853415321432,29.2980854499289,0.));
#7814=CARTESIAN_POINT('Ctrl Pts',(35.8853415321432,29.2980854499289,0.2));
#7815=CARTESIAN_POINT('Ctrl Pts',(35.936000968044,29.2502684027417,0.));
#7816=CARTESIAN_POINT('Ctrl Pts',(35.936000968044,29.2502684027417,0.2));
#7817=CARTESIAN_POINT('Ctrl Pts',(35.9617777847199,29.1853470335753,0.));
#7818=CARTESIAN_POINT('Ctrl Pts',(35.9617777847199,29.1853470335753,0.2));
#7819=CARTESIAN_POINT('Ctrl Pts',(35.9757849667221,29.1500686109066,0.));
#7820=CARTESIAN_POINT('Ctrl Pts',(35.9757849667221,29.1500686109066,0.2));
#7821=CARTESIAN_POINT('Ctrl Pts',(35.8622105512768,29.319918602705,0.));
#7822=CARTESIAN_POINT('Ctrl Pts',(35.8853415321432,29.2980854499289,0.));
#7823=CARTESIAN_POINT('Ctrl Pts',(35.936000968044,29.2502684027417,0.));
#7824=CARTESIAN_POINT('Ctrl Pts',(35.9617777847199,29.1853470335753,0.));
#7825=CARTESIAN_POINT('Ctrl Pts',(35.9757849667221,29.1500686109066,0.));
#7826=CARTESIAN_POINT('Ctrl Pts',(35.8622105512768,29.319918602705,0.2));
#7827=CARTESIAN_POINT('Ctrl Pts',(35.8853415321432,29.2980854499289,0.2));
#7828=CARTESIAN_POINT('Ctrl Pts',(35.936000968044,29.2502684027417,0.2));
#7829=CARTESIAN_POINT('Ctrl Pts',(35.9617777847199,29.1853470335753,0.2));
#7830=CARTESIAN_POINT('Ctrl Pts',(35.9757849667221,29.1500686109066,0.2));
#7831=CARTESIAN_POINT('Origin',(40.4440660076216,28.762278854847,0.2));
#7832=CARTESIAN_POINT('Ctrl Pts',(38.5839021299034,28.5412692278624,0.));
#7833=CARTESIAN_POINT('Ctrl Pts',(38.5839021299034,28.5412692278624,0.2));
#7834=CARTESIAN_POINT('Ctrl Pts',(38.5398320621847,28.5455612173485,0.));
#7835=CARTESIAN_POINT('Ctrl Pts',(38.5398320621847,28.5455612173485,0.2));
#7836=CARTESIAN_POINT('Ctrl Pts',(38.4517632300336,28.5541382520848,0.));
#7837=CARTESIAN_POINT('Ctrl Pts',(38.4517632300336,28.5541382520848,0.2));
#7838=CARTESIAN_POINT('Ctrl Pts',(38.3870416575118,28.6144701075234,0.));
#7839=CARTESIAN_POINT('Ctrl Pts',(38.3870416575118,28.6144701075234,0.2));
#7840=CARTESIAN_POINT('Ctrl Pts',(38.3547070715576,28.6446116119623,0.));
#7841=CARTESIAN_POINT('Ctrl Pts',(38.3547070715576,28.6446116119623,0.2));
#7842=CARTESIAN_POINT('',(38.5839021299034,28.5412692278624,0.));
#7843=CARTESIAN_POINT('',(38.3547070715576,28.6446116119623,0.));
#7844=CARTESIAN_POINT('Ctrl Pts',(38.5839021299034,28.5412692278624,0.));
#7845=CARTESIAN_POINT('Ctrl Pts',(38.5398320621847,28.5455612173485,0.));
#7846=CARTESIAN_POINT('Ctrl Pts',(38.4517632300336,28.5541382520848,0.));
#7847=CARTESIAN_POINT('Ctrl Pts',(38.3870416575118,28.6144701075234,0.));
#7848=CARTESIAN_POINT('Ctrl Pts',(38.3547070715576,28.6446116119623,0.));
#7849=CARTESIAN_POINT('',(38.5839021299034,28.5412692278624,0.2));
#7850=CARTESIAN_POINT('',(38.5839021299034,28.5412692278624,0.));
#7851=CARTESIAN_POINT('',(38.3547070715576,28.6446116119623,0.2));
#7852=CARTESIAN_POINT('Ctrl Pts',(38.5839021299034,28.5412692278624,0.2));
#7853=CARTESIAN_POINT('Ctrl Pts',(38.5398320621847,28.5455612173485,0.2));
#7854=CARTESIAN_POINT('Ctrl Pts',(38.4517632300336,28.5541382520848,0.2));
#7855=CARTESIAN_POINT('Ctrl Pts',(38.3870416575118,28.6144701075234,0.2));
#7856=CARTESIAN_POINT('Ctrl Pts',(38.3547070715576,28.6446116119623,0.2));
#7857=CARTESIAN_POINT('',(38.3547070715576,28.6446116119623,0.));
#7858=CARTESIAN_POINT('Ctrl Pts',(38.8115626666695,28.6451232433319,0.));
#7859=CARTESIAN_POINT('Ctrl Pts',(38.8115626666695,28.6451232433319,0.2));
#7860=CARTESIAN_POINT('Ctrl Pts',(38.7792963988453,28.6148326933834,0.));
#7861=CARTESIAN_POINT('Ctrl Pts',(38.7792963988453,28.6148326933834,0.2));
#7862=CARTESIAN_POINT('Ctrl Pts',(38.7150823143883,28.5545505453755,0.));
#7863=CARTESIAN_POINT('Ctrl Pts',(38.7150823143883,28.5545505453755,0.2));
#7864=CARTESIAN_POINT('Ctrl Pts',(38.6274840519774,28.5456816728301,0.));
#7865=CARTESIAN_POINT('Ctrl Pts',(38.6274840519774,28.5456816728301,0.2));
#7866=CARTESIAN_POINT('Ctrl Pts',(38.5839021299034,28.5412692278624,0.));
#7867=CARTESIAN_POINT('Ctrl Pts',(38.5839021299034,28.5412692278624,0.2));
#7868=CARTESIAN_POINT('',(38.8115626666695,28.6451232433319,0.));
#7869=CARTESIAN_POINT('Ctrl Pts',(38.8115626666695,28.6451232433319,0.));
#7870=CARTESIAN_POINT('Ctrl Pts',(38.7792963988453,28.6148326933834,0.));
#7871=CARTESIAN_POINT('Ctrl Pts',(38.7150823143883,28.5545505453755,0.));
#7872=CARTESIAN_POINT('Ctrl Pts',(38.6274840519774,28.5456816728301,0.));
#7873=CARTESIAN_POINT('Ctrl Pts',(38.5839021299034,28.5412692278624,0.));
#7874=CARTESIAN_POINT('',(38.8115626666695,28.6451232433319,0.2));
#7875=CARTESIAN_POINT('',(38.8115626666695,28.6451232433319,0.));
#7876=CARTESIAN_POINT('Ctrl Pts',(38.8115626666695,28.6451232433319,0.2));
#7877=CARTESIAN_POINT('Ctrl Pts',(38.7792963988453,28.6148326933834,0.2));
#7878=CARTESIAN_POINT('Ctrl Pts',(38.7150823143883,28.5545505453755,0.2));
#7879=CARTESIAN_POINT('Ctrl Pts',(38.6274840519774,28.5456816728301,0.2));
#7880=CARTESIAN_POINT('Ctrl Pts',(38.5839021299034,28.5412692278624,0.2));
#7881=CARTESIAN_POINT('Ctrl Pts',(38.9031383488327,28.9505462348461,0.));
#7882=CARTESIAN_POINT('Ctrl Pts',(38.9031383488327,28.9505462348461,0.2));
#7883=CARTESIAN_POINT('Ctrl Pts',(38.901147393704,28.8896924600341,0.));
#7884=CARTESIAN_POINT('Ctrl Pts',(38.901147393704,28.8896924600341,0.2));
#7885=CARTESIAN_POINT('Ctrl Pts',(38.8975344600577,28.779262723393,0.));
#7886=CARTESIAN_POINT('Ctrl Pts',(38.8975344600577,28.779262723393,0.2));
#7887=CARTESIAN_POINT('Ctrl Pts',(38.8382000576383,28.6866848489926,0.));
#7888=CARTESIAN_POINT('Ctrl Pts',(38.8382000576383,28.6866848489926,0.2));
#7889=CARTESIAN_POINT('Ctrl Pts',(38.8115626666695,28.6451232433319,0.));
#7890=CARTESIAN_POINT('Ctrl Pts',(38.8115626666695,28.6451232433319,0.2));
#7891=CARTESIAN_POINT('',(38.9031383488327,28.9505462348461,0.));
#7892=CARTESIAN_POINT('Ctrl Pts',(38.9031383488327,28.9505462348461,0.));
#7893=CARTESIAN_POINT('Ctrl Pts',(38.901147393704,28.8896924600341,0.));
#7894=CARTESIAN_POINT('Ctrl Pts',(38.8975344600577,28.779262723393,0.));
#7895=CARTESIAN_POINT('Ctrl Pts',(38.8382000576383,28.6866848489926,0.));
#7896=CARTESIAN_POINT('Ctrl Pts',(38.8115626666695,28.6451232433319,0.));
#7897=CARTESIAN_POINT('',(38.9031383488327,28.9505462348461,0.2));
#7898=CARTESIAN_POINT('',(38.9031383488327,28.9505462348461,0.));
#7899=CARTESIAN_POINT('Ctrl Pts',(38.9031383488327,28.9505462348461,0.2));
#7900=CARTESIAN_POINT('Ctrl Pts',(38.901147393704,28.8896924600341,0.2));
#7901=CARTESIAN_POINT('Ctrl Pts',(38.8975344600577,28.779262723393,0.2));
#7902=CARTESIAN_POINT('Ctrl Pts',(38.8382000576383,28.6866848489926,0.2));
#7903=CARTESIAN_POINT('Ctrl Pts',(38.8115626666695,28.6451232433319,0.2));
#7904=CARTESIAN_POINT('Ctrl Pts',(38.8120740745217,29.2687590420246,0.));
#7905=CARTESIAN_POINT('Ctrl Pts',(38.8120740745217,29.2687590420246,0.2));
#7906=CARTESIAN_POINT('Ctrl Pts',(38.8385407908746,29.2259913306496,0.));
#7907=CARTESIAN_POINT('Ctrl Pts',(38.8385407908746,29.2259913306496,0.2));
#7908=CARTESIAN_POINT('Ctrl Pts',(38.8985147305014,29.129079114348,0.));
#7909=CARTESIAN_POINT('Ctrl Pts',(38.8985147305014,29.129079114348,0.2));
#7910=CARTESIAN_POINT('Ctrl Pts',(38.901481067227,29.0145392455189,0.));
#7911=CARTESIAN_POINT('Ctrl Pts',(38.901481067227,29.0145392455189,0.2));
#7912=CARTESIAN_POINT('Ctrl Pts',(38.9031383488327,28.9505462348461,0.));
#7913=CARTESIAN_POINT('Ctrl Pts',(38.9031383488327,28.9505462348461,0.2));
#7914=CARTESIAN_POINT('',(38.8120740745217,29.2687590420246,0.));
#7915=CARTESIAN_POINT('Ctrl Pts',(38.8120740745217,29.2687590420246,0.));
#7916=CARTESIAN_POINT('Ctrl Pts',(38.8385407908746,29.2259913306496,0.));
#7917=CARTESIAN_POINT('Ctrl Pts',(38.8985147305014,29.129079114348,0.));
#7918=CARTESIAN_POINT('Ctrl Pts',(38.901481067227,29.0145392455189,0.));
#7919=CARTESIAN_POINT('Ctrl Pts',(38.9031383488327,28.9505462348461,0.));
#7920=CARTESIAN_POINT('',(38.8120740745217,29.2687590420246,0.2));
#7921=CARTESIAN_POINT('',(38.8120740745217,29.2687590420246,0.));
#7922=CARTESIAN_POINT('Ctrl Pts',(38.8120740745217,29.2687590420246,0.2));
#7923=CARTESIAN_POINT('Ctrl Pts',(38.8385407908746,29.2259913306496,0.2));
#7924=CARTESIAN_POINT('Ctrl Pts',(38.8985147305014,29.129079114348,0.2));
#7925=CARTESIAN_POINT('Ctrl Pts',(38.901481067227,29.0145392455189,0.2));
#7926=CARTESIAN_POINT('Ctrl Pts',(38.9031383488327,28.9505462348461,0.2));
#7927=CARTESIAN_POINT('Ctrl Pts',(38.5839021299034,29.3731246888638,0.));
#7928=CARTESIAN_POINT('Ctrl Pts',(38.5839021299034,29.3731246888638,0.2));
#7929=CARTESIAN_POINT('Ctrl Pts',(38.6277303227087,29.3687255885603,0.));
#7930=CARTESIAN_POINT('Ctrl Pts',(38.6277303227087,29.3687255885603,0.2));
#7931=CARTESIAN_POINT('Ctrl Pts',(38.7156430312463,29.3599016604435,0.));
#7932=CARTESIAN_POINT('Ctrl Pts',(38.7156430312463,29.3599016604435,0.2));
#7933=CARTESIAN_POINT('Ctrl Pts',(38.7798679742202,29.2991989108763,0.));
#7934=CARTESIAN_POINT('Ctrl Pts',(38.7798679742202,29.2991989108763,0.2));
#7935=CARTESIAN_POINT('Ctrl Pts',(38.8120740745217,29.2687590420246,0.));
#7936=CARTESIAN_POINT('Ctrl Pts',(38.8120740745217,29.2687590420246,0.2));
#7937=CARTESIAN_POINT('',(38.5839021299034,29.3731246888638,0.));
#7938=CARTESIAN_POINT('Ctrl Pts',(38.5839021299034,29.3731246888638,0.));
#7939=CARTESIAN_POINT('Ctrl Pts',(38.6277303227087,29.3687255885603,0.));
#7940=CARTESIAN_POINT('Ctrl Pts',(38.7156430312463,29.3599016604435,0.));
#7941=CARTESIAN_POINT('Ctrl Pts',(38.7798679742202,29.2991989108763,0.));
#7942=CARTESIAN_POINT('Ctrl Pts',(38.8120740745217,29.2687590420246,0.));
#7943=CARTESIAN_POINT('',(38.5839021299034,29.3731246888638,0.2));
#7944=CARTESIAN_POINT('',(38.5839021299034,29.3731246888638,0.));
#7945=CARTESIAN_POINT('Ctrl Pts',(38.5839021299034,29.3731246888638,0.2));
#7946=CARTESIAN_POINT('Ctrl Pts',(38.6277303227087,29.3687255885603,0.2));
#7947=CARTESIAN_POINT('Ctrl Pts',(38.7156430312463,29.3599016604435,0.2));
#7948=CARTESIAN_POINT('Ctrl Pts',(38.7798679742202,29.2991989108763,0.2));
#7949=CARTESIAN_POINT('Ctrl Pts',(38.8120740745217,29.2687590420246,0.2));
#7950=CARTESIAN_POINT('Ctrl Pts',(38.3547070715576,29.2692705988884,0.));
#7951=CARTESIAN_POINT('Ctrl Pts',(38.3547070715576,29.2692705988884,0.2));
#7952=CARTESIAN_POINT('Ctrl Pts',(38.3870232068987,29.2995613937559,0.));
#7953=CARTESIAN_POINT('Ctrl Pts',(38.3870232068987,29.2995613937559,0.2));
#7954=CARTESIAN_POINT('Ctrl Pts',(38.4516563476901,29.360143799068,0.));
#7955=CARTESIAN_POINT('Ctrl Pts',(38.4516563476901,29.360143799068,0.2));
#7956=CARTESIAN_POINT('Ctrl Pts',(38.5398198068721,29.3687976867648,0.));
#7957=CARTESIAN_POINT('Ctrl Pts',(38.5398198068721,29.3687976867648,0.2));
#7958=CARTESIAN_POINT('Ctrl Pts',(38.5839021299034,29.3731246888638,0.));
#7959=CARTESIAN_POINT('Ctrl Pts',(38.5839021299034,29.3731246888638,0.2));
#7960=CARTESIAN_POINT('',(38.3547070715576,29.2692705988884,0.));
#7961=CARTESIAN_POINT('Ctrl Pts',(38.3547070715576,29.2692705988884,0.));
#7962=CARTESIAN_POINT('Ctrl Pts',(38.3870232068987,29.2995613937559,0.));
#7963=CARTESIAN_POINT('Ctrl Pts',(38.4516563476901,29.360143799068,0.));
#7964=CARTESIAN_POINT('Ctrl Pts',(38.5398198068721,29.3687976867648,0.));
#7965=CARTESIAN_POINT('Ctrl Pts',(38.5839021299034,29.3731246888638,0.));
#7966=CARTESIAN_POINT('',(38.3547070715576,29.2692705988884,0.2));
#7967=CARTESIAN_POINT('',(38.3547070715576,29.2692705988884,0.));
#7968=CARTESIAN_POINT('Ctrl Pts',(38.3547070715576,29.2692705988884,0.2));
#7969=CARTESIAN_POINT('Ctrl Pts',(38.3870232068987,29.2995613937559,0.2));
#7970=CARTESIAN_POINT('Ctrl Pts',(38.4516563476901,29.360143799068,0.2));
#7971=CARTESIAN_POINT('Ctrl Pts',(38.5398198068721,29.3687976867648,0.2));
#7972=CARTESIAN_POINT('Ctrl Pts',(38.5839021299034,29.3731246888638,0.2));
#7973=CARTESIAN_POINT('Ctrl Pts',(38.2636430952698,28.9566853642464,0.));
#7974=CARTESIAN_POINT('Ctrl Pts',(38.2636430952698,28.9566853642464,0.2));
#7975=CARTESIAN_POINT('Ctrl Pts',(38.2654186629404,29.0193450667634,0.));
#7976=CARTESIAN_POINT('Ctrl Pts',(38.2654186629404,29.0193450667634,0.2));
#7977=CARTESIAN_POINT('Ctrl Pts',(38.2686124932785,29.1320551944484,0.));
#7978=CARTESIAN_POINT('Ctrl Pts',(38.2686124932785,29.1320551944484,0.2));
#7979=CARTESIAN_POINT('Ctrl Pts',(38.3282321661091,29.2270755509395,0.));
#7980=CARTESIAN_POINT('Ctrl Pts',(38.3282321661091,29.2270755509395,0.2));
#7981=CARTESIAN_POINT('Ctrl Pts',(38.3547070715576,29.2692705988884,0.));
#7982=CARTESIAN_POINT('Ctrl Pts',(38.3547070715576,29.2692705988884,0.2));
#7983=CARTESIAN_POINT('',(38.2636430952698,28.9566853642464,0.));
#7984=CARTESIAN_POINT('Ctrl Pts',(38.2636430952698,28.9566853642464,0.));
#7985=CARTESIAN_POINT('Ctrl Pts',(38.2654186629404,29.0193450667634,0.));
#7986=CARTESIAN_POINT('Ctrl Pts',(38.2686124932785,29.1320551944484,0.));
#7987=CARTESIAN_POINT('Ctrl Pts',(38.3282321661091,29.2270755509395,0.));
#7988=CARTESIAN_POINT('Ctrl Pts',(38.3547070715576,29.2692705988884,0.));
#7989=CARTESIAN_POINT('',(38.2636430952698,28.9566853642464,0.2));
#7990=CARTESIAN_POINT('',(38.2636430952698,28.9566853642464,0.));
#7991=CARTESIAN_POINT('Ctrl Pts',(38.2636430952698,28.9566853642464,0.2));
#7992=CARTESIAN_POINT('Ctrl Pts',(38.2654186629404,29.0193450667634,0.2));
#7993=CARTESIAN_POINT('Ctrl Pts',(38.2686124932785,29.1320551944484,0.2));
#7994=CARTESIAN_POINT('Ctrl Pts',(38.3282321661091,29.2270755509395,0.2));
#7995=CARTESIAN_POINT('Ctrl Pts',(38.3547070715576,29.2692705988884,0.2));
#7996=CARTESIAN_POINT('Ctrl Pts',(38.3547070715576,28.6446116119623,0.));
#7997=CARTESIAN_POINT('Ctrl Pts',(38.3547070715576,28.6446116119623,0.2));
#7998=CARTESIAN_POINT('Ctrl Pts',(38.3282333335558,28.6866764454405,0.));
#7999=CARTESIAN_POINT('Ctrl Pts',(38.3282333335558,28.6866764454405,0.2));
#8000=CARTESIAN_POINT('Ctrl Pts',(38.2685623695059,28.7814892431672,0.));
#8001=CARTESIAN_POINT('Ctrl Pts',(38.2685623695059,28.7814892431672,0.2));
#8002=CARTESIAN_POINT('Ctrl Pts',(38.2654015688508,28.894058697052,0.));
#8003=CARTESIAN_POINT('Ctrl Pts',(38.2654015688508,28.894058697052,0.2));
#8004=CARTESIAN_POINT('Ctrl Pts',(38.2636430952698,28.9566853642464,0.));
#8005=CARTESIAN_POINT('Ctrl Pts',(38.2636430952698,28.9566853642464,0.2));
#8006=CARTESIAN_POINT('Ctrl Pts',(38.3547070715576,28.6446116119623,0.));
#8007=CARTESIAN_POINT('Ctrl Pts',(38.3282333335558,28.6866764454405,0.));
#8008=CARTESIAN_POINT('Ctrl Pts',(38.2685623695059,28.7814892431672,0.));
#8009=CARTESIAN_POINT('Ctrl Pts',(38.2654015688508,28.894058697052,0.));
#8010=CARTESIAN_POINT('Ctrl Pts',(38.2636430952698,28.9566853642464,0.));
#8011=CARTESIAN_POINT('Ctrl Pts',(38.3547070715576,28.6446116119623,0.2));
#8012=CARTESIAN_POINT('Ctrl Pts',(38.3282333335558,28.6866764454405,0.2));
#8013=CARTESIAN_POINT('Ctrl Pts',(38.2685623695059,28.7814892431672,0.2));
#8014=CARTESIAN_POINT('Ctrl Pts',(38.2654015688508,28.894058697052,0.2));
#8015=CARTESIAN_POINT('Ctrl Pts',(38.2636430952698,28.9566853642464,0.2));
#8016=CARTESIAN_POINT('Ctrl Pts',(38.5839021299034,29.5245571434498,0.));
#8017=CARTESIAN_POINT('Ctrl Pts',(38.5839021299034,29.5245571434498,0.2));
#8018=CARTESIAN_POINT('Ctrl Pts',(38.5123248503366,29.5193065683653,0.));
#8019=CARTESIAN_POINT('Ctrl Pts',(38.5123248503366,29.5193065683653,0.2));
#8020=CARTESIAN_POINT('Ctrl Pts',(38.3737433568699,29.5091408769451,0.));
#8021=CARTESIAN_POINT('Ctrl Pts',(38.3737433568699,29.5091408769451,0.2));
#8022=CARTESIAN_POINT('Ctrl Pts',(38.2667653715401,29.4209034100995,0.));
#8023=CARTESIAN_POINT('Ctrl Pts',(38.2667653715401,29.4209034100995,0.2));
#8024=CARTESIAN_POINT('Ctrl Pts',(38.2150414679199,29.3782405555248,0.));
#8025=CARTESIAN_POINT('Ctrl Pts',(38.2150414679199,29.3782405555248,0.2));
#8026=CARTESIAN_POINT('',(38.5839021299034,29.5245571434498,0.));
#8027=CARTESIAN_POINT('',(38.2150414679199,29.3782405555248,0.));
#8028=CARTESIAN_POINT('Ctrl Pts',(38.5839021299034,29.5245571434498,0.));
#8029=CARTESIAN_POINT('Ctrl Pts',(38.5123248503366,29.5193065683653,0.));
#8030=CARTESIAN_POINT('Ctrl Pts',(38.3737433568699,29.5091408769451,0.));
#8031=CARTESIAN_POINT('Ctrl Pts',(38.2667653715401,29.4209034100995,0.));
#8032=CARTESIAN_POINT('Ctrl Pts',(38.2150414679199,29.3782405555248,0.));
#8033=CARTESIAN_POINT('',(38.5839021299034,29.5245571434498,0.2));
#8034=CARTESIAN_POINT('',(38.5839021299034,29.5245571434498,0.));
#8035=CARTESIAN_POINT('',(38.2150414679199,29.3782405555248,0.2));
#8036=CARTESIAN_POINT('Ctrl Pts',(38.5839021299034,29.5245571434498,0.2));
#8037=CARTESIAN_POINT('Ctrl Pts',(38.5123248503366,29.5193065683653,0.2));
#8038=CARTESIAN_POINT('Ctrl Pts',(38.3737433568699,29.5091408769451,0.2));
#8039=CARTESIAN_POINT('Ctrl Pts',(38.2667653715401,29.4209034100995,0.2));
#8040=CARTESIAN_POINT('Ctrl Pts',(38.2150414679199,29.3782405555248,0.2));
#8041=CARTESIAN_POINT('',(38.2150414679199,29.3782405555248,0.));
#8042=CARTESIAN_POINT('Ctrl Pts',(38.8463509175926,29.4580495357513,0.));
#8043=CARTESIAN_POINT('Ctrl Pts',(38.8463509175926,29.4580495357513,0.2));
#8044=CARTESIAN_POINT('Ctrl Pts',(38.805148270968,29.4774471557005,0.));
#8045=CARTESIAN_POINT('Ctrl Pts',(38.805148270968,29.4774471557005,0.2));
#8046=CARTESIAN_POINT('Ctrl Pts',(38.7219895903987,29.5165970796327,0.));
#8047=CARTESIAN_POINT('Ctrl Pts',(38.7219895903987,29.5165970796327,0.2));
#8048=CARTESIAN_POINT('Ctrl Pts',(38.6302084512852,29.521887811477,0.));
#8049=CARTESIAN_POINT('Ctrl Pts',(38.6302084512852,29.521887811477,0.2));
#8050=CARTESIAN_POINT('Ctrl Pts',(38.5839021299034,29.5245571434498,0.));
#8051=CARTESIAN_POINT('Ctrl Pts',(38.5839021299034,29.5245571434498,0.2));
#8052=CARTESIAN_POINT('',(38.8463509175926,29.4580495357513,0.));
#8053=CARTESIAN_POINT('Ctrl Pts',(38.8463509175926,29.4580495357513,0.));
#8054=CARTESIAN_POINT('Ctrl Pts',(38.805148270968,29.4774471557005,0.));
#8055=CARTESIAN_POINT('Ctrl Pts',(38.7219895903987,29.5165970796327,0.));
#8056=CARTESIAN_POINT('Ctrl Pts',(38.6302084512852,29.521887811477,0.));
#8057=CARTESIAN_POINT('Ctrl Pts',(38.5839021299034,29.5245571434498,0.));
#8058=CARTESIAN_POINT('',(38.8463509175926,29.4580495357513,0.2));
#8059=CARTESIAN_POINT('',(38.8463509175926,29.4580495357513,0.));
#8060=CARTESIAN_POINT('Ctrl Pts',(38.8463509175926,29.4580495357513,0.2));
#8061=CARTESIAN_POINT('Ctrl Pts',(38.805148270968,29.4774471557005,0.2));
#8062=CARTESIAN_POINT('Ctrl Pts',(38.7219895903987,29.5165970796327,0.2));
#8063=CARTESIAN_POINT('Ctrl Pts',(38.6302084512852,29.521887811477,0.2));
#8064=CARTESIAN_POINT('Ctrl Pts',(38.5839021299034,29.5245571434498,0.2));
#8065=CARTESIAN_POINT('Ctrl Pts',(39.0295022819191,29.2713169753551,0.));
#8066=CARTESIAN_POINT('Ctrl Pts',(39.0295022819191,29.2713169753551,0.2));
#8067=CARTESIAN_POINT('Ctrl Pts',(39.0060735615903,29.309190244012,0.));
#8068=CARTESIAN_POINT('Ctrl Pts',(39.0060735615903,29.309190244012,0.2));
#8069=CARTESIAN_POINT('Ctrl Pts',(38.9590602815172,29.3851887006779,0.));
#8070=CARTESIAN_POINT('Ctrl Pts',(38.9590602815172,29.3851887006779,0.2));
#8071=CARTESIAN_POINT('Ctrl Pts',(38.8840036380455,29.4337089791245,0.));
#8072=CARTESIAN_POINT('Ctrl Pts',(38.8840036380455,29.4337089791245,0.2));
#8073=CARTESIAN_POINT('Ctrl Pts',(38.8463509175926,29.4580495357513,0.));
#8074=CARTESIAN_POINT('Ctrl Pts',(38.8463509175926,29.4580495357513,0.2));
#8075=CARTESIAN_POINT('',(39.0295022819191,29.2713169753551,0.));
#8076=CARTESIAN_POINT('Ctrl Pts',(39.0295022819191,29.2713169753551,0.));
#8077=CARTESIAN_POINT('Ctrl Pts',(39.0060735615903,29.309190244012,0.));
#8078=CARTESIAN_POINT('Ctrl Pts',(38.9590602815172,29.3851887006779,0.));
#8079=CARTESIAN_POINT('Ctrl Pts',(38.8840036380455,29.4337089791245,0.));
#8080=CARTESIAN_POINT('Ctrl Pts',(38.8463509175926,29.4580495357513,0.));
#8081=CARTESIAN_POINT('',(39.0295022819191,29.2713169753551,0.2));
#8082=CARTESIAN_POINT('',(39.0295022819191,29.2713169753551,0.));
#8083=CARTESIAN_POINT('Ctrl Pts',(39.0295022819191,29.2713169753551,0.2));
#8084=CARTESIAN_POINT('Ctrl Pts',(39.0060735615903,29.309190244012,0.2));
#8085=CARTESIAN_POINT('Ctrl Pts',(38.9590602815172,29.3851887006779,0.2));
#8086=CARTESIAN_POINT('Ctrl Pts',(38.8840036380455,29.4337089791245,0.2));
#8087=CARTESIAN_POINT('Ctrl Pts',(38.8463509175926,29.4580495357513,0.2));
#8088=CARTESIAN_POINT('Ctrl Pts',(39.0924286935478,28.9413374662399,0.));
#8089=CARTESIAN_POINT('Ctrl Pts',(39.0924286935478,28.9413374662399,0.2));
#8090=CARTESIAN_POINT('Ctrl Pts',(39.0912008214212,29.0046159376649,0.));
#8091=CARTESIAN_POINT('Ctrl Pts',(39.0912008214212,29.0046159376649,0.2));
#8092=CARTESIAN_POINT('Ctrl Pts',(39.0889920302875,29.1184461351368,0.));
#8093=CARTESIAN_POINT('Ctrl Pts',(39.0889920302875,29.1184461351368,0.2));
#8094=CARTESIAN_POINT('Ctrl Pts',(39.0477969301246,29.224305207456,0.));
#8095=CARTESIAN_POINT('Ctrl Pts',(39.0477969301246,29.224305207456,0.2));
#8096=CARTESIAN_POINT('Ctrl Pts',(39.0295022819191,29.2713169753551,0.));
#8097=CARTESIAN_POINT('Ctrl Pts',(39.0295022819191,29.2713169753551,0.2));
#8098=CARTESIAN_POINT('',(39.0924286935478,28.9413374662399,0.));
#8099=CARTESIAN_POINT('Ctrl Pts',(39.0924286935478,28.9413374662399,0.));
#8100=CARTESIAN_POINT('Ctrl Pts',(39.0912008214212,29.0046159376649,0.));
#8101=CARTESIAN_POINT('Ctrl Pts',(39.0889920302875,29.1184461351368,0.));
#8102=CARTESIAN_POINT('Ctrl Pts',(39.0477969301246,29.224305207456,0.));
#8103=CARTESIAN_POINT('Ctrl Pts',(39.0295022819191,29.2713169753551,0.));
#8104=CARTESIAN_POINT('',(39.0924286935478,28.9413374662399,0.2));
#8105=CARTESIAN_POINT('',(39.0924286935478,28.9413374662399,0.));
#8106=CARTESIAN_POINT('Ctrl Pts',(39.0924286935478,28.9413374662399,0.2));
#8107=CARTESIAN_POINT('Ctrl Pts',(39.0912008214212,29.0046159376649,0.2));
#8108=CARTESIAN_POINT('Ctrl Pts',(39.0889920302875,29.1184461351368,0.2));
#8109=CARTESIAN_POINT('Ctrl Pts',(39.0477969301246,29.224305207456,0.2));
#8110=CARTESIAN_POINT('Ctrl Pts',(39.0295022819191,29.2713169753551,0.2));
#8111=CARTESIAN_POINT('Ctrl Pts',(38.9502054546028,28.5356416553259,0.));
#8112=CARTESIAN_POINT('Ctrl Pts',(38.9502054546028,28.5356416553259,0.2));
#8113=CARTESIAN_POINT('Ctrl Pts',(38.9916392528101,28.5917732387474,0.));
#8114=CARTESIAN_POINT('Ctrl Pts',(38.9916392528101,28.5917732387474,0.2));
#8115=CARTESIAN_POINT('Ctrl Pts',(39.0803276315424,28.7119219903642,0.));
#8116=CARTESIAN_POINT('Ctrl Pts',(39.0803276315424,28.7119219903642,0.2));
#8117=CARTESIAN_POINT('Ctrl Pts',(39.0882222924801,28.8615912834461,0.));
#8118=CARTESIAN_POINT('Ctrl Pts',(39.0882222924801,28.8615912834461,0.2));
#8119=CARTESIAN_POINT('Ctrl Pts',(39.0924286935478,28.9413374662399,0.));
#8120=CARTESIAN_POINT('Ctrl Pts',(39.0924286935478,28.9413374662399,0.2));
#8121=CARTESIAN_POINT('',(38.9502054546028,28.5356416553259,0.));
#8122=CARTESIAN_POINT('Ctrl Pts',(38.9502054546028,28.5356416553259,0.));
#8123=CARTESIAN_POINT('Ctrl Pts',(38.9916392528101,28.5917732387474,0.));
#8124=CARTESIAN_POINT('Ctrl Pts',(39.0803276315424,28.7119219903642,0.));
#8125=CARTESIAN_POINT('Ctrl Pts',(39.0882222924801,28.8615912834461,0.));
#8126=CARTESIAN_POINT('Ctrl Pts',(39.0924286935478,28.9413374662399,0.));
#8127=CARTESIAN_POINT('',(38.9502054546028,28.5356416553259,0.2));
#8128=CARTESIAN_POINT('',(38.9502054546028,28.5356416553259,0.));
#8129=CARTESIAN_POINT('Ctrl Pts',(38.9502054546028,28.5356416553259,0.2));
#8130=CARTESIAN_POINT('Ctrl Pts',(38.9916392528101,28.5917732387474,0.2));
#8131=CARTESIAN_POINT('Ctrl Pts',(39.0803276315424,28.7119219903642,0.2));
#8132=CARTESIAN_POINT('Ctrl Pts',(39.0882222924801,28.8615912834461,0.2));
#8133=CARTESIAN_POINT('Ctrl Pts',(39.0924286935478,28.9413374662399,0.2));
#8134=CARTESIAN_POINT('Ctrl Pts',(38.5839021299034,28.3888135105371,0.));
#8135=CARTESIAN_POINT('Ctrl Pts',(38.5839021299034,28.3888135105371,0.2));
#8136=CARTESIAN_POINT('Ctrl Pts',(38.6545334677798,28.3942724238266,0.));
#8137=CARTESIAN_POINT('Ctrl Pts',(38.6545334677798,28.3942724238266,0.2));
#8138=CARTESIAN_POINT('Ctrl Pts',(38.7922307176446,28.404914687867,0.));
#8139=CARTESIAN_POINT('Ctrl Pts',(38.7922307176446,28.404914687867,0.2));
#8140=CARTESIAN_POINT('Ctrl Pts',(38.8984641173948,28.4928247579174,0.));
#8141=CARTESIAN_POINT('Ctrl Pts',(38.8984641173948,28.4928247579174,0.2));
#8142=CARTESIAN_POINT('Ctrl Pts',(38.9502054546028,28.5356416553259,0.));
#8143=CARTESIAN_POINT('Ctrl Pts',(38.9502054546028,28.5356416553259,0.2));
#8144=CARTESIAN_POINT('',(38.5839021299034,28.3888135105371,0.));
#8145=CARTESIAN_POINT('Ctrl Pts',(38.5839021299034,28.3888135105371,0.));
#8146=CARTESIAN_POINT('Ctrl Pts',(38.6545334677798,28.3942724238266,0.));
#8147=CARTESIAN_POINT('Ctrl Pts',(38.7922307176446,28.404914687867,0.));
#8148=CARTESIAN_POINT('Ctrl Pts',(38.8984641173948,28.4928247579174,0.));
#8149=CARTESIAN_POINT('Ctrl Pts',(38.9502054546028,28.5356416553259,0.));
#8150=CARTESIAN_POINT('',(38.5839021299034,28.3888135105371,0.2));
#8151=CARTESIAN_POINT('',(38.5839021299034,28.3888135105371,0.));
#8152=CARTESIAN_POINT('Ctrl Pts',(38.5839021299034,28.3888135105371,0.2));
#8153=CARTESIAN_POINT('Ctrl Pts',(38.6545334677798,28.3942724238266,0.2));
#8154=CARTESIAN_POINT('Ctrl Pts',(38.7922307176446,28.404914687867,0.2));
#8155=CARTESIAN_POINT('Ctrl Pts',(38.8984641173948,28.4928247579174,0.2));
#8156=CARTESIAN_POINT('Ctrl Pts',(38.9502054546028,28.5356416553259,0.2));
#8157=CARTESIAN_POINT('Ctrl Pts',(38.2421559188515,28.5095502436161,0.));
#8158=CARTESIAN_POINT('Ctrl Pts',(38.2421559188515,28.5095502436161,0.2));
#8159=CARTESIAN_POINT('Ctrl Pts',(38.2921975438442,28.4743408108339,0.));
#8160=CARTESIAN_POINT('Ctrl Pts',(38.2921975438442,28.4743408108339,0.2));
#8161=CARTESIAN_POINT('Ctrl Pts',(38.3946957878205,28.4022227484787,0.));
#8162=CARTESIAN_POINT('Ctrl Pts',(38.3946957878205,28.4022227484787,0.2));
#8163=CARTESIAN_POINT('Ctrl Pts',(38.5198504131238,28.3933529181564,0.));
#8164=CARTESIAN_POINT('Ctrl Pts',(38.5198504131238,28.3933529181564,0.2));
#8165=CARTESIAN_POINT('Ctrl Pts',(38.5839021299034,28.3888135105371,0.));
#8166=CARTESIAN_POINT('Ctrl Pts',(38.5839021299034,28.3888135105371,0.2));
#8167=CARTESIAN_POINT('',(38.2421559188515,28.5095502436161,0.));
#8168=CARTESIAN_POINT('Ctrl Pts',(38.2421559188515,28.5095502436161,0.));
#8169=CARTESIAN_POINT('Ctrl Pts',(38.2921975438442,28.4743408108339,0.));
#8170=CARTESIAN_POINT('Ctrl Pts',(38.3946957878205,28.4022227484787,0.));
#8171=CARTESIAN_POINT('Ctrl Pts',(38.5198504131238,28.3933529181564,0.));
#8172=CARTESIAN_POINT('Ctrl Pts',(38.5839021299034,28.3888135105371,0.));
#8173=CARTESIAN_POINT('',(38.2421559188515,28.5095502436161,0.2));
#8174=CARTESIAN_POINT('',(38.2421559188515,28.5095502436161,0.));
#8175=CARTESIAN_POINT('Ctrl Pts',(38.2421559188515,28.5095502436161,0.2));
#8176=CARTESIAN_POINT('Ctrl Pts',(38.2921975438442,28.4743408108339,0.2));
#8177=CARTESIAN_POINT('Ctrl Pts',(38.3946957878205,28.4022227484787,0.2));
#8178=CARTESIAN_POINT('Ctrl Pts',(38.5198504131238,28.3933529181564,0.2));
#8179=CARTESIAN_POINT('Ctrl Pts',(38.5839021299034,28.3888135105371,0.2));
#8180=CARTESIAN_POINT('Ctrl Pts',(38.0743524525315,28.9566853642464,0.));
#8181=CARTESIAN_POINT('Ctrl Pts',(38.0743524525315,28.9566853642464,0.2));
#8182=CARTESIAN_POINT('Ctrl Pts',(38.0785496901482,28.8652244551482,0.));
#8183=CARTESIAN_POINT('Ctrl Pts',(38.0785496901482,28.8652244551482,0.2));
#8184=CARTESIAN_POINT('Ctrl Pts',(38.0862696267649,28.6970013318422,0.));
#8185=CARTESIAN_POINT('Ctrl Pts',(38.0862696267649,28.6970013318422,0.2));
#8186=CARTESIAN_POINT('Ctrl Pts',(38.1933114571109,28.5682850264154,0.));
#8187=CARTESIAN_POINT('Ctrl Pts',(38.1933114571109,28.5682850264154,0.2));
#8188=CARTESIAN_POINT('Ctrl Pts',(38.2421559188515,28.5095502436161,0.));
#8189=CARTESIAN_POINT('Ctrl Pts',(38.2421559188515,28.5095502436161,0.2));
#8190=CARTESIAN_POINT('',(38.0743524525315,28.9566853642464,0.));
#8191=CARTESIAN_POINT('Ctrl Pts',(38.0743524525315,28.9566853642464,0.));
#8192=CARTESIAN_POINT('Ctrl Pts',(38.0785496901482,28.8652244551482,0.));
#8193=CARTESIAN_POINT('Ctrl Pts',(38.0862696267649,28.6970013318422,0.));
#8194=CARTESIAN_POINT('Ctrl Pts',(38.1933114571109,28.5682850264154,0.));
#8195=CARTESIAN_POINT('Ctrl Pts',(38.2421559188515,28.5095502436161,0.));
#8196=CARTESIAN_POINT('',(38.0743524525315,28.9566853642464,0.2));
#8197=CARTESIAN_POINT('',(38.0743524525315,28.9566853642464,0.));
#8198=CARTESIAN_POINT('Ctrl Pts',(38.0743524525315,28.9566853642464,0.2));
#8199=CARTESIAN_POINT('Ctrl Pts',(38.0785496901482,28.8652244551482,0.2));
#8200=CARTESIAN_POINT('Ctrl Pts',(38.0862696267649,28.6970013318422,0.2));
#8201=CARTESIAN_POINT('Ctrl Pts',(38.1933114571109,28.5682850264154,0.2));
#8202=CARTESIAN_POINT('Ctrl Pts',(38.2421559188515,28.5095502436161,0.2));
#8203=CARTESIAN_POINT('Ctrl Pts',(38.2150414679199,29.3782405555248,0.));
#8204=CARTESIAN_POINT('Ctrl Pts',(38.2150414679199,29.3782405555248,0.2));
#8205=CARTESIAN_POINT('Ctrl Pts',(38.1740837950999,29.3207632214333,0.));
#8206=CARTESIAN_POINT('Ctrl Pts',(38.1740837950999,29.3207632214333,0.2));
#8207=CARTESIAN_POINT('Ctrl Pts',(38.0846353811838,29.1952371351931,0.));
#8208=CARTESIAN_POINT('Ctrl Pts',(38.0846353811838,29.1952371351931,0.2));
#8209=CARTESIAN_POINT('Ctrl Pts',(38.0779672842371,29.0405451802787,0.));
#8210=CARTESIAN_POINT('Ctrl Pts',(38.0779672842371,29.0405451802787,0.2));
#8211=CARTESIAN_POINT('Ctrl Pts',(38.0743524525315,28.9566853642464,0.));
#8212=CARTESIAN_POINT('Ctrl Pts',(38.0743524525315,28.9566853642464,0.2));
#8213=CARTESIAN_POINT('Ctrl Pts',(38.2150414679199,29.3782405555248,0.));
#8214=CARTESIAN_POINT('Ctrl Pts',(38.1740837950999,29.3207632214333,0.));
#8215=CARTESIAN_POINT('Ctrl Pts',(38.0846353811838,29.1952371351931,0.));
#8216=CARTESIAN_POINT('Ctrl Pts',(38.0779672842371,29.0405451802787,0.));
#8217=CARTESIAN_POINT('Ctrl Pts',(38.0743524525315,28.9566853642464,0.));
#8218=CARTESIAN_POINT('Ctrl Pts',(38.2150414679199,29.3782405555248,0.2));
#8219=CARTESIAN_POINT('Ctrl Pts',(38.1740837950999,29.3207632214333,0.2));
#8220=CARTESIAN_POINT('Ctrl Pts',(38.0846353811838,29.1952371351931,0.2));
#8221=CARTESIAN_POINT('Ctrl Pts',(38.0779672842371,29.0405451802787,0.2));
#8222=CARTESIAN_POINT('Ctrl Pts',(38.0743524525315,28.9566853642464,0.2));
#8223=CARTESIAN_POINT('Origin',(40.4440660076216,28.762278854847,0.2));
#8224=CARTESIAN_POINT('Origin',(46.4819246623665,28.9311055839062,0.));
#8225=CARTESIAN_POINT('',(46.4819246623665,28.9311055839062,0.));
#8226=CARTESIAN_POINT('',(46.4819246623665,29.5000004768372,0.));
#8227=CARTESIAN_POINT('',(46.4819246623665,15.3230527919531,0.));
#8228=CARTESIAN_POINT('',(46.4819246623665,28.9311055839062,0.2));
#8229=CARTESIAN_POINT('',(46.4819246623665,28.9311055839062,0.));
#8230=CARTESIAN_POINT('',(46.4819246623665,29.5000004768372,0.2));
#8231=CARTESIAN_POINT('',(46.4819246623665,28.9311055839062,0.2));
#8232=CARTESIAN_POINT('',(46.4819246623665,29.5000004768372,0.));
#8233=CARTESIAN_POINT('Ctrl Pts',(46.5126198623329,28.7162350863218,0.));
#8234=CARTESIAN_POINT('Ctrl Pts',(46.5126198623329,28.7162350863218,0.2));
#8235=CARTESIAN_POINT('Ctrl Pts',(46.5036694591544,28.7503265454172,0.));
#8236=CARTESIAN_POINT('Ctrl Pts',(46.5036694591544,28.7503265454172,0.2));
#8237=CARTESIAN_POINT('Ctrl Pts',(46.4851804076083,28.82075004835,0.));
#8238=CARTESIAN_POINT('Ctrl Pts',(46.4851804076083,28.82075004835,0.2));
#8239=CARTESIAN_POINT('Ctrl Pts',(46.4830326879673,28.8935483582928,0.));
#8240=CARTESIAN_POINT('Ctrl Pts',(46.4830326879673,28.8935483582928,0.2));
#8241=CARTESIAN_POINT('Ctrl Pts',(46.4819246623665,28.9311055839062,0.));
#8242=CARTESIAN_POINT('Ctrl Pts',(46.4819246623665,28.9311055839062,0.2));
#8243=CARTESIAN_POINT('',(46.5126198623329,28.7162350863218,0.));
#8244=CARTESIAN_POINT('Ctrl Pts',(46.5126198623329,28.7162350863218,0.));
#8245=CARTESIAN_POINT('Ctrl Pts',(46.5036694591544,28.7503265454172,0.));
#8246=CARTESIAN_POINT('Ctrl Pts',(46.4851804076083,28.82075004835,0.));
#8247=CARTESIAN_POINT('Ctrl Pts',(46.4830326879673,28.8935483582928,0.));
#8248=CARTESIAN_POINT('Ctrl Pts',(46.4819246623665,28.9311055839062,0.));
#8249=CARTESIAN_POINT('',(46.5126198623329,28.7162350863218,0.2));
#8250=CARTESIAN_POINT('',(46.5126198623329,28.7162350863218,0.));
#8251=CARTESIAN_POINT('Ctrl Pts',(46.5126198623329,28.7162350863218,0.2));
#8252=CARTESIAN_POINT('Ctrl Pts',(46.5036694591544,28.7503265454172,0.2));
#8253=CARTESIAN_POINT('Ctrl Pts',(46.4851804076083,28.82075004835,0.2));
#8254=CARTESIAN_POINT('Ctrl Pts',(46.4830326879673,28.8935483582928,0.2));
#8255=CARTESIAN_POINT('Ctrl Pts',(46.4819246623665,28.9311055839062,0.2));
#8256=CARTESIAN_POINT('Ctrl Pts',(46.5811747405678,28.6154506355524,0.));
#8257=CARTESIAN_POINT('Ctrl Pts',(46.5811747405678,28.6154506355524,0.2));
#8258=CARTESIAN_POINT('Ctrl Pts',(46.5661984483143,28.6290452219074,0.));
#8259=CARTESIAN_POINT('Ctrl Pts',(46.5661984483143,28.6290452219074,0.2));
#8260=CARTESIAN_POINT('Ctrl Pts',(46.5352902701711,28.6571018256202,0.));
#8261=CARTESIAN_POINT('Ctrl Pts',(46.5352902701711,28.6571018256202,0.2));
#8262=CARTESIAN_POINT('Ctrl Pts',(46.5203308328068,28.6961218695439,0.));
#8263=CARTESIAN_POINT('Ctrl Pts',(46.5203308328068,28.6961218695439,0.2));
#8264=CARTESIAN_POINT('Ctrl Pts',(46.5126198623329,28.7162350863218,0.));
#8265=CARTESIAN_POINT('Ctrl Pts',(46.5126198623329,28.7162350863218,0.2));
#8266=CARTESIAN_POINT('',(46.5811747405678,28.6154506355524,0.));
#8267=CARTESIAN_POINT('Ctrl Pts',(46.5811747405678,28.6154506355524,0.));
#8268=CARTESIAN_POINT('Ctrl Pts',(46.5661984483143,28.6290452219074,0.));
#8269=CARTESIAN_POINT('Ctrl Pts',(46.5352902701711,28.6571018256202,0.));
#8270=CARTESIAN_POINT('Ctrl Pts',(46.5203308328068,28.6961218695439,0.));
#8271=CARTESIAN_POINT('Ctrl Pts',(46.5126198623329,28.7162350863218,0.));
#8272=CARTESIAN_POINT('',(46.5811747405678,28.6154506355524,0.2));
#8273=CARTESIAN_POINT('',(46.5811747405678,28.6154506355524,0.));
#8274=CARTESIAN_POINT('Ctrl Pts',(46.5811747405678,28.6154506355524,0.2));
#8275=CARTESIAN_POINT('Ctrl Pts',(46.5661984483143,28.6290452219074,0.2));
#8276=CARTESIAN_POINT('Ctrl Pts',(46.5352902701711,28.6571018256202,0.2));
#8277=CARTESIAN_POINT('Ctrl Pts',(46.5203308328068,28.6961218695439,0.2));
#8278=CARTESIAN_POINT('Ctrl Pts',(46.5126198623329,28.7162350863218,0.2));
#8279=CARTESIAN_POINT('Ctrl Pts',(46.689632544294,28.5791273415089,0.));
#8280=CARTESIAN_POINT('Ctrl Pts',(46.689632544294,28.5791273415089,0.2));
#8281=CARTESIAN_POINT('Ctrl Pts',(46.6700248793926,28.5806379871761,0.));
#8282=CARTESIAN_POINT('Ctrl Pts',(46.6700248793926,28.5806379871761,0.2));
#8283=CARTESIAN_POINT('Ctrl Pts',(46.6308278874928,28.5836578656919,0.));
#8284=CARTESIAN_POINT('Ctrl Pts',(46.6308278874928,28.5836578656919,0.2));
#8285=CARTESIAN_POINT('Ctrl Pts',(46.5977206265808,28.6048563514289,0.));
#8286=CARTESIAN_POINT('Ctrl Pts',(46.5977206265808,28.6048563514289,0.2));
#8287=CARTESIAN_POINT('Ctrl Pts',(46.5811747405678,28.6154506355524,0.));
#8288=CARTESIAN_POINT('Ctrl Pts',(46.5811747405678,28.6154506355524,0.2));
#8289=CARTESIAN_POINT('',(46.689632544294,28.5791273415089,0.));
#8290=CARTESIAN_POINT('Ctrl Pts',(46.689632544294,28.5791273415089,0.));
#8291=CARTESIAN_POINT('Ctrl Pts',(46.6700248793926,28.5806379871761,0.));
#8292=CARTESIAN_POINT('Ctrl Pts',(46.6308278874928,28.5836578656919,0.));
#8293=CARTESIAN_POINT('Ctrl Pts',(46.5977206265808,28.6048563514289,0.));
#8294=CARTESIAN_POINT('Ctrl Pts',(46.5811747405678,28.6154506355524,0.));
#8295=CARTESIAN_POINT('',(46.689632544294,28.5791273415089,0.2));
#8296=CARTESIAN_POINT('',(46.689632544294,28.5791273415089,0.));
#8297=CARTESIAN_POINT('Ctrl Pts',(46.689632544294,28.5791273415089,0.2));
#8298=CARTESIAN_POINT('Ctrl Pts',(46.6700248793926,28.5806379871761,0.2));
#8299=CARTESIAN_POINT('Ctrl Pts',(46.6308278874928,28.5836578656919,0.2));
#8300=CARTESIAN_POINT('Ctrl Pts',(46.5977206265808,28.6048563514289,0.2));
#8301=CARTESIAN_POINT('Ctrl Pts',(46.5811747405678,28.6154506355524,0.2));
#8302=CARTESIAN_POINT('Ctrl Pts',(46.8246942851692,28.6190318316221,0.));
#8303=CARTESIAN_POINT('Ctrl Pts',(46.8246942851692,28.6190318316221,0.2));
#8304=CARTESIAN_POINT('Ctrl Pts',(46.8026640045436,28.6073983901505,0.));
#8305=CARTESIAN_POINT('Ctrl Pts',(46.8026640045436,28.6073983901505,0.2));
#8306=CARTESIAN_POINT('Ctrl Pts',(46.7602741812827,28.5850137670819,0.));
#8307=CARTESIAN_POINT('Ctrl Pts',(46.7602741812827,28.5850137670819,0.2));
#8308=CARTESIAN_POINT('Ctrl Pts',(46.7125527985397,28.58103724021,0.));
#8309=CARTESIAN_POINT('Ctrl Pts',(46.7125527985397,28.58103724021,0.2));
#8310=CARTESIAN_POINT('Ctrl Pts',(46.689632544294,28.5791273415089,0.));
#8311=CARTESIAN_POINT('Ctrl Pts',(46.689632544294,28.5791273415089,0.2));
#8312=CARTESIAN_POINT('',(46.8246942851692,28.6190318316221,0.));
#8313=CARTESIAN_POINT('Ctrl Pts',(46.8246942851692,28.6190318316221,0.));
#8314=CARTESIAN_POINT('Ctrl Pts',(46.8026640045436,28.6073983901505,0.));
#8315=CARTESIAN_POINT('Ctrl Pts',(46.7602741812827,28.5850137670819,0.));
#8316=CARTESIAN_POINT('Ctrl Pts',(46.7125527985397,28.58103724021,0.));
#8317=CARTESIAN_POINT('Ctrl Pts',(46.689632544294,28.5791273415089,0.));
#8318=CARTESIAN_POINT('',(46.8246942851692,28.6190318316221,0.2));
#8319=CARTESIAN_POINT('',(46.8246942851692,28.6190318316221,0.));
#8320=CARTESIAN_POINT('Ctrl Pts',(46.8246942851692,28.6190318316221,0.2));
#8321=CARTESIAN_POINT('Ctrl Pts',(46.8026640045436,28.6073983901505,0.2));
#8322=CARTESIAN_POINT('Ctrl Pts',(46.7602741812827,28.5850137670819,0.2));
#8323=CARTESIAN_POINT('Ctrl Pts',(46.7125527985397,28.58103724021,0.2));
#8324=CARTESIAN_POINT('Ctrl Pts',(46.689632544294,28.5791273415089,0.2));
#8325=CARTESIAN_POINT('Origin',(46.8881315086037,28.4481587260962,0.));
#8326=CARTESIAN_POINT('',(46.8881315086037,28.4481587260962,0.));
#8327=CARTESIAN_POINT('',(50.1711319593801,19.6051411396314,0.));
#8328=CARTESIAN_POINT('',(46.8881315086037,28.4481587260962,0.2));
#8329=CARTESIAN_POINT('',(46.8881315086037,28.4481587260962,0.));
#8330=CARTESIAN_POINT('',(46.8881315086037,28.4481587260962,0.2));
#8331=CARTESIAN_POINT('Ctrl Pts',(46.6988414619118,28.388813585043,0.));
#8332=CARTESIAN_POINT('Ctrl Pts',(46.6988414619118,28.388813585043,0.2));
#8333=CARTESIAN_POINT('Ctrl Pts',(46.730746365926,28.3917550449749,0.));
#8334=CARTESIAN_POINT('Ctrl Pts',(46.730746365926,28.3917550449749,0.2));
#8335=CARTESIAN_POINT('Ctrl Pts',(46.7979940293878,28.3979549165527,0.));
#8336=CARTESIAN_POINT('Ctrl Pts',(46.7979940293878,28.3979549165527,0.2));
#8337=CARTESIAN_POINT('Ctrl Pts',(46.857078831806,28.4308633381474,0.));
#8338=CARTESIAN_POINT('Ctrl Pts',(46.857078831806,28.4308633381474,0.2));
#8339=CARTESIAN_POINT('Ctrl Pts',(46.8881315086037,28.4481587260962,0.));
#8340=CARTESIAN_POINT('Ctrl Pts',(46.8881315086037,28.4481587260962,0.2));
#8341=CARTESIAN_POINT('',(46.6988414619118,28.388813585043,0.));
#8342=CARTESIAN_POINT('Ctrl Pts',(46.6988414619118,28.388813585043,0.));
#8343=CARTESIAN_POINT('Ctrl Pts',(46.730746365926,28.3917550449749,0.));
#8344=CARTESIAN_POINT('Ctrl Pts',(46.7979940293878,28.3979549165527,0.));
#8345=CARTESIAN_POINT('Ctrl Pts',(46.857078831806,28.4308633381474,0.));
#8346=CARTESIAN_POINT('Ctrl Pts',(46.8881315086037,28.4481587260962,0.));
#8347=CARTESIAN_POINT('',(46.6988414619118,28.388813585043,0.2));
#8348=CARTESIAN_POINT('',(46.6988414619118,28.388813585043,0.));
#8349=CARTESIAN_POINT('Ctrl Pts',(46.6988414619118,28.388813585043,0.2));
#8350=CARTESIAN_POINT('Ctrl Pts',(46.730746365926,28.3917550449749,0.2));
#8351=CARTESIAN_POINT('Ctrl Pts',(46.7979940293878,28.3979549165527,0.2));
#8352=CARTESIAN_POINT('Ctrl Pts',(46.857078831806,28.4308633381474,0.2));
#8353=CARTESIAN_POINT('Ctrl Pts',(46.8881315086037,28.4481587260962,0.2));
#8354=CARTESIAN_POINT('Ctrl Pts',(46.5806621406227,28.4256485104561,0.));
#8355=CARTESIAN_POINT('Ctrl Pts',(46.5806621406227,28.4256485104561,0.2));
#8356=CARTESIAN_POINT('Ctrl Pts',(46.5989857933742,28.4149050329649,0.));
#8357=CARTESIAN_POINT('Ctrl Pts',(46.5989857933742,28.4149050329649,0.2));
#8358=CARTESIAN_POINT('Ctrl Pts',(46.6355315638076,28.3934776097662,0.));
#8359=CARTESIAN_POINT('Ctrl Pts',(46.6355315638076,28.3934776097662,0.2));
#8360=CARTESIAN_POINT('Ctrl Pts',(46.6777772862902,28.3903653777139,0.));
#8361=CARTESIAN_POINT('Ctrl Pts',(46.6777772862902,28.3903653777139,0.2));
#8362=CARTESIAN_POINT('Ctrl Pts',(46.6988414619118,28.388813585043,0.));
#8363=CARTESIAN_POINT('Ctrl Pts',(46.6988414619118,28.388813585043,0.2));
#8364=CARTESIAN_POINT('',(46.5806621406227,28.4256485104561,0.));
#8365=CARTESIAN_POINT('Ctrl Pts',(46.5806621406227,28.4256485104561,0.));
#8366=CARTESIAN_POINT('Ctrl Pts',(46.5989857933742,28.4149050329649,0.));
#8367=CARTESIAN_POINT('Ctrl Pts',(46.6355315638076,28.3934776097662,0.));
#8368=CARTESIAN_POINT('Ctrl Pts',(46.6777772862902,28.3903653777139,0.));
#8369=CARTESIAN_POINT('Ctrl Pts',(46.6988414619118,28.388813585043,0.));
#8370=CARTESIAN_POINT('',(46.5806621406227,28.4256485104561,0.2));
#8371=CARTESIAN_POINT('',(46.5806621406227,28.4256485104561,0.));
#8372=CARTESIAN_POINT('Ctrl Pts',(46.5806621406227,28.4256485104561,0.2));
#8373=CARTESIAN_POINT('Ctrl Pts',(46.5989857933742,28.4149050329649,0.2));
#8374=CARTESIAN_POINT('Ctrl Pts',(46.6355315638076,28.3934776097662,0.2));
#8375=CARTESIAN_POINT('Ctrl Pts',(46.6777772862902,28.3903653777139,0.2));
#8376=CARTESIAN_POINT('Ctrl Pts',(46.6988414619118,28.388813585043,0.2));
#8377=CARTESIAN_POINT('Ctrl Pts',(46.4635068271309,28.5781041532755,0.));
#8378=CARTESIAN_POINT('Ctrl Pts',(46.4635068271309,28.5781041532755,0.2));
#8379=CARTESIAN_POINT('Ctrl Pts',(46.4819708968925,28.5446335067069,0.));
#8380=CARTESIAN_POINT('Ctrl Pts',(46.4819708968925,28.5446335067069,0.2));
#8381=CARTESIAN_POINT('Ctrl Pts',(46.5133760186615,28.4877040353204,0.));
#8382=CARTESIAN_POINT('Ctrl Pts',(46.5133760186615,28.4877040353204,0.2));
#8383=CARTESIAN_POINT('Ctrl Pts',(46.5610267779854,28.4437574859601,0.));
#8384=CARTESIAN_POINT('Ctrl Pts',(46.5610267779854,28.4437574859601,0.2));
#8385=CARTESIAN_POINT('Ctrl Pts',(46.5806621406227,28.4256485104561,0.));
#8386=CARTESIAN_POINT('Ctrl Pts',(46.5806621406227,28.4256485104561,0.2));
#8387=CARTESIAN_POINT('',(46.4635068271309,28.5781041532755,0.));
#8388=CARTESIAN_POINT('Ctrl Pts',(46.4635068271309,28.5781041532755,0.));
#8389=CARTESIAN_POINT('Ctrl Pts',(46.4819708968925,28.5446335067069,0.));
#8390=CARTESIAN_POINT('Ctrl Pts',(46.5133760186615,28.4877040353204,0.));
#8391=CARTESIAN_POINT('Ctrl Pts',(46.5610267779854,28.4437574859601,0.));
#8392=CARTESIAN_POINT('Ctrl Pts',(46.5806621406227,28.4256485104561,0.));
#8393=CARTESIAN_POINT('',(46.4635068271309,28.5781041532755,0.2));
#8394=CARTESIAN_POINT('',(46.4635068271309,28.5781041532755,0.));
#8395=CARTESIAN_POINT('Ctrl Pts',(46.4635068271309,28.5781041532755,0.2));
#8396=CARTESIAN_POINT('Ctrl Pts',(46.4819708968925,28.5446335067069,0.2));
#8397=CARTESIAN_POINT('Ctrl Pts',(46.5133760186615,28.4877040353204,0.2));
#8398=CARTESIAN_POINT('Ctrl Pts',(46.5610267779854,28.4437574859601,0.2));
#8399=CARTESIAN_POINT('Ctrl Pts',(46.5806621406227,28.4256485104561,0.2));
#8400=CARTESIAN_POINT('Origin',(46.4635068271309,28.4133701771498,0.));
#8401=CARTESIAN_POINT('',(46.4635068271309,28.4133701771498,0.));
#8402=CARTESIAN_POINT('',(46.4635068271309,15.0641850885749,0.));
#8403=CARTESIAN_POINT('',(46.4635068271309,28.4133701771498,0.2));
#8404=CARTESIAN_POINT('',(46.4635068271309,28.4133701771498,0.));
#8405=CARTESIAN_POINT('',(46.4635068271309,28.4133701771498,0.2));
#8406=CARTESIAN_POINT('Origin',(46.2977498862892,28.4133701771498,0.));
#8407=CARTESIAN_POINT('',(46.2977498862892,28.4133701771498,0.));
#8408=CARTESIAN_POINT('',(37.6913749431446,28.4133701771498,0.));
#8409=CARTESIAN_POINT('',(46.2977498862892,28.4133701771498,0.2));
#8410=CARTESIAN_POINT('',(46.2977498862892,28.4133701771498,0.));
#8411=CARTESIAN_POINT('',(46.2977498862892,28.4133701771498,0.2));
#8412=CARTESIAN_POINT('Origin',(46.2977498862892,29.5000004768372,0.));
#8413=CARTESIAN_POINT('',(46.2977498862892,29.5000004768372,0.));
#8414=CARTESIAN_POINT('',(46.2977498862892,15.6075002384186,0.));
#8415=CARTESIAN_POINT('',(46.2977498862892,29.5000004768372,0.2));
#8416=CARTESIAN_POINT('',(46.2977498862892,29.5000004768372,0.));
#8417=CARTESIAN_POINT('',(46.2977498862892,29.5000004768372,0.2));
#8418=CARTESIAN_POINT('Origin',(46.4819246623665,29.5000004768372,0.));
#8419=CARTESIAN_POINT('',(37.7834623311833,29.5000004768372,0.));
#8420=CARTESIAN_POINT('',(46.4819246623665,29.5000004768372,0.2));
#8421=CARTESIAN_POINT('Origin',(40.4440660076216,28.762278854847,0.2));
#8422=CARTESIAN_POINT('Ctrl Pts',(42.66950965859,28.5402459651232,0.));
#8423=CARTESIAN_POINT('Ctrl Pts',(42.66950965859,28.5402459651232,0.2));
#8424=CARTESIAN_POINT('Ctrl Pts',(42.6290919475664,28.5435992807567,0.));
#8425=CARTESIAN_POINT('Ctrl Pts',(42.6290919475664,28.5435992807567,0.2));
#8426=CARTESIAN_POINT('Ctrl Pts',(42.5492809757884,28.5502209169804,0.));
#8427=CARTESIAN_POINT('Ctrl Pts',(42.5492809757884,28.5502209169804,0.2));
#8428=CARTESIAN_POINT('Ctrl Pts',(42.4869428729111,28.6004023218073,0.));
#8429=CARTESIAN_POINT('Ctrl Pts',(42.4869428729111,28.6004023218073,0.2));
#8430=CARTESIAN_POINT('Ctrl Pts',(42.4561739061028,28.6251709610224,0.));
#8431=CARTESIAN_POINT('Ctrl Pts',(42.4561739061028,28.6251709610224,0.2));
#8432=CARTESIAN_POINT('',(42.66950965859,28.5402459651232,0.));
#8433=CARTESIAN_POINT('',(42.4561739061028,28.6251709610224,0.));
#8434=CARTESIAN_POINT('Ctrl Pts',(42.66950965859,28.5402459651232,0.));
#8435=CARTESIAN_POINT('Ctrl Pts',(42.6290919475664,28.5435992807567,0.));
#8436=CARTESIAN_POINT('Ctrl Pts',(42.5492809757884,28.5502209169804,0.));
#8437=CARTESIAN_POINT('Ctrl Pts',(42.4869428729111,28.6004023218073,0.));
#8438=CARTESIAN_POINT('Ctrl Pts',(42.4561739061028,28.6251709610224,0.));
#8439=CARTESIAN_POINT('',(42.66950965859,28.5402459651232,0.2));
#8440=CARTESIAN_POINT('',(42.66950965859,28.5402459651232,0.));
#8441=CARTESIAN_POINT('',(42.4561739061028,28.6251709610224,0.2));
#8442=CARTESIAN_POINT('Ctrl Pts',(42.66950965859,28.5402459651232,0.2));
#8443=CARTESIAN_POINT('Ctrl Pts',(42.6290919475664,28.5435992807567,0.2));
#8444=CARTESIAN_POINT('Ctrl Pts',(42.5492809757884,28.5502209169804,0.2));
#8445=CARTESIAN_POINT('Ctrl Pts',(42.4869428729111,28.6004023218073,0.2));
#8446=CARTESIAN_POINT('Ctrl Pts',(42.4561739061028,28.6251709610224,0.2));
#8447=CARTESIAN_POINT('',(42.4561739061028,28.6251709610224,0.));
#8448=CARTESIAN_POINT('Ctrl Pts',(42.8976816032082,28.6466579884291,0.));
#8449=CARTESIAN_POINT('Ctrl Pts',(42.8976816032082,28.6466579884291,0.2));
#8450=CARTESIAN_POINT('Ctrl Pts',(42.8660748590415,28.6156213347416,0.));
#8451=CARTESIAN_POINT('Ctrl Pts',(42.8660748590415,28.6156213347416,0.2));
#8452=CARTESIAN_POINT('Ctrl Pts',(42.8025845266016,28.5532761766938,0.));
#8453=CARTESIAN_POINT('Ctrl Pts',(42.8025845266016,28.5532761766938,0.2));
#8454=CARTESIAN_POINT('Ctrl Pts',(42.7139967077694,28.5446019766799,0.));
#8455=CARTESIAN_POINT('Ctrl Pts',(42.7139967077694,28.5446019766799,0.2));
#8456=CARTESIAN_POINT('Ctrl Pts',(42.66950965859,28.5402459651232,0.));
#8457=CARTESIAN_POINT('Ctrl Pts',(42.66950965859,28.5402459651232,0.2));
#8458=CARTESIAN_POINT('',(42.8976816032082,28.6466579884291,0.));
#8459=CARTESIAN_POINT('Ctrl Pts',(42.8976816032082,28.6466579884291,0.));
#8460=CARTESIAN_POINT('Ctrl Pts',(42.8660748590415,28.6156213347416,0.));
#8461=CARTESIAN_POINT('Ctrl Pts',(42.8025845266016,28.5532761766938,0.));
#8462=CARTESIAN_POINT('Ctrl Pts',(42.7139967077694,28.5446019766799,0.));
#8463=CARTESIAN_POINT('Ctrl Pts',(42.66950965859,28.5402459651232,0.));
#8464=CARTESIAN_POINT('',(42.8976816032082,28.6466579884291,0.2));
#8465=CARTESIAN_POINT('',(42.8976816032082,28.6466579884291,0.));
#8466=CARTESIAN_POINT('Ctrl Pts',(42.8976816032082,28.6466579884291,0.2));
#8467=CARTESIAN_POINT('Ctrl Pts',(42.8660748590415,28.6156213347416,0.2));
#8468=CARTESIAN_POINT('Ctrl Pts',(42.8025845266016,28.5532761766938,0.2));
#8469=CARTESIAN_POINT('Ctrl Pts',(42.7139967077694,28.5446019766799,0.2));
#8470=CARTESIAN_POINT('Ctrl Pts',(42.66950965859,28.5402459651232,0.2));
#8471=CARTESIAN_POINT('Ctrl Pts',(42.9672581050545,28.8523196429014,0.));
#8472=CARTESIAN_POINT('Ctrl Pts',(42.9672581050545,28.8523196429014,0.2));
#8473=CARTESIAN_POINT('Ctrl Pts',(42.9626002528561,28.811190567899,0.));
#8474=CARTESIAN_POINT('Ctrl Pts',(42.9626002528561,28.811190567899,0.2));
#8475=CARTESIAN_POINT('Ctrl Pts',(42.9542361476745,28.7373350880152,0.));
#8476=CARTESIAN_POINT('Ctrl Pts',(42.9542361476745,28.7373350880152,0.2));
#8477=CARTESIAN_POINT('Ctrl Pts',(42.9150469080549,28.674500763785,0.));
#8478=CARTESIAN_POINT('Ctrl Pts',(42.9150469080549,28.674500763785,0.2));
#8479=CARTESIAN_POINT('Ctrl Pts',(42.8976816032082,28.6466579884291,0.));
#8480=CARTESIAN_POINT('Ctrl Pts',(42.8976816032082,28.6466579884291,0.2));
#8481=CARTESIAN_POINT('',(42.9672581050545,28.8523196429014,0.));
#8482=CARTESIAN_POINT('Ctrl Pts',(42.9672581050545,28.8523196429014,0.));
#8483=CARTESIAN_POINT('Ctrl Pts',(42.9626002528561,28.811190567899,0.));
#8484=CARTESIAN_POINT('Ctrl Pts',(42.9542361476745,28.7373350880152,0.));
#8485=CARTESIAN_POINT('Ctrl Pts',(42.9150469080549,28.674500763785,0.));
#8486=CARTESIAN_POINT('Ctrl Pts',(42.8976816032082,28.6466579884291,0.));
#8487=CARTESIAN_POINT('',(42.9672581050545,28.8523196429014,0.2));
#8488=CARTESIAN_POINT('',(42.9672581050545,28.8523196429014,0.));
#8489=CARTESIAN_POINT('Ctrl Pts',(42.9672581050545,28.8523196429014,0.2));
#8490=CARTESIAN_POINT('Ctrl Pts',(42.9626002528561,28.811190567899,0.2));
#8491=CARTESIAN_POINT('Ctrl Pts',(42.9542361476745,28.7373350880152,0.2));
#8492=CARTESIAN_POINT('Ctrl Pts',(42.9150469080549,28.674500763785,0.2));
#8493=CARTESIAN_POINT('Ctrl Pts',(42.8976816032082,28.6466579884291,0.2));
#8494=CARTESIAN_POINT('Origin',(42.360505471006,28.8523196429014,0.));
#8495=CARTESIAN_POINT('',(42.360505471006,28.8523196429014,0.));
#8496=CARTESIAN_POINT('',(35.722752735503,28.8523196429014,0.));
#8497=CARTESIAN_POINT('',(42.360505471006,28.8523196429014,0.2));
#8498=CARTESIAN_POINT('',(42.360505471006,28.8523196429014,0.));
#8499=CARTESIAN_POINT('',(42.360505471006,28.8523196429014,0.2));
#8500=CARTESIAN_POINT('Ctrl Pts',(42.4561739061028,28.6251709610224,0.));
#8501=CARTESIAN_POINT('Ctrl Pts',(42.4561739061028,28.6251709610224,0.2));
#8502=CARTESIAN_POINT('Ctrl Pts',(42.4305223560806,28.65684448702,0.));
#8503=CARTESIAN_POINT('Ctrl Pts',(42.4305223560806,28.65684448702,0.2));
#8504=CARTESIAN_POINT('Ctrl Pts',(42.3768194286697,28.723154751547,0.));
#8505=CARTESIAN_POINT('Ctrl Pts',(42.3768194286697,28.723154751547,0.2));
#8506=CARTESIAN_POINT('Ctrl Pts',(42.3661030842968,28.8080008376515,0.));
#8507=CARTESIAN_POINT('Ctrl Pts',(42.3661030842968,28.8080008376515,0.2));
#8508=CARTESIAN_POINT('Ctrl Pts',(42.360505471006,28.8523196429014,0.));
#8509=CARTESIAN_POINT('Ctrl Pts',(42.360505471006,28.8523196429014,0.2));
#8510=CARTESIAN_POINT('Ctrl Pts',(42.4561739061028,28.6251709610224,0.));
#8511=CARTESIAN_POINT('Ctrl Pts',(42.4305223560806,28.65684448702,0.));
#8512=CARTESIAN_POINT('Ctrl Pts',(42.3768194286697,28.723154751547,0.));
#8513=CARTESIAN_POINT('Ctrl Pts',(42.3661030842968,28.8080008376515,0.));
#8514=CARTESIAN_POINT('Ctrl Pts',(42.360505471006,28.8523196429014,0.));
#8515=CARTESIAN_POINT('Ctrl Pts',(42.4561739061028,28.6251709610224,0.2));
#8516=CARTESIAN_POINT('Ctrl Pts',(42.4305223560806,28.65684448702,0.2));
#8517=CARTESIAN_POINT('Ctrl Pts',(42.3768194286697,28.723154751547,0.2));
#8518=CARTESIAN_POINT('Ctrl Pts',(42.3661030842968,28.8080008376515,0.2));
#8519=CARTESIAN_POINT('Ctrl Pts',(42.360505471006,28.8523196429014,0.2));
#8520=CARTESIAN_POINT('Ctrl Pts',(42.6787179801613,29.3731246888638,0.));
#8521=CARTESIAN_POINT('Ctrl Pts',(42.6787179801613,29.3731246888638,0.2));
#8522=CARTESIAN_POINT('Ctrl Pts',(42.7108067144649,29.3712271395373,0.));
#8523=CARTESIAN_POINT('Ctrl Pts',(42.7108067144649,29.3712271395373,0.2));
#8524=CARTESIAN_POINT('Ctrl Pts',(42.772861507589,29.36755756411,0.));
#8525=CARTESIAN_POINT('Ctrl Pts',(42.772861507589,29.36755756411,0.2));
#8526=CARTESIAN_POINT('Ctrl Pts',(42.8259846281347,29.3354319552707,0.));
#8527=CARTESIAN_POINT('Ctrl Pts',(42.8259846281347,29.3354319552707,0.2));
#8528=CARTESIAN_POINT('Ctrl Pts',(42.8516376111656,29.319918602705,0.));
#8529=CARTESIAN_POINT('Ctrl Pts',(42.8516376111656,29.319918602705,0.2));
#8530=CARTESIAN_POINT('',(42.6787179801613,29.3731246888638,0.));
#8531=CARTESIAN_POINT('',(42.8516376111656,29.319918602705,0.));
#8532=CARTESIAN_POINT('Ctrl Pts',(42.6787179801613,29.3731246888638,0.));
#8533=CARTESIAN_POINT('Ctrl Pts',(42.7108067144649,29.3712271395373,0.));
#8534=CARTESIAN_POINT('Ctrl Pts',(42.772861507589,29.36755756411,0.));
#8535=CARTESIAN_POINT('Ctrl Pts',(42.8259846281347,29.3354319552707,0.));
#8536=CARTESIAN_POINT('Ctrl Pts',(42.8516376111656,29.319918602705,0.));
#8537=CARTESIAN_POINT('',(42.6787179801613,29.3731246888638,0.2));
#8538=CARTESIAN_POINT('',(42.6787179801613,29.3731246888638,0.));
#8539=CARTESIAN_POINT('',(42.8516376111656,29.319918602705,0.2));
#8540=CARTESIAN_POINT('Ctrl Pts',(42.6787179801613,29.3731246888638,0.2));
#8541=CARTESIAN_POINT('Ctrl Pts',(42.7108067144649,29.3712271395373,0.2));
#8542=CARTESIAN_POINT('Ctrl Pts',(42.772861507589,29.36755756411,0.2));
#8543=CARTESIAN_POINT('Ctrl Pts',(42.8259846281347,29.3354319552707,0.2));
#8544=CARTESIAN_POINT('Ctrl Pts',(42.8516376111656,29.319918602705,0.2));
#8545=CARTESIAN_POINT('',(42.8516376111656,29.319918602705,0.));
#8546=CARTESIAN_POINT('Ctrl Pts',(42.4515694472939,29.2779676616192,0.));
#8547=CARTESIAN_POINT('Ctrl Pts',(42.4515694472939,29.2779676616192,0.2));
#8548=CARTESIAN_POINT('Ctrl Pts',(42.4840059286963,29.3057211983527,0.));
#8549=CARTESIAN_POINT('Ctrl Pts',(42.4840059286963,29.3057211983527,0.2));
#8550=CARTESIAN_POINT('Ctrl Pts',(42.5494836515769,29.3617457210083,0.));
#8551=CARTESIAN_POINT('Ctrl Pts',(42.5494836515769,29.3617457210083,0.2));
#8552=CARTESIAN_POINT('Ctrl Pts',(42.6353754350399,29.3693084162595,0.));
#8553=CARTESIAN_POINT('Ctrl Pts',(42.6353754350399,29.3693084162595,0.2));
#8554=CARTESIAN_POINT('Ctrl Pts',(42.6787179801613,29.3731246888638,0.));
#8555=CARTESIAN_POINT('Ctrl Pts',(42.6787179801613,29.3731246888638,0.2));
#8556=CARTESIAN_POINT('',(42.4515694472939,29.2779676616192,0.));
#8557=CARTESIAN_POINT('Ctrl Pts',(42.4515694472939,29.2779676616192,0.));
#8558=CARTESIAN_POINT('Ctrl Pts',(42.4840059286963,29.3057211983527,0.));
#8559=CARTESIAN_POINT('Ctrl Pts',(42.5494836515769,29.3617457210083,0.));
#8560=CARTESIAN_POINT('Ctrl Pts',(42.6353754350399,29.3693084162595,0.));
#8561=CARTESIAN_POINT('Ctrl Pts',(42.6787179801613,29.3731246888638,0.));
#8562=CARTESIAN_POINT('',(42.4515694472939,29.2779676616192,0.2));
#8563=CARTESIAN_POINT('',(42.4515694472939,29.2779676616192,0.));
#8564=CARTESIAN_POINT('Ctrl Pts',(42.4515694472939,29.2779676616192,0.2));
#8565=CARTESIAN_POINT('Ctrl Pts',(42.4840059286963,29.3057211983527,0.2));
#8566=CARTESIAN_POINT('Ctrl Pts',(42.5494836515769,29.3617457210083,0.2));
#8567=CARTESIAN_POINT('Ctrl Pts',(42.6353754350399,29.3693084162595,0.2));
#8568=CARTESIAN_POINT('Ctrl Pts',(42.6787179801613,29.3731246888638,0.2));
#8569=CARTESIAN_POINT('Ctrl Pts',(42.3502737376839,29.0037521719933,0.));
#8570=CARTESIAN_POINT('Ctrl Pts',(42.3502737376839,29.0037521719933,0.2));
#8571=CARTESIAN_POINT('Ctrl Pts',(42.3555959339318,29.0583124747023,0.));
#8572=CARTESIAN_POINT('Ctrl Pts',(42.3555959339318,29.0583124747023,0.2));
#8573=CARTESIAN_POINT('Ctrl Pts',(42.3654156136515,29.1589785668679,0.));
#8574=CARTESIAN_POINT('Ctrl Pts',(42.3654156136515,29.1589785668679,0.2));
#8575=CARTESIAN_POINT('Ctrl Pts',(42.4245057449629,29.2405893430367,0.));
#8576=CARTESIAN_POINT('Ctrl Pts',(42.4245057449629,29.2405893430367,0.2));
#8577=CARTESIAN_POINT('Ctrl Pts',(42.4515694472939,29.2779676616192,0.));
#8578=CARTESIAN_POINT('Ctrl Pts',(42.4515694472939,29.2779676616192,0.2));
#8579=CARTESIAN_POINT('',(42.3502737376839,29.0037521719933,0.));
#8580=CARTESIAN_POINT('Ctrl Pts',(42.3502737376839,29.0037521719933,0.));
#8581=CARTESIAN_POINT('Ctrl Pts',(42.3555959339318,29.0583124747023,0.));
#8582=CARTESIAN_POINT('Ctrl Pts',(42.3654156136515,29.1589785668679,0.));
#8583=CARTESIAN_POINT('Ctrl Pts',(42.4245057449629,29.2405893430367,0.));
#8584=CARTESIAN_POINT('Ctrl Pts',(42.4515694472939,29.2779676616192,0.));
#8585=CARTESIAN_POINT('',(42.3502737376839,29.0037521719933,0.2));
#8586=CARTESIAN_POINT('',(42.3502737376839,29.0037521719933,0.));
#8587=CARTESIAN_POINT('Ctrl Pts',(42.3502737376839,29.0037521719933,0.2));
#8588=CARTESIAN_POINT('Ctrl Pts',(42.3555959339318,29.0583124747023,0.2));
#8589=CARTESIAN_POINT('Ctrl Pts',(42.3654156136515,29.1589785668679,0.2));
#8590=CARTESIAN_POINT('Ctrl Pts',(42.4245057449629,29.2405893430367,0.2));
#8591=CARTESIAN_POINT('Ctrl Pts',(42.4515694472939,29.2779676616192,0.2));
#8592=CARTESIAN_POINT('Origin',(43.1606417987496,29.0037521719933,0.));
#8593=CARTESIAN_POINT('',(43.1606417987496,29.0037521719933,0.));
#8594=CARTESIAN_POINT('',(36.1228208993748,29.0037521719933,0.));
#8595=CARTESIAN_POINT('',(43.1606417987496,29.0037521719933,0.2));
#8596=CARTESIAN_POINT('',(43.1606417987496,29.0037521719933,0.));
#8597=CARTESIAN_POINT('',(43.1606417987496,29.0037521719933,0.2));
#8598=CARTESIAN_POINT('Ctrl Pts',(43.1616652105004,28.9546389877796,0.));
#8599=CARTESIAN_POINT('Ctrl Pts',(43.1616652105004,28.9546389877796,0.2));
#8600=CARTESIAN_POINT('Ctrl Pts',(43.1616002851062,28.9614606416447,0.));
#8601=CARTESIAN_POINT('Ctrl Pts',(43.1616002851062,28.9614606416447,0.2));
#8602=CARTESIAN_POINT('Ctrl Pts',(43.1614444381569,28.9778353430835,0.));
#8603=CARTESIAN_POINT('Ctrl Pts',(43.1614444381569,28.9778353430835,0.2));
#8604=CARTESIAN_POINT('Ctrl Pts',(43.1609375302625,28.9942031479181,0.));
#8605=CARTESIAN_POINT('Ctrl Pts',(43.1609375302625,28.9942031479181,0.2));
#8606=CARTESIAN_POINT('Ctrl Pts',(43.1606417987496,29.0037521719933,0.));
#8607=CARTESIAN_POINT('Ctrl Pts',(43.1606417987496,29.0037521719933,0.2));
#8608=CARTESIAN_POINT('',(43.1616652105004,28.9546389877796,0.));
#8609=CARTESIAN_POINT('Ctrl Pts',(43.1616652105004,28.9546389877796,0.));
#8610=CARTESIAN_POINT('Ctrl Pts',(43.1616002851062,28.9614606416447,0.));
#8611=CARTESIAN_POINT('Ctrl Pts',(43.1614444381569,28.9778353430835,0.));
#8612=CARTESIAN_POINT('Ctrl Pts',(43.1609375302625,28.9942031479181,0.));
#8613=CARTESIAN_POINT('Ctrl Pts',(43.1606417987496,29.0037521719933,0.));
#8614=CARTESIAN_POINT('',(43.1616652105004,28.9546389877796,0.2));
#8615=CARTESIAN_POINT('',(43.1616652105004,28.9546389877796,0.));
#8616=CARTESIAN_POINT('Ctrl Pts',(43.1616652105004,28.9546389877796,0.2));
#8617=CARTESIAN_POINT('Ctrl Pts',(43.1616002851062,28.9614606416447,0.2));
#8618=CARTESIAN_POINT('Ctrl Pts',(43.1614444381569,28.9778353430835,0.2));
#8619=CARTESIAN_POINT('Ctrl Pts',(43.1609375302625,28.9942031479181,0.2));
#8620=CARTESIAN_POINT('Ctrl Pts',(43.1606417987496,29.0037521719933,0.2));
#8621=CARTESIAN_POINT('Ctrl Pts',(43.0235338304192,28.537176400423,0.));
#8622=CARTESIAN_POINT('Ctrl Pts',(43.0235338304192,28.537176400423,0.2));
#8623=CARTESIAN_POINT('Ctrl Pts',(43.0637571762165,28.5947133611611,0.));
#8624=CARTESIAN_POINT('Ctrl Pts',(43.0637571762165,28.5947133611611,0.2));
#8625=CARTESIAN_POINT('Ctrl Pts',(43.1510183845815,28.7195350193331,0.));
#8626=CARTESIAN_POINT('Ctrl Pts',(43.1510183845815,28.7195350193331,0.2));
#8627=CARTESIAN_POINT('Ctrl Pts',(43.1579361904046,28.8722945003599,0.));
#8628=CARTESIAN_POINT('Ctrl Pts',(43.1579361904046,28.8722945003599,0.2));
#8629=CARTESIAN_POINT('Ctrl Pts',(43.1616652105004,28.9546389877796,0.));
#8630=CARTESIAN_POINT('Ctrl Pts',(43.1616652105004,28.9546389877796,0.2));
#8631=CARTESIAN_POINT('',(43.0235338304192,28.537176400423,0.));
#8632=CARTESIAN_POINT('Ctrl Pts',(43.0235338304192,28.537176400423,0.));
#8633=CARTESIAN_POINT('Ctrl Pts',(43.0637571762165,28.5947133611611,0.));
#8634=CARTESIAN_POINT('Ctrl Pts',(43.1510183845815,28.7195350193331,0.));
#8635=CARTESIAN_POINT('Ctrl Pts',(43.1579361904046,28.8722945003599,0.));
#8636=CARTESIAN_POINT('Ctrl Pts',(43.1616652105004,28.9546389877796,0.));
#8637=CARTESIAN_POINT('',(43.0235338304192,28.537176400423,0.2));
#8638=CARTESIAN_POINT('',(43.0235338304192,28.537176400423,0.));
#8639=CARTESIAN_POINT('Ctrl Pts',(43.0235338304192,28.537176400423,0.2));
#8640=CARTESIAN_POINT('Ctrl Pts',(43.0637571762165,28.5947133611611,0.2));
#8641=CARTESIAN_POINT('Ctrl Pts',(43.1510183845815,28.7195350193331,0.2));
#8642=CARTESIAN_POINT('Ctrl Pts',(43.1579361904046,28.8722945003599,0.2));
#8643=CARTESIAN_POINT('Ctrl Pts',(43.1616652105004,28.9546389877796,0.2));
#8644=CARTESIAN_POINT('Ctrl Pts',(42.6674628350884,28.3888135105371,0.));
#8645=CARTESIAN_POINT('Ctrl Pts',(42.6674628350884,28.3888135105371,0.2));
#8646=CARTESIAN_POINT('Ctrl Pts',(42.736288102756,28.394471040944,0.));
#8647=CARTESIAN_POINT('Ctrl Pts',(42.736288102756,28.394471040944,0.2));
#8648=CARTESIAN_POINT('Ctrl Pts',(42.8711663154757,28.4055582130762,0.));
#8649=CARTESIAN_POINT('Ctrl Pts',(42.8711663154757,28.4055582130762,0.2));
#8650=CARTESIAN_POINT('Ctrl Pts',(42.9734454160394,28.4939089998213,0.));
#8651=CARTESIAN_POINT('Ctrl Pts',(42.9734454160394,28.4939089998213,0.2));
#8652=CARTESIAN_POINT('Ctrl Pts',(43.0235338304192,28.537176400423,0.));
#8653=CARTESIAN_POINT('Ctrl Pts',(43.0235338304192,28.537176400423,0.2));
#8654=CARTESIAN_POINT('',(42.6674628350884,28.3888135105371,0.));
#8655=CARTESIAN_POINT('Ctrl Pts',(42.6674628350884,28.3888135105371,0.));
#8656=CARTESIAN_POINT('Ctrl Pts',(42.736288102756,28.394471040944,0.));
#8657=CARTESIAN_POINT('Ctrl Pts',(42.8711663154757,28.4055582130762,0.));
#8658=CARTESIAN_POINT('Ctrl Pts',(42.9734454160394,28.4939089998213,0.));
#8659=CARTESIAN_POINT('Ctrl Pts',(43.0235338304192,28.537176400423,0.));
#8660=CARTESIAN_POINT('',(42.6674628350884,28.3888135105371,0.2));
#8661=CARTESIAN_POINT('',(42.6674628350884,28.3888135105371,0.));
#8662=CARTESIAN_POINT('Ctrl Pts',(42.6674628350884,28.3888135105371,0.2));
#8663=CARTESIAN_POINT('Ctrl Pts',(42.736288102756,28.394471040944,0.2));
#8664=CARTESIAN_POINT('Ctrl Pts',(42.8711663154757,28.4055582130762,0.2));
#8665=CARTESIAN_POINT('Ctrl Pts',(42.9734454160394,28.4939089998213,0.2));
#8666=CARTESIAN_POINT('Ctrl Pts',(43.0235338304192,28.537176400423,0.2));
#8667=CARTESIAN_POINT('Ctrl Pts',(42.3011601064354,28.5402459651232,0.));
#8668=CARTESIAN_POINT('Ctrl Pts',(42.3011601064354,28.5402459651232,0.2));
#8669=CARTESIAN_POINT('Ctrl Pts',(42.3525750576471,28.4960850968522,0.));
#8670=CARTESIAN_POINT('Ctrl Pts',(42.3525750576471,28.4960850968522,0.2));
#8671=CARTESIAN_POINT('Ctrl Pts',(42.457902479706,28.4056182131685,0.));
#8672=CARTESIAN_POINT('Ctrl Pts',(42.457902479706,28.4056182131685,0.2));
#8673=CARTESIAN_POINT('Ctrl Pts',(42.5965138012495,28.3945029331069,0.));
#8674=CARTESIAN_POINT('Ctrl Pts',(42.5965138012495,28.3945029331069,0.2));
#8675=CARTESIAN_POINT('Ctrl Pts',(42.6674628350884,28.3888135105371,0.));
#8676=CARTESIAN_POINT('Ctrl Pts',(42.6674628350884,28.3888135105371,0.2));
#8677=CARTESIAN_POINT('',(42.3011601064354,28.5402459651232,0.));
#8678=CARTESIAN_POINT('Ctrl Pts',(42.3011601064354,28.5402459651232,0.));
#8679=CARTESIAN_POINT('Ctrl Pts',(42.3525750576471,28.4960850968522,0.));
#8680=CARTESIAN_POINT('Ctrl Pts',(42.457902479706,28.4056182131685,0.));
#8681=CARTESIAN_POINT('Ctrl Pts',(42.5965138012495,28.3945029331069,0.));
#8682=CARTESIAN_POINT('Ctrl Pts',(42.6674628350884,28.3888135105371,0.));
#8683=CARTESIAN_POINT('',(42.3011601064354,28.5402459651232,0.2));
#8684=CARTESIAN_POINT('',(42.3011601064354,28.5402459651232,0.));
#8685=CARTESIAN_POINT('Ctrl Pts',(42.3011601064354,28.5402459651232,0.2));
#8686=CARTESIAN_POINT('Ctrl Pts',(42.3525750576471,28.4960850968522,0.2));
#8687=CARTESIAN_POINT('Ctrl Pts',(42.457902479706,28.4056182131685,0.2));
#8688=CARTESIAN_POINT('Ctrl Pts',(42.5965138012495,28.3945029331069,0.2));
#8689=CARTESIAN_POINT('Ctrl Pts',(42.6674628350884,28.3888135105371,0.2));
#8690=CARTESIAN_POINT('Ctrl Pts',(42.1599596831948,28.9658941328526,0.));
#8691=CARTESIAN_POINT('Ctrl Pts',(42.1599596831948,28.9658941328526,0.2));
#8692=CARTESIAN_POINT('Ctrl Pts',(42.1637901832335,28.8819552693234,0.));
#8693=CARTESIAN_POINT('Ctrl Pts',(42.1637901832335,28.8819552693234,0.2));
#8694=CARTESIAN_POINT('Ctrl Pts',(42.1709003250106,28.7261486607193,0.));
#8695=CARTESIAN_POINT('Ctrl Pts',(42.1709003250106,28.7261486607193,0.2));
#8696=CARTESIAN_POINT('Ctrl Pts',(42.2600422703081,28.5989280578577,0.));
#8697=CARTESIAN_POINT('Ctrl Pts',(42.2600422703081,28.5989280578577,0.2));
#8698=CARTESIAN_POINT('Ctrl Pts',(42.3011601064354,28.5402459651232,0.));
#8699=CARTESIAN_POINT('Ctrl Pts',(42.3011601064354,28.5402459651232,0.2));
#8700=CARTESIAN_POINT('',(42.1599596831948,28.9658941328526,0.));
#8701=CARTESIAN_POINT('Ctrl Pts',(42.1599596831948,28.9658941328526,0.));
#8702=CARTESIAN_POINT('Ctrl Pts',(42.1637901832335,28.8819552693234,0.));
#8703=CARTESIAN_POINT('Ctrl Pts',(42.1709003250106,28.7261486607193,0.));
#8704=CARTESIAN_POINT('Ctrl Pts',(42.2600422703081,28.5989280578577,0.));
#8705=CARTESIAN_POINT('Ctrl Pts',(42.3011601064354,28.5402459651232,0.));
#8706=CARTESIAN_POINT('',(42.1599596831948,28.9658941328526,0.2));
#8707=CARTESIAN_POINT('',(42.1599596831948,28.9658941328526,0.));
#8708=CARTESIAN_POINT('Ctrl Pts',(42.1599596831948,28.9658941328526,0.2));
#8709=CARTESIAN_POINT('Ctrl Pts',(42.1637901832335,28.8819552693234,0.2));
#8710=CARTESIAN_POINT('Ctrl Pts',(42.1709003250106,28.7261486607193,0.2));
#8711=CARTESIAN_POINT('Ctrl Pts',(42.2600422703081,28.5989280578577,0.2));
#8712=CARTESIAN_POINT('Ctrl Pts',(42.3011601064354,28.5402459651232,0.2));
#8713=CARTESIAN_POINT('Ctrl Pts',(42.2996252868325,29.377728998661,0.));
#8714=CARTESIAN_POINT('Ctrl Pts',(42.2996252868325,29.377728998661,0.2));
#8715=CARTESIAN_POINT('Ctrl Pts',(42.2589492087881,29.3209856596106,0.));
#8716=CARTESIAN_POINT('Ctrl Pts',(42.2589492087881,29.3209856596106,0.2));
#8717=CARTESIAN_POINT('Ctrl Pts',(42.1710726377192,29.1983973888998,0.));
#8718=CARTESIAN_POINT('Ctrl Pts',(42.1710726377192,29.1983973888998,0.2));
#8719=CARTESIAN_POINT('Ctrl Pts',(42.1638429252243,29.0471386312349,0.));
#8720=CARTESIAN_POINT('Ctrl Pts',(42.1638429252243,29.0471386312349,0.2));
#8721=CARTESIAN_POINT('Ctrl Pts',(42.1599596831948,28.9658941328526,0.));
#8722=CARTESIAN_POINT('Ctrl Pts',(42.1599596831948,28.9658941328526,0.2));
#8723=CARTESIAN_POINT('',(42.2996252868325,29.377728998661,0.));
#8724=CARTESIAN_POINT('Ctrl Pts',(42.2996252868325,29.377728998661,0.));
#8725=CARTESIAN_POINT('Ctrl Pts',(42.2589492087881,29.3209856596106,0.));
#8726=CARTESIAN_POINT('Ctrl Pts',(42.1710726377192,29.1983973888998,0.));
#8727=CARTESIAN_POINT('Ctrl Pts',(42.1638429252243,29.0471386312349,0.));
#8728=CARTESIAN_POINT('Ctrl Pts',(42.1599596831948,28.9658941328526,0.));
#8729=CARTESIAN_POINT('',(42.2996252868325,29.377728998661,0.2));
#8730=CARTESIAN_POINT('',(42.2996252868325,29.377728998661,0.));
#8731=CARTESIAN_POINT('Ctrl Pts',(42.2996252868325,29.377728998661,0.2));
#8732=CARTESIAN_POINT('Ctrl Pts',(42.2589492087881,29.3209856596106,0.2));
#8733=CARTESIAN_POINT('Ctrl Pts',(42.1710726377192,29.1983973888998,0.2));
#8734=CARTESIAN_POINT('Ctrl Pts',(42.1638429252243,29.0471386312349,0.2));
#8735=CARTESIAN_POINT('Ctrl Pts',(42.1599596831948,28.9658941328526,0.2));
#8736=CARTESIAN_POINT('Ctrl Pts',(42.677695164457,29.5245571434498,0.));
#8737=CARTESIAN_POINT('Ctrl Pts',(42.677695164457,29.5245571434498,0.2));
#8738=CARTESIAN_POINT('Ctrl Pts',(42.6035294004606,29.5196424032011,0.));
#8739=CARTESIAN_POINT('Ctrl Pts',(42.6035294004606,29.5196424032011,0.2));
#8740=CARTESIAN_POINT('Ctrl Pts',(42.461701838556,29.510243920811,0.));
#8741=CARTESIAN_POINT('Ctrl Pts',(42.461701838556,29.510243920811,0.2));
#8742=CARTESIAN_POINT('Ctrl Pts',(42.3519734867514,29.4205292530049,0.));
#8743=CARTESIAN_POINT('Ctrl Pts',(42.3519734867514,29.4205292530049,0.2));
#8744=CARTESIAN_POINT('Ctrl Pts',(42.2996252868325,29.377728998661,0.));
#8745=CARTESIAN_POINT('Ctrl Pts',(42.2996252868325,29.377728998661,0.2));
#8746=CARTESIAN_POINT('',(42.677695164457,29.5245571434498,0.));
#8747=CARTESIAN_POINT('Ctrl Pts',(42.677695164457,29.5245571434498,0.));
#8748=CARTESIAN_POINT('Ctrl Pts',(42.6035294004606,29.5196424032011,0.));
#8749=CARTESIAN_POINT('Ctrl Pts',(42.461701838556,29.510243920811,0.));
#8750=CARTESIAN_POINT('Ctrl Pts',(42.3519734867514,29.4205292530049,0.));
#8751=CARTESIAN_POINT('Ctrl Pts',(42.2996252868325,29.377728998661,0.));
#8752=CARTESIAN_POINT('',(42.677695164457,29.5245571434498,0.2));
#8753=CARTESIAN_POINT('',(42.677695164457,29.5245571434498,0.));
#8754=CARTESIAN_POINT('Ctrl Pts',(42.677695164457,29.5245571434498,0.2));
#8755=CARTESIAN_POINT('Ctrl Pts',(42.6035294004606,29.5196424032011,0.2));
#8756=CARTESIAN_POINT('Ctrl Pts',(42.461701838556,29.510243920811,0.2));
#8757=CARTESIAN_POINT('Ctrl Pts',(42.3519734867514,29.4205292530049,0.2));
#8758=CARTESIAN_POINT('Ctrl Pts',(42.2996252868325,29.377728998661,0.2));
#8759=CARTESIAN_POINT('Ctrl Pts',(42.988745579496,29.4324697554111,0.));
#8760=CARTESIAN_POINT('Ctrl Pts',(42.988745579496,29.4324697554111,0.2));
#8761=CARTESIAN_POINT('Ctrl Pts',(42.9437000954792,29.4593042450704,0.));
#8762=CARTESIAN_POINT('Ctrl Pts',(42.9437000954792,29.4593042450704,0.2));
#8763=CARTESIAN_POINT('Ctrl Pts',(42.8480705807822,29.5162726466596,0.));
#8764=CARTESIAN_POINT('Ctrl Pts',(42.8480705807822,29.5162726466596,0.2));
#8765=CARTESIAN_POINT('Ctrl Pts',(42.7366382347745,29.521691039364,0.));
#8766=CARTESIAN_POINT('Ctrl Pts',(42.7366382347745,29.521691039364,0.2));
#8767=CARTESIAN_POINT('Ctrl Pts',(42.677695164457,29.5245571434498,0.));
#8768=CARTESIAN_POINT('Ctrl Pts',(42.677695164457,29.5245571434498,0.2));
#8769=CARTESIAN_POINT('',(42.988745579496,29.4324697554111,0.));
#8770=CARTESIAN_POINT('Ctrl Pts',(42.988745579496,29.4324697554111,0.));
#8771=CARTESIAN_POINT('Ctrl Pts',(42.9437000954792,29.4593042450704,0.));
#8772=CARTESIAN_POINT('Ctrl Pts',(42.8480705807822,29.5162726466596,0.));
#8773=CARTESIAN_POINT('Ctrl Pts',(42.7366382347745,29.521691039364,0.));
#8774=CARTESIAN_POINT('Ctrl Pts',(42.677695164457,29.5245571434498,0.));
#8775=CARTESIAN_POINT('',(42.988745579496,29.4324697554111,0.2));
#8776=CARTESIAN_POINT('',(42.988745579496,29.4324697554111,0.));
#8777=CARTESIAN_POINT('Ctrl Pts',(42.988745579496,29.4324697554111,0.2));
#8778=CARTESIAN_POINT('Ctrl Pts',(42.9437000954792,29.4593042450704,0.2));
#8779=CARTESIAN_POINT('Ctrl Pts',(42.8480705807822,29.5162726466596,0.2));
#8780=CARTESIAN_POINT('Ctrl Pts',(42.7366382347745,29.521691039364,0.2));
#8781=CARTESIAN_POINT('Ctrl Pts',(42.677695164457,29.5245571434498,0.2));
#8782=CARTESIAN_POINT('Ctrl Pts',(43.1555259320885,29.1736021637917,0.));
#8783=CARTESIAN_POINT('Ctrl Pts',(43.1555259320885,29.1736021637917,0.2));
#8784=CARTESIAN_POINT('Ctrl Pts',(43.1380409329942,29.2255264946796,0.));
#8785=CARTESIAN_POINT('Ctrl Pts',(43.1380409329942,29.2255264946796,0.2));
#8786=CARTESIAN_POINT('Ctrl Pts',(43.1042042787827,29.3260095212981,0.));
#8787=CARTESIAN_POINT('Ctrl Pts',(43.1042042787827,29.3260095212981,0.2));
#8788=CARTESIAN_POINT('Ctrl Pts',(43.0263627229358,29.3977843664192,0.));
#8789=CARTESIAN_POINT('Ctrl Pts',(43.0263627229358,29.3977843664192,0.2));
#8790=CARTESIAN_POINT('Ctrl Pts',(42.988745579496,29.4324697554111,0.));
#8791=CARTESIAN_POINT('Ctrl Pts',(42.988745579496,29.4324697554111,0.2));
#8792=CARTESIAN_POINT('',(43.1555259320885,29.1736021637917,0.));
#8793=CARTESIAN_POINT('Ctrl Pts',(43.1555259320885,29.1736021637917,0.));
#8794=CARTESIAN_POINT('Ctrl Pts',(43.1380409329942,29.2255264946796,0.));
#8795=CARTESIAN_POINT('Ctrl Pts',(43.1042042787827,29.3260095212981,0.));
#8796=CARTESIAN_POINT('Ctrl Pts',(43.0263627229358,29.3977843664192,0.));
#8797=CARTESIAN_POINT('Ctrl Pts',(42.988745579496,29.4324697554111,0.));
#8798=CARTESIAN_POINT('',(43.1555259320885,29.1736021637917,0.2));
#8799=CARTESIAN_POINT('',(43.1555259320885,29.1736021637917,0.));
#8800=CARTESIAN_POINT('Ctrl Pts',(43.1555259320885,29.1736021637917,0.2));
#8801=CARTESIAN_POINT('Ctrl Pts',(43.1380409329942,29.2255264946796,0.2));
#8802=CARTESIAN_POINT('Ctrl Pts',(43.1042042787827,29.3260095212981,0.2));
#8803=CARTESIAN_POINT('Ctrl Pts',(43.0263627229358,29.3977843664192,0.2));
#8804=CARTESIAN_POINT('Ctrl Pts',(42.988745579496,29.4324697554111,0.2));
#8805=CARTESIAN_POINT('Origin',(42.9652118775994,29.1500686109066,0.));
#8806=CARTESIAN_POINT('',(42.9652118775994,29.1500686109066,0.));
#8807=CARTESIAN_POINT('',(34.4589139018407,28.0982103348276,0.));
#8808=CARTESIAN_POINT('',(42.9652118775994,29.1500686109066,0.2));
#8809=CARTESIAN_POINT('',(42.9652118775994,29.1500686109066,0.));
#8810=CARTESIAN_POINT('',(42.9652118775994,29.1500686109066,0.2));
#8811=CARTESIAN_POINT('Ctrl Pts',(42.8516376111656,29.319918602705,0.));
#8812=CARTESIAN_POINT('Ctrl Pts',(42.8516376111656,29.319918602705,0.2));
#8813=CARTESIAN_POINT('Ctrl Pts',(42.8747683996913,29.2980854187602,0.));
#8814=CARTESIAN_POINT('Ctrl Pts',(42.8747683996913,29.2980854187602,0.2));
#8815=CARTESIAN_POINT('Ctrl Pts',(42.9254275353562,29.250268189087,0.));
#8816=CARTESIAN_POINT('Ctrl Pts',(42.9254275353562,29.250268189087,0.2));
#8817=CARTESIAN_POINT('Ctrl Pts',(42.9512045564183,29.1853470042303,0.));
#8818=CARTESIAN_POINT('Ctrl Pts',(42.9512045564183,29.1853470042303,0.2));
#8819=CARTESIAN_POINT('Ctrl Pts',(42.9652118775994,29.1500686109066,0.));
#8820=CARTESIAN_POINT('Ctrl Pts',(42.9652118775994,29.1500686109066,0.2));
#8821=CARTESIAN_POINT('Ctrl Pts',(42.8516376111656,29.319918602705,0.));
#8822=CARTESIAN_POINT('Ctrl Pts',(42.8747683996913,29.2980854187602,0.));
#8823=CARTESIAN_POINT('Ctrl Pts',(42.9254275353562,29.250268189087,0.));
#8824=CARTESIAN_POINT('Ctrl Pts',(42.9512045564183,29.1853470042303,0.));
#8825=CARTESIAN_POINT('Ctrl Pts',(42.9652118775994,29.1500686109066,0.));
#8826=CARTESIAN_POINT('Ctrl Pts',(42.8516376111656,29.319918602705,0.2));
#8827=CARTESIAN_POINT('Ctrl Pts',(42.8747683996913,29.2980854187602,0.2));
#8828=CARTESIAN_POINT('Ctrl Pts',(42.9254275353562,29.250268189087,0.2));
#8829=CARTESIAN_POINT('Ctrl Pts',(42.9512045564183,29.1853470042303,0.2));
#8830=CARTESIAN_POINT('Ctrl Pts',(42.9652118775994,29.1500686109066,0.2));
#8831=CARTESIAN_POINT('Origin',(40.4440660076216,28.762278854847,0.2));
#8832=CARTESIAN_POINT('Ctrl Pts',(44.8105388972908,29.3291273713112,0.));
#8833=CARTESIAN_POINT('Ctrl Pts',(44.8105388972908,29.3291273713112,0.2));
#8834=CARTESIAN_POINT('Ctrl Pts',(44.8193257696035,29.3329926355767,0.));
#8835=CARTESIAN_POINT('Ctrl Pts',(44.8193257696035,29.3329926355767,0.2));
#8836=CARTESIAN_POINT('Ctrl Pts',(44.8393072111543,29.3417822878273,0.));
#8837=CARTESIAN_POINT('Ctrl Pts',(44.8393072111543,29.3417822878273,0.2));
#8838=CARTESIAN_POINT('Ctrl Pts',(44.8612003246919,29.3421967122568,0.));
#8839=CARTESIAN_POINT('Ctrl Pts',(44.8612003246919,29.3421967122568,0.2));
#8840=CARTESIAN_POINT('Ctrl Pts',(44.873465904966,29.3424288928509,0.));
#8841=CARTESIAN_POINT('Ctrl Pts',(44.873465904966,29.3424288928509,0.2));
#8842=CARTESIAN_POINT('',(44.8105388972908,29.3291273713112,0.));
#8843=CARTESIAN_POINT('',(44.873465904966,29.3424288928509,0.));
#8844=CARTESIAN_POINT('Ctrl Pts',(44.8105388972908,29.3291273713112,0.));
#8845=CARTESIAN_POINT('Ctrl Pts',(44.8193257696035,29.3329926355767,0.));
#8846=CARTESIAN_POINT('Ctrl Pts',(44.8393072111543,29.3417822878273,0.));
#8847=CARTESIAN_POINT('Ctrl Pts',(44.8612003246919,29.3421967122568,0.));
#8848=CARTESIAN_POINT('Ctrl Pts',(44.873465904966,29.3424288928509,0.));
#8849=CARTESIAN_POINT('',(44.8105388972908,29.3291273713112,0.2));
#8850=CARTESIAN_POINT('',(44.8105388972908,29.3291273713112,0.));
#8851=CARTESIAN_POINT('',(44.873465904966,29.3424288928509,0.2));
#8852=CARTESIAN_POINT('Ctrl Pts',(44.8105388972908,29.3291273713112,0.2));
#8853=CARTESIAN_POINT('Ctrl Pts',(44.8193257696035,29.3329926355767,0.2));
#8854=CARTESIAN_POINT('Ctrl Pts',(44.8393072111543,29.3417822878273,0.2));
#8855=CARTESIAN_POINT('Ctrl Pts',(44.8612003246919,29.3421967122568,0.2));
#8856=CARTESIAN_POINT('Ctrl Pts',(44.873465904966,29.3424288928509,0.2));
#8857=CARTESIAN_POINT('',(44.873465904966,29.3424288928509,0.));
#8858=CARTESIAN_POINT('Ctrl Pts',(44.7788196895272,29.2933155596256,0.));
#8859=CARTESIAN_POINT('Ctrl Pts',(44.7788196895272,29.2933155596256,0.2));
#8860=CARTESIAN_POINT('Ctrl Pts',(44.7826170179475,29.3004626311497,0.));
#8861=CARTESIAN_POINT('Ctrl Pts',(44.7826170179475,29.3004626311497,0.2));
#8862=CARTESIAN_POINT('Ctrl Pts',(44.7903094875976,29.3149408707696,0.));
#8863=CARTESIAN_POINT('Ctrl Pts',(44.7903094875976,29.3149408707696,0.2));
#8864=CARTESIAN_POINT('Ctrl Pts',(44.8037388408714,29.3243586209848,0.));
#8865=CARTESIAN_POINT('Ctrl Pts',(44.8037388408714,29.3243586209848,0.2));
#8866=CARTESIAN_POINT('Ctrl Pts',(44.8105388972908,29.3291273713112,0.));
#8867=CARTESIAN_POINT('Ctrl Pts',(44.8105388972908,29.3291273713112,0.2));
#8868=CARTESIAN_POINT('',(44.7788196895272,29.2933155596256,0.));
#8869=CARTESIAN_POINT('Ctrl Pts',(44.7788196895272,29.2933155596256,0.));
#8870=CARTESIAN_POINT('Ctrl Pts',(44.7826170179475,29.3004626311497,0.));
#8871=CARTESIAN_POINT('Ctrl Pts',(44.7903094875976,29.3149408707696,0.));
#8872=CARTESIAN_POINT('Ctrl Pts',(44.8037388408714,29.3243586209848,0.));
#8873=CARTESIAN_POINT('Ctrl Pts',(44.8105388972908,29.3291273713112,0.));
#8874=CARTESIAN_POINT('',(44.7788196895272,29.2933155596256,0.2));
#8875=CARTESIAN_POINT('',(44.7788196895272,29.2933155596256,0.));
#8876=CARTESIAN_POINT('Ctrl Pts',(44.7788196895272,29.2933155596256,0.2));
#8877=CARTESIAN_POINT('Ctrl Pts',(44.7826170179475,29.3004626311497,0.2));
#8878=CARTESIAN_POINT('Ctrl Pts',(44.7903094875976,29.3149408707696,0.2));
#8879=CARTESIAN_POINT('Ctrl Pts',(44.8037388408714,29.3243586209848,0.2));
#8880=CARTESIAN_POINT('Ctrl Pts',(44.8105388972908,29.3291273713112,0.2));
#8881=CARTESIAN_POINT('Ctrl Pts',(44.7690993640572,29.1920195519924,0.));
#8882=CARTESIAN_POINT('Ctrl Pts',(44.7690993640572,29.1920195519924,0.2));
#8883=CARTESIAN_POINT('Ctrl Pts',(44.7688280430935,29.2137191215607,0.));
#8884=CARTESIAN_POINT('Ctrl Pts',(44.7688280430935,29.2137191215607,0.2));
#8885=CARTESIAN_POINT('Ctrl Pts',(44.7684004616981,29.2479160081945,0.));
#8886=CARTESIAN_POINT('Ctrl Pts',(44.7684004616981,29.2479160081945,0.2));
#8887=CARTESIAN_POINT('Ctrl Pts',(44.7760310694535,29.281164745522,0.));
#8888=CARTESIAN_POINT('Ctrl Pts',(44.7760310694535,29.281164745522,0.2));
#8889=CARTESIAN_POINT('Ctrl Pts',(44.7788196895272,29.2933155596256,0.));
#8890=CARTESIAN_POINT('Ctrl Pts',(44.7788196895272,29.2933155596256,0.2));
#8891=CARTESIAN_POINT('',(44.7690993640572,29.1920195519924,0.));
#8892=CARTESIAN_POINT('Ctrl Pts',(44.7690993640572,29.1920195519924,0.));
#8893=CARTESIAN_POINT('Ctrl Pts',(44.7688280430935,29.2137191215607,0.));
#8894=CARTESIAN_POINT('Ctrl Pts',(44.7684004616981,29.2479160081945,0.));
#8895=CARTESIAN_POINT('Ctrl Pts',(44.7760310694535,29.281164745522,0.));
#8896=CARTESIAN_POINT('Ctrl Pts',(44.7788196895272,29.2933155596256,0.));
#8897=CARTESIAN_POINT('',(44.7690993640572,29.1920195519924,0.2));
#8898=CARTESIAN_POINT('',(44.7690993640572,29.1920195519924,0.));
#8899=CARTESIAN_POINT('Ctrl Pts',(44.7690993640572,29.1920195519924,0.2));
#8900=CARTESIAN_POINT('Ctrl Pts',(44.7688280430935,29.2137191215607,0.2));
#8901=CARTESIAN_POINT('Ctrl Pts',(44.7684004616981,29.2479160081945,0.2));
#8902=CARTESIAN_POINT('Ctrl Pts',(44.7760310694535,29.281164745522,0.2));
#8903=CARTESIAN_POINT('Ctrl Pts',(44.7788196895272,29.2933155596256,0.2));
#8904=CARTESIAN_POINT('Origin',(44.7690993640572,28.5566171258688,0.));
#8905=CARTESIAN_POINT('',(44.7690993640572,28.5566171258688,0.));
#8906=CARTESIAN_POINT('',(44.7690993640572,15.1358085629344,0.));
#8907=CARTESIAN_POINT('',(44.7690993640572,28.5566171258688,0.2));
#8908=CARTESIAN_POINT('',(44.7690993640572,28.5566171258688,0.));
#8909=CARTESIAN_POINT('',(44.7690993640572,28.5566171258688,0.2));
#8910=CARTESIAN_POINT('Origin',(44.9542969558388,28.5566171258688,0.));
#8911=CARTESIAN_POINT('',(44.9542969558388,28.5566171258688,0.));
#8912=CARTESIAN_POINT('',(37.0196484779194,28.5566171258688,0.));
#8913=CARTESIAN_POINT('',(44.9542969558388,28.5566171258688,0.2));
#8914=CARTESIAN_POINT('',(44.9542969558388,28.5566171258688,0.));
#8915=CARTESIAN_POINT('',(44.9542969558388,28.5566171258688,0.2));
#8916=CARTESIAN_POINT('Origin',(44.9542969558388,28.4133701771498,0.));
#8917=CARTESIAN_POINT('',(44.9542969558388,28.4133701771498,0.));
#8918=CARTESIAN_POINT('',(44.9542969558388,15.0641850885749,0.));
#8919=CARTESIAN_POINT('',(44.9542969558388,28.4133701771498,0.2));
#8920=CARTESIAN_POINT('',(44.9542969558388,28.4133701771498,0.));
#8921=CARTESIAN_POINT('',(44.9542969558388,28.4133701771498,0.2));
#8922=CARTESIAN_POINT('Origin',(44.7690993640572,28.4133701771498,0.));
#8923=CARTESIAN_POINT('',(44.7690993640572,28.4133701771498,0.));
#8924=CARTESIAN_POINT('',(36.9270496820286,28.4133701771498,0.));
#8925=CARTESIAN_POINT('',(44.7690993640572,28.4133701771498,0.2));
#8926=CARTESIAN_POINT('',(44.7690993640572,28.4133701771498,0.));
#8927=CARTESIAN_POINT('',(44.7690993640572,28.4133701771498,0.2));
#8928=CARTESIAN_POINT('Origin',(44.7690993640572,28.0337657034397,0.));
#8929=CARTESIAN_POINT('',(44.7690993640572,28.0337657034397,0.));
#8930=CARTESIAN_POINT('',(44.7690993640572,14.8743828517199,0.));
#8931=CARTESIAN_POINT('',(44.7690993640572,28.0337657034397,0.2));
#8932=CARTESIAN_POINT('',(44.7690993640572,28.0337657034397,0.));
#8933=CARTESIAN_POINT('',(44.7690993640572,28.0337657034397,0.2));
#8934=CARTESIAN_POINT('Origin',(44.5859485957772,28.1442704796791,0.));
#8935=CARTESIAN_POINT('',(44.5859485957772,28.1442704796791,0.));
#8936=CARTESIAN_POINT('',(44.749163265977,28.0457942309645,0.));
#8937=CARTESIAN_POINT('',(44.5859485957772,28.1442704796791,0.2));
#8938=CARTESIAN_POINT('',(44.5859485957772,28.1442704796791,0.));
#8939=CARTESIAN_POINT('',(44.5859485957772,28.1442704796791,0.2));
#8940=CARTESIAN_POINT('Origin',(44.5859485957772,28.4133701771498,0.));
#8941=CARTESIAN_POINT('',(44.5859485957772,28.4133701771498,0.));
#8942=CARTESIAN_POINT('',(44.5859485957772,15.0641850885749,0.));
#8943=CARTESIAN_POINT('',(44.5859485957772,28.4133701771498,0.2));
#8944=CARTESIAN_POINT('',(44.5859485957772,28.4133701771498,0.));
#8945=CARTESIAN_POINT('',(44.5859485957772,28.4133701771498,0.2));
#8946=CARTESIAN_POINT('Origin',(44.4508868549019,28.4133701771498,0.));
#8947=CARTESIAN_POINT('',(44.4508868549019,28.4133701771498,0.));
#8948=CARTESIAN_POINT('',(36.767943427451,28.4133701771498,0.));
#8949=CARTESIAN_POINT('',(44.4508868549019,28.4133701771498,0.2));
#8950=CARTESIAN_POINT('',(44.4508868549019,28.4133701771498,0.));
#8951=CARTESIAN_POINT('',(44.4508868549019,28.4133701771498,0.2));
#8952=CARTESIAN_POINT('Origin',(44.4508868549019,28.5566171258688,0.));
#8953=CARTESIAN_POINT('',(44.4508868549019,28.5566171258688,0.));
#8954=CARTESIAN_POINT('',(44.4508868549019,15.1358085629344,0.));
#8955=CARTESIAN_POINT('',(44.4508868549019,28.5566171258688,0.2));
#8956=CARTESIAN_POINT('',(44.4508868549019,28.5566171258688,0.));
#8957=CARTESIAN_POINT('',(44.4508868549019,28.5566171258688,0.2));
#8958=CARTESIAN_POINT('Origin',(44.5859485957772,28.5566171258688,0.));
#8959=CARTESIAN_POINT('',(44.5859485957772,28.5566171258688,0.));
#8960=CARTESIAN_POINT('',(36.8354742978886,28.5566171258688,0.));
#8961=CARTESIAN_POINT('',(44.5859485957772,28.5566171258688,0.2));
#8962=CARTESIAN_POINT('',(44.5859485957772,28.5566171258688,0.));
#8963=CARTESIAN_POINT('',(44.5859485957772,28.5566171258688,0.2));
#8964=CARTESIAN_POINT('Origin',(44.5859485957772,29.1817876696587,0.));
#8965=CARTESIAN_POINT('',(44.5859485957772,29.1817876696587,0.));
#8966=CARTESIAN_POINT('',(44.5859485957772,15.4483938348293,0.));
#8967=CARTESIAN_POINT('',(44.5859485957772,29.1817876696587,0.2));
#8968=CARTESIAN_POINT('',(44.5859485957772,29.1817876696587,0.));
#8969=CARTESIAN_POINT('',(44.5859485957772,29.1817876696587,0.2));
#8970=CARTESIAN_POINT('Ctrl Pts',(44.608458885923,29.3992160260677,0.));
#8971=CARTESIAN_POINT('Ctrl Pts',(44.608458885923,29.3992160260677,0.2));
#8972=CARTESIAN_POINT('Ctrl Pts',(44.6019890832632,29.3725902736222,0.));
#8973=CARTESIAN_POINT('Ctrl Pts',(44.6019890832632,29.3725902736222,0.2));
#8974=CARTESIAN_POINT('Ctrl Pts',(44.5846757647038,29.3013392388975,0.));
#8975=CARTESIAN_POINT('Ctrl Pts',(44.5846757647038,29.3013392388975,0.2));
#8976=CARTESIAN_POINT('Ctrl Pts',(44.5854584141127,29.2278283332053,0.));
#8977=CARTESIAN_POINT('Ctrl Pts',(44.5854584141127,29.2278283332053,0.2));
#8978=CARTESIAN_POINT('Ctrl Pts',(44.5859485957772,29.1817876696587,0.));
#8979=CARTESIAN_POINT('Ctrl Pts',(44.5859485957772,29.1817876696587,0.2));
#8980=CARTESIAN_POINT('',(44.608458885923,29.3992160260677,0.));
#8981=CARTESIAN_POINT('Ctrl Pts',(44.608458885923,29.3992160260677,0.));
#8982=CARTESIAN_POINT('Ctrl Pts',(44.6019890832632,29.3725902736222,0.));
#8983=CARTESIAN_POINT('Ctrl Pts',(44.5846757647038,29.3013392388975,0.));
#8984=CARTESIAN_POINT('Ctrl Pts',(44.5854584141127,29.2278283332053,0.));
#8985=CARTESIAN_POINT('Ctrl Pts',(44.5859485957772,29.1817876696587,0.));
#8986=CARTESIAN_POINT('',(44.608458885923,29.3992160260677,0.2));
#8987=CARTESIAN_POINT('',(44.608458885923,29.3992160260677,0.));
#8988=CARTESIAN_POINT('Ctrl Pts',(44.608458885923,29.3992160260677,0.2));
#8989=CARTESIAN_POINT('Ctrl Pts',(44.6019890832632,29.3725902736222,0.2));
#8990=CARTESIAN_POINT('Ctrl Pts',(44.5846757647038,29.3013392388975,0.2));
#8991=CARTESIAN_POINT('Ctrl Pts',(44.5854584141127,29.2278283332053,0.2));
#8992=CARTESIAN_POINT('Ctrl Pts',(44.5859485957772,29.1817876696587,0.2));
#8993=CARTESIAN_POINT('Ctrl Pts',(44.6862214896828,29.482606202364,0.));
#8994=CARTESIAN_POINT('Ctrl Pts',(44.6862214896828,29.482606202364,0.2));
#8995=CARTESIAN_POINT('Ctrl Pts',(44.6693040553714,29.4715038956802,0.));
#8996=CARTESIAN_POINT('Ctrl Pts',(44.6693040553714,29.4715038956802,0.2));
#8997=CARTESIAN_POINT('Ctrl Pts',(44.6365509092581,29.450009178082,0.));
#8998=CARTESIAN_POINT('Ctrl Pts',(44.6365509092581,29.450009178082,0.2));
#8999=CARTESIAN_POINT('Ctrl Pts',(44.6176144249613,29.4157701446727,0.));
#9000=CARTESIAN_POINT('Ctrl Pts',(44.6176144249613,29.4157701446727,0.2));
#9001=CARTESIAN_POINT('Ctrl Pts',(44.608458885923,29.3992160260677,0.));
#9002=CARTESIAN_POINT('Ctrl Pts',(44.608458885923,29.3992160260677,0.2));
#9003=CARTESIAN_POINT('',(44.6862214896828,29.482606202364,0.));
#9004=CARTESIAN_POINT('Ctrl Pts',(44.6862214896828,29.482606202364,0.));
#9005=CARTESIAN_POINT('Ctrl Pts',(44.6693040553714,29.4715038956802,0.));
#9006=CARTESIAN_POINT('Ctrl Pts',(44.6365509092581,29.450009178082,0.));
#9007=CARTESIAN_POINT('Ctrl Pts',(44.6176144249613,29.4157701446727,0.));
#9008=CARTESIAN_POINT('Ctrl Pts',(44.608458885923,29.3992160260677,0.));
#9009=CARTESIAN_POINT('',(44.6862214896828,29.482606202364,0.2));
#9010=CARTESIAN_POINT('',(44.6862214896828,29.482606202364,0.));
#9011=CARTESIAN_POINT('Ctrl Pts',(44.6862214896828,29.482606202364,0.2));
#9012=CARTESIAN_POINT('Ctrl Pts',(44.6693040553714,29.4715038956802,0.2));
#9013=CARTESIAN_POINT('Ctrl Pts',(44.6365509092581,29.450009178082,0.2));
#9014=CARTESIAN_POINT('Ctrl Pts',(44.6176144249613,29.4157701446727,0.2));
#9015=CARTESIAN_POINT('Ctrl Pts',(44.608458885923,29.3992160260677,0.2));
#9016=CARTESIAN_POINT('Ctrl Pts',(44.8417466972023,29.5143251121044,0.));
#9017=CARTESIAN_POINT('Ctrl Pts',(44.8417466972023,29.5143251121044,0.2));
#9018=CARTESIAN_POINT('Ctrl Pts',(44.8116206641358,29.5137457748294,0.));
#9019=CARTESIAN_POINT('Ctrl Pts',(44.8116206641358,29.5137457748294,0.2));
#9020=CARTESIAN_POINT('Ctrl Pts',(44.7576847680949,29.5127085630941,0.));
#9021=CARTESIAN_POINT('Ctrl Pts',(44.7576847680949,29.5127085630941,0.2));
#9022=CARTESIAN_POINT('Ctrl Pts',(44.7081073248492,29.4918251371749,0.));
#9023=CARTESIAN_POINT('Ctrl Pts',(44.7081073248492,29.4918251371749,0.2));
#9024=CARTESIAN_POINT('Ctrl Pts',(44.6862214896828,29.482606202364,0.));
#9025=CARTESIAN_POINT('Ctrl Pts',(44.6862214896828,29.482606202364,0.2));
#9026=CARTESIAN_POINT('',(44.8417466972023,29.5143251121044,0.));
#9027=CARTESIAN_POINT('Ctrl Pts',(44.8417466972023,29.5143251121044,0.));
#9028=CARTESIAN_POINT('Ctrl Pts',(44.8116206641358,29.5137457748294,0.));
#9029=CARTESIAN_POINT('Ctrl Pts',(44.7576847680949,29.5127085630941,0.));
#9030=CARTESIAN_POINT('Ctrl Pts',(44.7081073248492,29.4918251371749,0.));
#9031=CARTESIAN_POINT('Ctrl Pts',(44.6862214896828,29.482606202364,0.));
#9032=CARTESIAN_POINT('',(44.8417466972023,29.5143251121044,0.2));
#9033=CARTESIAN_POINT('',(44.8417466972023,29.5143251121044,0.));
#9034=CARTESIAN_POINT('Ctrl Pts',(44.8417466972023,29.5143251121044,0.2));
#9035=CARTESIAN_POINT('Ctrl Pts',(44.8116206641358,29.5137457748294,0.2));
#9036=CARTESIAN_POINT('Ctrl Pts',(44.7576847680949,29.5127085630941,0.2));
#9037=CARTESIAN_POINT('Ctrl Pts',(44.7081073248492,29.4918251371749,0.2));
#9038=CARTESIAN_POINT('Ctrl Pts',(44.6862214896828,29.482606202364,0.2));
#9039=CARTESIAN_POINT('Ctrl Pts',(44.9809008929878,29.4979541003704,0.));
#9040=CARTESIAN_POINT('Ctrl Pts',(44.9809008929878,29.4979541003704,0.2));
#9041=CARTESIAN_POINT('Ctrl Pts',(44.956421430418,29.5027228767444,0.));
#9042=CARTESIAN_POINT('Ctrl Pts',(44.956421430418,29.5027228767444,0.2));
#9043=CARTESIAN_POINT('Ctrl Pts',(44.9104367966101,29.5116810160271,0.));
#9044=CARTESIAN_POINT('Ctrl Pts',(44.9104367966101,29.5116810160271,0.2));
#9045=CARTESIAN_POINT('Ctrl Pts',(44.8636343341441,29.5134825887207,0.));
#9046=CARTESIAN_POINT('Ctrl Pts',(44.8636343341441,29.5134825887207,0.2));
#9047=CARTESIAN_POINT('Ctrl Pts',(44.8417466972023,29.5143251121044,0.));
#9048=CARTESIAN_POINT('Ctrl Pts',(44.8417466972023,29.5143251121044,0.2));
#9049=CARTESIAN_POINT('',(44.9809008929878,29.4979541003704,0.));
#9050=CARTESIAN_POINT('Ctrl Pts',(44.9809008929878,29.4979541003704,0.));
#9051=CARTESIAN_POINT('Ctrl Pts',(44.956421430418,29.5027228767444,0.));
#9052=CARTESIAN_POINT('Ctrl Pts',(44.9104367966101,29.5116810160271,0.));
#9053=CARTESIAN_POINT('Ctrl Pts',(44.8636343341441,29.5134825887207,0.));
#9054=CARTESIAN_POINT('Ctrl Pts',(44.8417466972023,29.5143251121044,0.));
#9055=CARTESIAN_POINT('',(44.9809008929878,29.4979541003704,0.2));
#9056=CARTESIAN_POINT('',(44.9809008929878,29.4979541003704,0.));
#9057=CARTESIAN_POINT('Ctrl Pts',(44.9809008929878,29.4979541003704,0.2));
#9058=CARTESIAN_POINT('Ctrl Pts',(44.956421430418,29.5027228767444,0.2));
#9059=CARTESIAN_POINT('Ctrl Pts',(44.9104367966101,29.5116810160271,0.2));
#9060=CARTESIAN_POINT('Ctrl Pts',(44.8636343341441,29.5134825887207,0.2));
#9061=CARTESIAN_POINT('Ctrl Pts',(44.8417466972023,29.5143251121044,0.2));
#9062=CARTESIAN_POINT('Origin',(44.9542969558388,29.3352665007114,0.));
#9063=CARTESIAN_POINT('',(44.9542969558388,29.3352665007114,0.));
#9064=CARTESIAN_POINT('',(42.5481183268189,14.6210750142096,0.));
#9065=CARTESIAN_POINT('',(44.9542969558388,29.3352665007114,0.2));
#9066=CARTESIAN_POINT('',(44.9542969558388,29.3352665007114,0.));
#9067=CARTESIAN_POINT('',(44.9542969558388,29.3352665007114,0.2));
#9068=CARTESIAN_POINT('Ctrl Pts',(44.873465904966,29.3424288928509,0.));
#9069=CARTESIAN_POINT('Ctrl Pts',(44.873465904966,29.3424288928509,0.2));
#9070=CARTESIAN_POINT('Ctrl Pts',(44.8853325205426,29.3420077272259,0.));
#9071=CARTESIAN_POINT('Ctrl Pts',(44.8853325205426,29.3420077272259,0.2));
#9072=CARTESIAN_POINT('Ctrl Pts',(44.912396643772,29.3410471771599,0.));
#9073=CARTESIAN_POINT('Ctrl Pts',(44.912396643772,29.3410471771599,0.2));
#9074=CARTESIAN_POINT('Ctrl Pts',(44.9392293803573,29.3373452627642,0.));
#9075=CARTESIAN_POINT('Ctrl Pts',(44.9392293803573,29.3373452627642,0.2));
#9076=CARTESIAN_POINT('Ctrl Pts',(44.9542969558388,29.3352665007114,0.));
#9077=CARTESIAN_POINT('Ctrl Pts',(44.9542969558388,29.3352665007114,0.2));
#9078=CARTESIAN_POINT('Ctrl Pts',(44.873465904966,29.3424288928509,0.));
#9079=CARTESIAN_POINT('Ctrl Pts',(44.8853325205426,29.3420077272259,0.));
#9080=CARTESIAN_POINT('Ctrl Pts',(44.912396643772,29.3410471771599,0.));
#9081=CARTESIAN_POINT('Ctrl Pts',(44.9392293803573,29.3373452627642,0.));
#9082=CARTESIAN_POINT('Ctrl Pts',(44.9542969558388,29.3352665007114,0.));
#9083=CARTESIAN_POINT('Ctrl Pts',(44.873465904966,29.3424288928509,0.2));
#9084=CARTESIAN_POINT('Ctrl Pts',(44.8853325205426,29.3420077272259,0.2));
#9085=CARTESIAN_POINT('Ctrl Pts',(44.912396643772,29.3410471771599,0.2));
#9086=CARTESIAN_POINT('Ctrl Pts',(44.9392293803573,29.3373452627642,0.2));
#9087=CARTESIAN_POINT('Ctrl Pts',(44.9542969558388,29.3352665007114,0.2));
#9088=CARTESIAN_POINT('Origin',(40.4440660076216,28.762278854847,0.2));
#9089=CARTESIAN_POINT('Ctrl Pts',(45.5825382564217,28.5402459651232,0.));
#9090=CARTESIAN_POINT('Ctrl Pts',(45.5825382564217,28.5402459651232,0.2));
#9091=CARTESIAN_POINT('Ctrl Pts',(45.5421207755328,28.5435993487212,0.));
#9092=CARTESIAN_POINT('Ctrl Pts',(45.5421207755328,28.5435993487212,0.2));
#9093=CARTESIAN_POINT('Ctrl Pts',(45.4623098941095,28.5502211493586,0.));
#9094=CARTESIAN_POINT('Ctrl Pts',(45.4623098941095,28.5502211493586,0.2));
#9095=CARTESIAN_POINT('Ctrl Pts',(45.3999716730754,28.6004023209839,0.));
#9096=CARTESIAN_POINT('Ctrl Pts',(45.3999716730754,28.6004023209839,0.2));
#9097=CARTESIAN_POINT('Ctrl Pts',(45.3692025039345,28.6251709610224,0.));
#9098=CARTESIAN_POINT('Ctrl Pts',(45.3692025039345,28.6251709610224,0.2));
#9099=CARTESIAN_POINT('',(45.5825382564217,28.5402459651232,0.));
#9100=CARTESIAN_POINT('',(45.3692025039345,28.6251709610224,0.));
#9101=CARTESIAN_POINT('Ctrl Pts',(45.5825382564217,28.5402459651232,0.));
#9102=CARTESIAN_POINT('Ctrl Pts',(45.5421207755328,28.5435993487212,0.));
#9103=CARTESIAN_POINT('Ctrl Pts',(45.4623098941095,28.5502211493586,0.));
#9104=CARTESIAN_POINT('Ctrl Pts',(45.3999716730754,28.6004023209839,0.));
#9105=CARTESIAN_POINT('Ctrl Pts',(45.3692025039345,28.6251709610224,0.));
#9106=CARTESIAN_POINT('',(45.5825382564217,28.5402459651232,0.2));
#9107=CARTESIAN_POINT('',(45.5825382564217,28.5402459651232,0.));
#9108=CARTESIAN_POINT('',(45.3692025039345,28.6251709610224,0.2));
#9109=CARTESIAN_POINT('Ctrl Pts',(45.5825382564217,28.5402459651232,0.2));
#9110=CARTESIAN_POINT('Ctrl Pts',(45.5421207755328,28.5435993487212,0.2));
#9111=CARTESIAN_POINT('Ctrl Pts',(45.4623098941095,28.5502211493586,0.2));
#9112=CARTESIAN_POINT('Ctrl Pts',(45.3999716730754,28.6004023209839,0.2));
#9113=CARTESIAN_POINT('Ctrl Pts',(45.3692025039345,28.6251709610224,0.2));
#9114=CARTESIAN_POINT('',(45.3692025039345,28.6251709610224,0.));
#9115=CARTESIAN_POINT('Ctrl Pts',(45.8107107970864,28.6466579884291,0.));
#9116=CARTESIAN_POINT('Ctrl Pts',(45.8107107970864,28.6466579884291,0.2));
#9117=CARTESIAN_POINT('Ctrl Pts',(45.779103846551,28.6156213346021,0.));
#9118=CARTESIAN_POINT('Ctrl Pts',(45.779103846551,28.6156213346021,0.2));
#9119=CARTESIAN_POINT('Ctrl Pts',(45.7156132153894,28.5532762900075,0.));
#9120=CARTESIAN_POINT('Ctrl Pts',(45.7156132153894,28.5532762900075,0.2));
#9121=CARTESIAN_POINT('Ctrl Pts',(45.6270252824515,28.5446020093166,0.));
#9122=CARTESIAN_POINT('Ctrl Pts',(45.6270252824515,28.5446020093166,0.2));
#9123=CARTESIAN_POINT('Ctrl Pts',(45.5825382564217,28.5402459651232,0.));
#9124=CARTESIAN_POINT('Ctrl Pts',(45.5825382564217,28.5402459651232,0.2));
#9125=CARTESIAN_POINT('',(45.8107107970864,28.6466579884291,0.));
#9126=CARTESIAN_POINT('Ctrl Pts',(45.8107107970864,28.6466579884291,0.));
#9127=CARTESIAN_POINT('Ctrl Pts',(45.779103846551,28.6156213346021,0.));
#9128=CARTESIAN_POINT('Ctrl Pts',(45.7156132153894,28.5532762900075,0.));
#9129=CARTESIAN_POINT('Ctrl Pts',(45.6270252824515,28.5446020093166,0.));
#9130=CARTESIAN_POINT('Ctrl Pts',(45.5825382564217,28.5402459651232,0.));
#9131=CARTESIAN_POINT('',(45.8107107970864,28.6466579884291,0.2));
#9132=CARTESIAN_POINT('',(45.8107107970864,28.6466579884291,0.));
#9133=CARTESIAN_POINT('Ctrl Pts',(45.8107107970864,28.6466579884291,0.2));
#9134=CARTESIAN_POINT('Ctrl Pts',(45.779103846551,28.6156213346021,0.2));
#9135=CARTESIAN_POINT('Ctrl Pts',(45.7156132153894,28.5532762900075,0.2));
#9136=CARTESIAN_POINT('Ctrl Pts',(45.6270252824515,28.5446020093166,0.2));
#9137=CARTESIAN_POINT('Ctrl Pts',(45.5825382564217,28.5402459651232,0.2));
#9138=CARTESIAN_POINT('Ctrl Pts',(45.8802872989327,28.8523196429014,0.));
#9139=CARTESIAN_POINT('Ctrl Pts',(45.8802872989327,28.8523196429014,0.2));
#9140=CARTESIAN_POINT('Ctrl Pts',(45.8756294467343,28.811190567899,0.));
#9141=CARTESIAN_POINT('Ctrl Pts',(45.8756294467343,28.811190567899,0.2));
#9142=CARTESIAN_POINT('Ctrl Pts',(45.8672653415527,28.7373350880152,0.));
#9143=CARTESIAN_POINT('Ctrl Pts',(45.8672653415527,28.7373350880152,0.2));
#9144=CARTESIAN_POINT('Ctrl Pts',(45.8280761019331,28.674500763785,0.));
#9145=CARTESIAN_POINT('Ctrl Pts',(45.8280761019331,28.674500763785,0.2));
#9146=CARTESIAN_POINT('Ctrl Pts',(45.8107107970864,28.6466579884291,0.));
#9147=CARTESIAN_POINT('Ctrl Pts',(45.8107107970864,28.6466579884291,0.2));
#9148=CARTESIAN_POINT('',(45.8802872989327,28.8523196429014,0.));
#9149=CARTESIAN_POINT('Ctrl Pts',(45.8802872989327,28.8523196429014,0.));
#9150=CARTESIAN_POINT('Ctrl Pts',(45.8756294467343,28.811190567899,0.));
#9151=CARTESIAN_POINT('Ctrl Pts',(45.8672653415527,28.7373350880152,0.));
#9152=CARTESIAN_POINT('Ctrl Pts',(45.8280761019331,28.674500763785,0.));
#9153=CARTESIAN_POINT('Ctrl Pts',(45.8107107970864,28.6466579884291,0.));
#9154=CARTESIAN_POINT('',(45.8802872989327,28.8523196429014,0.2));
#9155=CARTESIAN_POINT('',(45.8802872989327,28.8523196429014,0.));
#9156=CARTESIAN_POINT('Ctrl Pts',(45.8802872989327,28.8523196429014,0.2));
#9157=CARTESIAN_POINT('Ctrl Pts',(45.8756294467343,28.811190567899,0.2));
#9158=CARTESIAN_POINT('Ctrl Pts',(45.8672653415527,28.7373350880152,0.2));
#9159=CARTESIAN_POINT('Ctrl Pts',(45.8280761019331,28.674500763785,0.2));
#9160=CARTESIAN_POINT('Ctrl Pts',(45.8107107970864,28.6466579884291,0.2));
#9161=CARTESIAN_POINT('Origin',(45.2735346648842,28.8523196429014,0.));
#9162=CARTESIAN_POINT('',(45.2735346648842,28.8523196429014,0.));
#9163=CARTESIAN_POINT('',(37.1792673324421,28.8523196429014,0.));
#9164=CARTESIAN_POINT('',(45.2735346648842,28.8523196429014,0.2));
#9165=CARTESIAN_POINT('',(45.2735346648842,28.8523196429014,0.));
#9166=CARTESIAN_POINT('',(45.2735346648842,28.8523196429014,0.2));
#9167=CARTESIAN_POINT('Ctrl Pts',(45.3692025039345,28.6251709610224,0.));
#9168=CARTESIAN_POINT('Ctrl Pts',(45.3692025039345,28.6251709610224,0.2));
#9169=CARTESIAN_POINT('Ctrl Pts',(45.343551487149,28.6568445529747,0.));
#9170=CARTESIAN_POINT('Ctrl Pts',(45.343551487149,28.6568445529747,0.2));
#9171=CARTESIAN_POINT('Ctrl Pts',(45.2898494919583,28.7231551829557,0.));
#9172=CARTESIAN_POINT('Ctrl Pts',(45.2898494919583,28.7231551829557,0.2));
#9173=CARTESIAN_POINT('Ctrl Pts',(45.2791325880154,28.8080008943924,0.));
#9174=CARTESIAN_POINT('Ctrl Pts',(45.2791325880154,28.8080008943924,0.2));
#9175=CARTESIAN_POINT('Ctrl Pts',(45.2735346648842,28.8523196429014,0.));
#9176=CARTESIAN_POINT('Ctrl Pts',(45.2735346648842,28.8523196429014,0.2));
#9177=CARTESIAN_POINT('Ctrl Pts',(45.3692025039345,28.6251709610224,0.));
#9178=CARTESIAN_POINT('Ctrl Pts',(45.343551487149,28.6568445529747,0.));
#9179=CARTESIAN_POINT('Ctrl Pts',(45.2898494919583,28.7231551829557,0.));
#9180=CARTESIAN_POINT('Ctrl Pts',(45.2791325880154,28.8080008943924,0.));
#9181=CARTESIAN_POINT('Ctrl Pts',(45.2735346648842,28.8523196429014,0.));
#9182=CARTESIAN_POINT('Ctrl Pts',(45.3692025039345,28.6251709610224,0.2));
#9183=CARTESIAN_POINT('Ctrl Pts',(45.343551487149,28.6568445529747,0.2));
#9184=CARTESIAN_POINT('Ctrl Pts',(45.2898494919583,28.7231551829557,0.2));
#9185=CARTESIAN_POINT('Ctrl Pts',(45.2791325880154,28.8080008943924,0.2));
#9186=CARTESIAN_POINT('Ctrl Pts',(45.2735346648842,28.8523196429014,0.2));
#9187=CARTESIAN_POINT('Ctrl Pts',(45.5917471740395,29.3731246888638,0.));
#9188=CARTESIAN_POINT('Ctrl Pts',(45.5917471740395,29.3731246888638,0.2));
#9189=CARTESIAN_POINT('Ctrl Pts',(45.6238356743371,29.3712270500119,0.));
#9190=CARTESIAN_POINT('Ctrl Pts',(45.6238356743371,29.3712270500119,0.2));
#9191=CARTESIAN_POINT('Ctrl Pts',(45.6858905615931,29.3675572691274,0.));
#9192=CARTESIAN_POINT('Ctrl Pts',(45.6858905615931,29.3675572691274,0.2));
#9193=CARTESIAN_POINT('Ctrl Pts',(45.7390140152197,29.3354319578979,0.));
#9194=CARTESIAN_POINT('Ctrl Pts',(45.7390140152197,29.3354319578979,0.2));
#9195=CARTESIAN_POINT('Ctrl Pts',(45.7646674010903,29.319918602705,0.));
#9196=CARTESIAN_POINT('Ctrl Pts',(45.7646674010903,29.319918602705,0.2));
#9197=CARTESIAN_POINT('',(45.5917471740395,29.3731246888638,0.));
#9198=CARTESIAN_POINT('',(45.7646674010903,29.319918602705,0.));
#9199=CARTESIAN_POINT('Ctrl Pts',(45.5917471740395,29.3731246888638,0.));
#9200=CARTESIAN_POINT('Ctrl Pts',(45.6238356743371,29.3712270500119,0.));
#9201=CARTESIAN_POINT('Ctrl Pts',(45.6858905615931,29.3675572691274,0.));
#9202=CARTESIAN_POINT('Ctrl Pts',(45.7390140152197,29.3354319578979,0.));
#9203=CARTESIAN_POINT('Ctrl Pts',(45.7646674010903,29.319918602705,0.));
#9204=CARTESIAN_POINT('',(45.5917471740395,29.3731246888638,0.2));
#9205=CARTESIAN_POINT('',(45.5917471740395,29.3731246888638,0.));
#9206=CARTESIAN_POINT('',(45.7646674010903,29.319918602705,0.2));
#9207=CARTESIAN_POINT('Ctrl Pts',(45.5917471740395,29.3731246888638,0.2));
#9208=CARTESIAN_POINT('Ctrl Pts',(45.6238356743371,29.3712270500119,0.2));
#9209=CARTESIAN_POINT('Ctrl Pts',(45.6858905615931,29.3675572691274,0.2));
#9210=CARTESIAN_POINT('Ctrl Pts',(45.7390140152197,29.3354319578979,0.2));
#9211=CARTESIAN_POINT('Ctrl Pts',(45.7646674010903,29.319918602705,0.2));
#9212=CARTESIAN_POINT('',(45.7646674010903,29.319918602705,0.));
#9213=CARTESIAN_POINT('Ctrl Pts',(45.3645986411721,29.2779676616192,0.));
#9214=CARTESIAN_POINT('Ctrl Pts',(45.3645986411721,29.2779676616192,0.2));
#9215=CARTESIAN_POINT('Ctrl Pts',(45.3970353253271,29.3057211989687,0.));
#9216=CARTESIAN_POINT('Ctrl Pts',(45.3970353253271,29.3057211989687,0.2));
#9217=CARTESIAN_POINT('Ctrl Pts',(45.4625131757706,29.3617454818196,0.));
#9218=CARTESIAN_POINT('Ctrl Pts',(45.4625131757706,29.3617454818196,0.2));
#9219=CARTESIAN_POINT('Ctrl Pts',(45.5484048613716,29.3693083467539,0.));
#9220=CARTESIAN_POINT('Ctrl Pts',(45.5484048613716,29.3693083467539,0.2));
#9221=CARTESIAN_POINT('Ctrl Pts',(45.5917471740395,29.3731246888638,0.));
#9222=CARTESIAN_POINT('Ctrl Pts',(45.5917471740395,29.3731246888638,0.2));
#9223=CARTESIAN_POINT('',(45.3645986411721,29.2779676616192,0.));
#9224=CARTESIAN_POINT('Ctrl Pts',(45.3645986411721,29.2779676616192,0.));
#9225=CARTESIAN_POINT('Ctrl Pts',(45.3970353253271,29.3057211989687,0.));
#9226=CARTESIAN_POINT('Ctrl Pts',(45.4625131757706,29.3617454818196,0.));
#9227=CARTESIAN_POINT('Ctrl Pts',(45.5484048613716,29.3693083467539,0.));
#9228=CARTESIAN_POINT('Ctrl Pts',(45.5917471740395,29.3731246888638,0.));
#9229=CARTESIAN_POINT('',(45.3645986411721,29.2779676616192,0.2));
#9230=CARTESIAN_POINT('',(45.3645986411721,29.2779676616192,0.));
#9231=CARTESIAN_POINT('Ctrl Pts',(45.3645986411721,29.2779676616192,0.2));
#9232=CARTESIAN_POINT('Ctrl Pts',(45.3970353253271,29.3057211989687,0.2));
#9233=CARTESIAN_POINT('Ctrl Pts',(45.4625131757706,29.3617454818196,0.2));
#9234=CARTESIAN_POINT('Ctrl Pts',(45.5484048613716,29.3693083467539,0.2));
#9235=CARTESIAN_POINT('Ctrl Pts',(45.5917471740395,29.3731246888638,0.2));
#9236=CARTESIAN_POINT('Ctrl Pts',(45.2633029315621,29.0037521719933,0.));
#9237=CARTESIAN_POINT('Ctrl Pts',(45.2633029315621,29.0037521719933,0.2));
#9238=CARTESIAN_POINT('Ctrl Pts',(45.26862512781,29.0583124747023,0.));
#9239=CARTESIAN_POINT('Ctrl Pts',(45.26862512781,29.0583124747023,0.2));
#9240=CARTESIAN_POINT('Ctrl Pts',(45.2784448075297,29.1589785668679,0.));
#9241=CARTESIAN_POINT('Ctrl Pts',(45.2784448075297,29.1589785668679,0.2));
#9242=CARTESIAN_POINT('Ctrl Pts',(45.337534938841,29.2405893430367,0.));
#9243=CARTESIAN_POINT('Ctrl Pts',(45.337534938841,29.2405893430367,0.2));
#9244=CARTESIAN_POINT('Ctrl Pts',(45.3645986411721,29.2779676616192,0.));
#9245=CARTESIAN_POINT('Ctrl Pts',(45.3645986411721,29.2779676616192,0.2));
#9246=CARTESIAN_POINT('',(45.2633029315621,29.0037521719933,0.));
#9247=CARTESIAN_POINT('Ctrl Pts',(45.2633029315621,29.0037521719933,0.));
#9248=CARTESIAN_POINT('Ctrl Pts',(45.26862512781,29.0583124747023,0.));
#9249=CARTESIAN_POINT('Ctrl Pts',(45.2784448075297,29.1589785668679,0.));
#9250=CARTESIAN_POINT('Ctrl Pts',(45.337534938841,29.2405893430367,0.));
#9251=CARTESIAN_POINT('Ctrl Pts',(45.3645986411721,29.2779676616192,0.));
#9252=CARTESIAN_POINT('',(45.2633029315621,29.0037521719933,0.2));
#9253=CARTESIAN_POINT('',(45.2633029315621,29.0037521719933,0.));
#9254=CARTESIAN_POINT('Ctrl Pts',(45.2633029315621,29.0037521719933,0.2));
#9255=CARTESIAN_POINT('Ctrl Pts',(45.26862512781,29.0583124747023,0.2));
#9256=CARTESIAN_POINT('Ctrl Pts',(45.2784448075297,29.1589785668679,0.2));
#9257=CARTESIAN_POINT('Ctrl Pts',(45.337534938841,29.2405893430367,0.2));
#9258=CARTESIAN_POINT('Ctrl Pts',(45.3645986411721,29.2779676616192,0.2));
#9259=CARTESIAN_POINT('Origin',(46.0736709926277,29.0037521719933,0.));
#9260=CARTESIAN_POINT('',(46.0736709926277,29.0037521719933,0.));
#9261=CARTESIAN_POINT('',(37.5793354963139,29.0037521719933,0.));
#9262=CARTESIAN_POINT('',(46.0736709926277,29.0037521719933,0.2));
#9263=CARTESIAN_POINT('',(46.0736709926277,29.0037521719933,0.));
#9264=CARTESIAN_POINT('',(46.0736709926277,29.0037521719933,0.2));
#9265=CARTESIAN_POINT('Ctrl Pts',(46.0746938083321,28.9546389877796,0.));
#9266=CARTESIAN_POINT('Ctrl Pts',(46.0746938083321,28.9546389877796,0.2));
#9267=CARTESIAN_POINT('Ctrl Pts',(46.0746291229872,28.9614606421609,0.));
#9268=CARTESIAN_POINT('Ctrl Pts',(46.0746291229872,28.9614606421609,0.2));
#9269=CARTESIAN_POINT('Ctrl Pts',(46.0744738522191,28.9778353483111,0.));
#9270=CARTESIAN_POINT('Ctrl Pts',(46.0744738522191,28.9778353483111,0.2));
#9271=CARTESIAN_POINT('Ctrl Pts',(46.0739668052955,28.994203148931,0.));
#9272=CARTESIAN_POINT('Ctrl Pts',(46.0739668052955,28.994203148931,0.2));
#9273=CARTESIAN_POINT('Ctrl Pts',(46.0736709926277,29.0037521719933,0.));
#9274=CARTESIAN_POINT('Ctrl Pts',(46.0736709926277,29.0037521719933,0.2));
#9275=CARTESIAN_POINT('',(46.0746938083321,28.9546389877796,0.));
#9276=CARTESIAN_POINT('Ctrl Pts',(46.0746938083321,28.9546389877796,0.));
#9277=CARTESIAN_POINT('Ctrl Pts',(46.0746291229872,28.9614606421609,0.));
#9278=CARTESIAN_POINT('Ctrl Pts',(46.0744738522191,28.9778353483111,0.));
#9279=CARTESIAN_POINT('Ctrl Pts',(46.0739668052955,28.994203148931,0.));
#9280=CARTESIAN_POINT('Ctrl Pts',(46.0736709926277,29.0037521719933,0.));
#9281=CARTESIAN_POINT('',(46.0746938083321,28.9546389877796,0.2));
#9282=CARTESIAN_POINT('',(46.0746938083321,28.9546389877796,0.));
#9283=CARTESIAN_POINT('Ctrl Pts',(46.0746938083321,28.9546389877796,0.2));
#9284=CARTESIAN_POINT('Ctrl Pts',(46.0746291229872,28.9614606421609,0.2));
#9285=CARTESIAN_POINT('Ctrl Pts',(46.0744738522191,28.9778353483111,0.2));
#9286=CARTESIAN_POINT('Ctrl Pts',(46.0739668052955,28.994203148931,0.2));
#9287=CARTESIAN_POINT('Ctrl Pts',(46.0736709926277,29.0037521719933,0.2));
#9288=CARTESIAN_POINT('Ctrl Pts',(45.9365636203438,28.537176400423,0.));
#9289=CARTESIAN_POINT('Ctrl Pts',(45.9365636203438,28.537176400423,0.2));
#9290=CARTESIAN_POINT('Ctrl Pts',(45.9767864748788,28.5947134097422,0.));
#9291=CARTESIAN_POINT('Ctrl Pts',(45.9767864748788,28.5947134097422,0.2));
#9292=CARTESIAN_POINT('Ctrl Pts',(46.0640467538163,28.7195353683144,0.));
#9293=CARTESIAN_POINT('Ctrl Pts',(46.0640467538163,28.7195353683144,0.2));
#9294=CARTESIAN_POINT('Ctrl Pts',(46.0709647049339,28.8722945511115,0.));
#9295=CARTESIAN_POINT('Ctrl Pts',(46.0709647049339,28.8722945511115,0.2));
#9296=CARTESIAN_POINT('Ctrl Pts',(46.0746938083321,28.9546389877796,0.));
#9297=CARTESIAN_POINT('Ctrl Pts',(46.0746938083321,28.9546389877796,0.2));
#9298=CARTESIAN_POINT('',(45.9365636203438,28.537176400423,0.));
#9299=CARTESIAN_POINT('Ctrl Pts',(45.9365636203438,28.537176400423,0.));
#9300=CARTESIAN_POINT('Ctrl Pts',(45.9767864748788,28.5947134097422,0.));
#9301=CARTESIAN_POINT('Ctrl Pts',(46.0640467538163,28.7195353683144,0.));
#9302=CARTESIAN_POINT('Ctrl Pts',(46.0709647049339,28.8722945511115,0.));
#9303=CARTESIAN_POINT('Ctrl Pts',(46.0746938083321,28.9546389877796,0.));
#9304=CARTESIAN_POINT('',(45.9365636203438,28.537176400423,0.2));
#9305=CARTESIAN_POINT('',(45.9365636203438,28.537176400423,0.));
#9306=CARTESIAN_POINT('Ctrl Pts',(45.9365636203438,28.537176400423,0.2));
#9307=CARTESIAN_POINT('Ctrl Pts',(45.9767864748788,28.5947134097422,0.2));
#9308=CARTESIAN_POINT('Ctrl Pts',(46.0640467538163,28.7195353683144,0.2));
#9309=CARTESIAN_POINT('Ctrl Pts',(46.0709647049339,28.8722945511115,0.2));
#9310=CARTESIAN_POINT('Ctrl Pts',(46.0746938083321,28.9546389877796,0.2));
#9311=CARTESIAN_POINT('Ctrl Pts',(45.580492625013,28.3888135105371,0.));
#9312=CARTESIAN_POINT('Ctrl Pts',(45.580492625013,28.3888135105371,0.2));
#9313=CARTESIAN_POINT('Ctrl Pts',(45.6493178926806,28.394471040944,0.));
#9314=CARTESIAN_POINT('Ctrl Pts',(45.6493178926806,28.394471040944,0.2));
#9315=CARTESIAN_POINT('Ctrl Pts',(45.7841961054004,28.4055582130762,0.));
#9316=CARTESIAN_POINT('Ctrl Pts',(45.7841961054004,28.4055582130762,0.2));
#9317=CARTESIAN_POINT('Ctrl Pts',(45.886475205964,28.4939089998213,0.));
#9318=CARTESIAN_POINT('Ctrl Pts',(45.886475205964,28.4939089998213,0.2));
#9319=CARTESIAN_POINT('Ctrl Pts',(45.9365636203438,28.537176400423,0.));
#9320=CARTESIAN_POINT('Ctrl Pts',(45.9365636203438,28.537176400423,0.2));
#9321=CARTESIAN_POINT('',(45.580492625013,28.3888135105371,0.));
#9322=CARTESIAN_POINT('Ctrl Pts',(45.580492625013,28.3888135105371,0.));
#9323=CARTESIAN_POINT('Ctrl Pts',(45.6493178926806,28.394471040944,0.));
#9324=CARTESIAN_POINT('Ctrl Pts',(45.7841961054004,28.4055582130762,0.));
#9325=CARTESIAN_POINT('Ctrl Pts',(45.886475205964,28.4939089998213,0.));
#9326=CARTESIAN_POINT('Ctrl Pts',(45.9365636203438,28.537176400423,0.));
#9327=CARTESIAN_POINT('',(45.580492625013,28.3888135105371,0.2));
#9328=CARTESIAN_POINT('',(45.580492625013,28.3888135105371,0.));
#9329=CARTESIAN_POINT('Ctrl Pts',(45.580492625013,28.3888135105371,0.2));
#9330=CARTESIAN_POINT('Ctrl Pts',(45.6493178926806,28.394471040944,0.2));
#9331=CARTESIAN_POINT('Ctrl Pts',(45.7841961054004,28.4055582130762,0.2));
#9332=CARTESIAN_POINT('Ctrl Pts',(45.886475205964,28.4939089998213,0.2));
#9333=CARTESIAN_POINT('Ctrl Pts',(45.9365636203438,28.537176400423,0.2));
#9334=CARTESIAN_POINT('Ctrl Pts',(45.21418989636,28.5402459651232,0.));
#9335=CARTESIAN_POINT('Ctrl Pts',(45.21418989636,28.5402459651232,0.2));
#9336=CARTESIAN_POINT('Ctrl Pts',(45.2656048475717,28.4960850968522,0.));
#9337=CARTESIAN_POINT('Ctrl Pts',(45.2656048475717,28.4960850968522,0.2));
#9338=CARTESIAN_POINT('Ctrl Pts',(45.3709322696306,28.4056182131685,0.));
#9339=CARTESIAN_POINT('Ctrl Pts',(45.3709322696306,28.4056182131685,0.2));
#9340=CARTESIAN_POINT('Ctrl Pts',(45.5095435911741,28.3945029331069,0.));
#9341=CARTESIAN_POINT('Ctrl Pts',(45.5095435911741,28.3945029331069,0.2));
#9342=CARTESIAN_POINT('Ctrl Pts',(45.580492625013,28.3888135105371,0.));
#9343=CARTESIAN_POINT('Ctrl Pts',(45.580492625013,28.3888135105371,0.2));
#9344=CARTESIAN_POINT('',(45.21418989636,28.5402459651232,0.));
#9345=CARTESIAN_POINT('Ctrl Pts',(45.21418989636,28.5402459651232,0.));
#9346=CARTESIAN_POINT('Ctrl Pts',(45.2656048475717,28.4960850968522,0.));
#9347=CARTESIAN_POINT('Ctrl Pts',(45.3709322696306,28.4056182131685,0.));
#9348=CARTESIAN_POINT('Ctrl Pts',(45.5095435911741,28.3945029331069,0.));
#9349=CARTESIAN_POINT('Ctrl Pts',(45.580492625013,28.3888135105371,0.));
#9350=CARTESIAN_POINT('',(45.21418989636,28.5402459651232,0.2));
#9351=CARTESIAN_POINT('',(45.21418989636,28.5402459651232,0.));
#9352=CARTESIAN_POINT('Ctrl Pts',(45.21418989636,28.5402459651232,0.2));
#9353=CARTESIAN_POINT('Ctrl Pts',(45.2656048475717,28.4960850968522,0.2));
#9354=CARTESIAN_POINT('Ctrl Pts',(45.3709322696306,28.4056182131685,0.2));
#9355=CARTESIAN_POINT('Ctrl Pts',(45.5095435911741,28.3945029331069,0.2));
#9356=CARTESIAN_POINT('Ctrl Pts',(45.580492625013,28.3888135105371,0.2));
#9357=CARTESIAN_POINT('Ctrl Pts',(45.0729888770729,28.9658941328526,0.));
#9358=CARTESIAN_POINT('Ctrl Pts',(45.0729888770729,28.9658941328526,0.2));
#9359=CARTESIAN_POINT('Ctrl Pts',(45.0768193356036,28.8819552439752,0.));
#9360=CARTESIAN_POINT('Ctrl Pts',(45.0768193356036,28.8819552439752,0.2));
#9361=CARTESIAN_POINT('Ctrl Pts',(45.0839294049978,28.7261484861155,0.));
#9362=CARTESIAN_POINT('Ctrl Pts',(45.0839294049978,28.7261484861155,0.2));
#9363=CARTESIAN_POINT('Ctrl Pts',(45.1730718145753,28.5989280335095,0.));
#9364=CARTESIAN_POINT('Ctrl Pts',(45.1730718145753,28.5989280335095,0.2));
#9365=CARTESIAN_POINT('Ctrl Pts',(45.21418989636,28.5402459651232,0.));
#9366=CARTESIAN_POINT('Ctrl Pts',(45.21418989636,28.5402459651232,0.2));
#9367=CARTESIAN_POINT('',(45.0729888770729,28.9658941328526,0.));
#9368=CARTESIAN_POINT('Ctrl Pts',(45.0729888770729,28.9658941328526,0.));
#9369=CARTESIAN_POINT('Ctrl Pts',(45.0768193356036,28.8819552439752,0.));
#9370=CARTESIAN_POINT('Ctrl Pts',(45.0839294049978,28.7261484861155,0.));
#9371=CARTESIAN_POINT('Ctrl Pts',(45.1730718145753,28.5989280335095,0.));
#9372=CARTESIAN_POINT('Ctrl Pts',(45.21418989636,28.5402459651232,0.));
#9373=CARTESIAN_POINT('',(45.0729888770729,28.9658941328526,0.2));
#9374=CARTESIAN_POINT('',(45.0729888770729,28.9658941328526,0.));
#9375=CARTESIAN_POINT('Ctrl Pts',(45.0729888770729,28.9658941328526,0.2));
#9376=CARTESIAN_POINT('Ctrl Pts',(45.0768193356036,28.8819552439752,0.2));
#9377=CARTESIAN_POINT('Ctrl Pts',(45.0839294049978,28.7261484861155,0.2));
#9378=CARTESIAN_POINT('Ctrl Pts',(45.1730718145753,28.5989280335095,0.2));
#9379=CARTESIAN_POINT('Ctrl Pts',(45.21418989636,28.5402459651232,0.2));
#9380=CARTESIAN_POINT('Ctrl Pts',(45.2126544807106,29.377728998661,0.));
#9381=CARTESIAN_POINT('Ctrl Pts',(45.2126544807106,29.377728998661,0.2));
#9382=CARTESIAN_POINT('Ctrl Pts',(45.1719784026663,29.3209856596106,0.));
#9383=CARTESIAN_POINT('Ctrl Pts',(45.1719784026663,29.3209856596106,0.2));
#9384=CARTESIAN_POINT('Ctrl Pts',(45.0841018315974,29.1983973888998,0.));
#9385=CARTESIAN_POINT('Ctrl Pts',(45.0841018315974,29.1983973888998,0.2));
#9386=CARTESIAN_POINT('Ctrl Pts',(45.0768721191025,29.0471386312349,0.));
#9387=CARTESIAN_POINT('Ctrl Pts',(45.0768721191025,29.0471386312349,0.2));
#9388=CARTESIAN_POINT('Ctrl Pts',(45.0729888770729,28.9658941328526,0.));
#9389=CARTESIAN_POINT('Ctrl Pts',(45.0729888770729,28.9658941328526,0.2));
#9390=CARTESIAN_POINT('',(45.2126544807106,29.377728998661,0.));
#9391=CARTESIAN_POINT('Ctrl Pts',(45.2126544807106,29.377728998661,0.));
#9392=CARTESIAN_POINT('Ctrl Pts',(45.1719784026663,29.3209856596106,0.));
#9393=CARTESIAN_POINT('Ctrl Pts',(45.0841018315974,29.1983973888998,0.));
#9394=CARTESIAN_POINT('Ctrl Pts',(45.0768721191025,29.0471386312349,0.));
#9395=CARTESIAN_POINT('Ctrl Pts',(45.0729888770729,28.9658941328526,0.));
#9396=CARTESIAN_POINT('',(45.2126544807106,29.377728998661,0.2));
#9397=CARTESIAN_POINT('',(45.2126544807106,29.377728998661,0.));
#9398=CARTESIAN_POINT('Ctrl Pts',(45.2126544807106,29.377728998661,0.2));
#9399=CARTESIAN_POINT('Ctrl Pts',(45.1719784026663,29.3209856596106,0.2));
#9400=CARTESIAN_POINT('Ctrl Pts',(45.0841018315974,29.1983973888998,0.2));
#9401=CARTESIAN_POINT('Ctrl Pts',(45.0768721191025,29.0471386312349,0.2));
#9402=CARTESIAN_POINT('Ctrl Pts',(45.0729888770729,28.9658941328526,0.2));
#9403=CARTESIAN_POINT('Ctrl Pts',(45.5907243583351,29.5245571434498,0.));
#9404=CARTESIAN_POINT('Ctrl Pts',(45.5907243583351,29.5245571434498,0.2));
#9405=CARTESIAN_POINT('Ctrl Pts',(45.5165585943387,29.5196424032011,0.));
#9406=CARTESIAN_POINT('Ctrl Pts',(45.5165585943387,29.5196424032011,0.2));
#9407=CARTESIAN_POINT('Ctrl Pts',(45.3747310324342,29.510243920811,0.));
#9408=CARTESIAN_POINT('Ctrl Pts',(45.3747310324342,29.510243920811,0.2));
#9409=CARTESIAN_POINT('Ctrl Pts',(45.2650026806296,29.4205292530049,0.));
#9410=CARTESIAN_POINT('Ctrl Pts',(45.2650026806296,29.4205292530049,0.2));
#9411=CARTESIAN_POINT('Ctrl Pts',(45.2126544807106,29.377728998661,0.));
#9412=CARTESIAN_POINT('Ctrl Pts',(45.2126544807106,29.377728998661,0.2));
#9413=CARTESIAN_POINT('',(45.5907243583351,29.5245571434498,0.));
#9414=CARTESIAN_POINT('Ctrl Pts',(45.5907243583351,29.5245571434498,0.));
#9415=CARTESIAN_POINT('Ctrl Pts',(45.5165585943387,29.5196424032011,0.));
#9416=CARTESIAN_POINT('Ctrl Pts',(45.3747310324342,29.510243920811,0.));
#9417=CARTESIAN_POINT('Ctrl Pts',(45.2650026806296,29.4205292530049,0.));
#9418=CARTESIAN_POINT('Ctrl Pts',(45.2126544807106,29.377728998661,0.));
#9419=CARTESIAN_POINT('',(45.5907243583351,29.5245571434498,0.2));
#9420=CARTESIAN_POINT('',(45.5907243583351,29.5245571434498,0.));
#9421=CARTESIAN_POINT('Ctrl Pts',(45.5907243583351,29.5245571434498,0.2));
#9422=CARTESIAN_POINT('Ctrl Pts',(45.5165585943387,29.5196424032011,0.2));
#9423=CARTESIAN_POINT('Ctrl Pts',(45.3747310324342,29.510243920811,0.2));
#9424=CARTESIAN_POINT('Ctrl Pts',(45.2650026806296,29.4205292530049,0.2));
#9425=CARTESIAN_POINT('Ctrl Pts',(45.2126544807106,29.377728998661,0.2));
#9426=CARTESIAN_POINT('Ctrl Pts',(45.9017747733742,29.4324697554111,0.));
#9427=CARTESIAN_POINT('Ctrl Pts',(45.9017747733742,29.4324697554111,0.2));
#9428=CARTESIAN_POINT('Ctrl Pts',(45.8567292893574,29.4593042450704,0.));
#9429=CARTESIAN_POINT('Ctrl Pts',(45.8567292893574,29.4593042450704,0.2));
#9430=CARTESIAN_POINT('Ctrl Pts',(45.7610997746604,29.5162726466596,0.));
#9431=CARTESIAN_POINT('Ctrl Pts',(45.7610997746604,29.5162726466596,0.2));
#9432=CARTESIAN_POINT('Ctrl Pts',(45.6496674286527,29.521691039364,0.));
#9433=CARTESIAN_POINT('Ctrl Pts',(45.6496674286527,29.521691039364,0.2));
#9434=CARTESIAN_POINT('Ctrl Pts',(45.5907243583351,29.5245571434498,0.));
#9435=CARTESIAN_POINT('Ctrl Pts',(45.5907243583351,29.5245571434498,0.2));
#9436=CARTESIAN_POINT('',(45.9017747733742,29.4324697554111,0.));
#9437=CARTESIAN_POINT('Ctrl Pts',(45.9017747733742,29.4324697554111,0.));
#9438=CARTESIAN_POINT('Ctrl Pts',(45.8567292893574,29.4593042450704,0.));
#9439=CARTESIAN_POINT('Ctrl Pts',(45.7610997746604,29.5162726466596,0.));
#9440=CARTESIAN_POINT('Ctrl Pts',(45.6496674286527,29.521691039364,0.));
#9441=CARTESIAN_POINT('Ctrl Pts',(45.5907243583351,29.5245571434498,0.));
#9442=CARTESIAN_POINT('',(45.9017747733742,29.4324697554111,0.2));
#9443=CARTESIAN_POINT('',(45.9017747733742,29.4324697554111,0.));
#9444=CARTESIAN_POINT('Ctrl Pts',(45.9017747733742,29.4324697554111,0.2));
#9445=CARTESIAN_POINT('Ctrl Pts',(45.8567292893574,29.4593042450704,0.2));
#9446=CARTESIAN_POINT('Ctrl Pts',(45.7610997746604,29.5162726466596,0.2));
#9447=CARTESIAN_POINT('Ctrl Pts',(45.6496674286527,29.521691039364,0.2));
#9448=CARTESIAN_POINT('Ctrl Pts',(45.5907243583351,29.5245571434498,0.2));
#9449=CARTESIAN_POINT('Ctrl Pts',(46.0685545299202,29.1736021637917,0.));
#9450=CARTESIAN_POINT('Ctrl Pts',(46.0685545299202,29.1736021637917,0.2));
#9451=CARTESIAN_POINT('Ctrl Pts',(46.0510697641891,29.2255265078465,0.));
#9452=CARTESIAN_POINT('Ctrl Pts',(46.0510697641891,29.2255265078465,0.2));
#9453=CARTESIAN_POINT('Ctrl Pts',(46.0172335375638,29.3260096312596,0.));
#9454=CARTESIAN_POINT('Ctrl Pts',(46.0172335375638,29.3260096312596,0.2));
#9455=CARTESIAN_POINT('Ctrl Pts',(45.9393919572065,29.3977843844986,0.));
#9456=CARTESIAN_POINT('Ctrl Pts',(45.9393919572065,29.3977843844986,0.2));
#9457=CARTESIAN_POINT('Ctrl Pts',(45.9017747733742,29.4324697554111,0.));
#9458=CARTESIAN_POINT('Ctrl Pts',(45.9017747733742,29.4324697554111,0.2));
#9459=CARTESIAN_POINT('',(46.0685545299202,29.1736021637917,0.));
#9460=CARTESIAN_POINT('Ctrl Pts',(46.0685545299202,29.1736021637917,0.));
#9461=CARTESIAN_POINT('Ctrl Pts',(46.0510697641891,29.2255265078465,0.));
#9462=CARTESIAN_POINT('Ctrl Pts',(46.0172335375638,29.3260096312596,0.));
#9463=CARTESIAN_POINT('Ctrl Pts',(45.9393919572065,29.3977843844986,0.));
#9464=CARTESIAN_POINT('Ctrl Pts',(45.9017747733742,29.4324697554111,0.));
#9465=CARTESIAN_POINT('',(46.0685545299202,29.1736021637917,0.2));
#9466=CARTESIAN_POINT('',(46.0685545299202,29.1736021637917,0.));
#9467=CARTESIAN_POINT('Ctrl Pts',(46.0685545299202,29.1736021637917,0.2));
#9468=CARTESIAN_POINT('Ctrl Pts',(46.0510697641891,29.2255265078465,0.2));
#9469=CARTESIAN_POINT('Ctrl Pts',(46.0172335375638,29.3260096312596,0.2));
#9470=CARTESIAN_POINT('Ctrl Pts',(45.9393919572065,29.3977843844986,0.2));
#9471=CARTESIAN_POINT('Ctrl Pts',(45.9017747733742,29.4324697554111,0.2));
#9472=CARTESIAN_POINT('Origin',(45.878241667524,29.1500686109066,0.));
#9473=CARTESIAN_POINT('',(45.878241667524,29.1500686109066,0.));
#9474=CARTESIAN_POINT('',(35.9373562208518,27.9208066974556,0.));
#9475=CARTESIAN_POINT('',(45.878241667524,29.1500686109066,0.2));
#9476=CARTESIAN_POINT('',(45.878241667524,29.1500686109066,0.));
#9477=CARTESIAN_POINT('',(45.878241667524,29.1500686109066,0.2));
#9478=CARTESIAN_POINT('Ctrl Pts',(45.7646674010903,29.319918602705,0.));
#9479=CARTESIAN_POINT('Ctrl Pts',(45.7646674010903,29.319918602705,0.2));
#9480=CARTESIAN_POINT('Ctrl Pts',(45.7877981896159,29.2980854187602,0.));
#9481=CARTESIAN_POINT('Ctrl Pts',(45.7877981896159,29.2980854187602,0.2));
#9482=CARTESIAN_POINT('Ctrl Pts',(45.8384573252808,29.250268189087,0.));
#9483=CARTESIAN_POINT('Ctrl Pts',(45.8384573252808,29.250268189087,0.2));
#9484=CARTESIAN_POINT('Ctrl Pts',(45.8642343463429,29.1853470042303,0.));
#9485=CARTESIAN_POINT('Ctrl Pts',(45.8642343463429,29.1853470042303,0.2));
#9486=CARTESIAN_POINT('Ctrl Pts',(45.878241667524,29.1500686109066,0.));
#9487=CARTESIAN_POINT('Ctrl Pts',(45.878241667524,29.1500686109066,0.2));
#9488=CARTESIAN_POINT('Ctrl Pts',(45.7646674010903,29.319918602705,0.));
#9489=CARTESIAN_POINT('Ctrl Pts',(45.7877981896159,29.2980854187602,0.));
#9490=CARTESIAN_POINT('Ctrl Pts',(45.8384573252808,29.250268189087,0.));
#9491=CARTESIAN_POINT('Ctrl Pts',(45.8642343463429,29.1853470042303,0.));
#9492=CARTESIAN_POINT('Ctrl Pts',(45.878241667524,29.1500686109066,0.));
#9493=CARTESIAN_POINT('Ctrl Pts',(45.7646674010903,29.319918602705,0.2));
#9494=CARTESIAN_POINT('Ctrl Pts',(45.7877981896159,29.2980854187602,0.2));
#9495=CARTESIAN_POINT('Ctrl Pts',(45.8384573252808,29.250268189087,0.2));
#9496=CARTESIAN_POINT('Ctrl Pts',(45.8642343463429,29.1853470042303,0.2));
#9497=CARTESIAN_POINT('Ctrl Pts',(45.878241667524,29.1500686109066,0.2));
#9498=CARTESIAN_POINT('Origin',(40.4440660076216,28.762278854847,0.2));
#9499=CARTESIAN_POINT('Ctrl Pts',(44.0508192870766,29.2063441872597,0.));
#9500=CARTESIAN_POINT('Ctrl Pts',(44.0508192870766,29.2063441872597,0.2));
#9501=CARTESIAN_POINT('Ctrl Pts',(44.0594299493109,29.1808044959827,0.));
#9502=CARTESIAN_POINT('Ctrl Pts',(44.0594299493109,29.1808044959827,0.2));
#9503=CARTESIAN_POINT('Ctrl Pts',(44.0795204332422,29.1212150308229,0.));
#9504=CARTESIAN_POINT('Ctrl Pts',(44.0795204332422,29.1212150308229,0.2));
#9505=CARTESIAN_POINT('Ctrl Pts',(44.080139261369,29.0581851869068,0.));
#9506=CARTESIAN_POINT('Ctrl Pts',(44.080139261369,29.0581851869068,0.2));
#9507=CARTESIAN_POINT('Ctrl Pts',(44.0804928634316,29.022169560194,0.));
#9508=CARTESIAN_POINT('Ctrl Pts',(44.0804928634316,29.022169560194,0.2));
#9509=CARTESIAN_POINT('',(44.0508192870766,29.2063441872597,0.));
#9510=CARTESIAN_POINT('',(44.0804928634316,29.022169560194,0.));
#9511=CARTESIAN_POINT('Ctrl Pts',(44.0508192870766,29.2063441872597,0.));
#9512=CARTESIAN_POINT('Ctrl Pts',(44.0594299493109,29.1808044959827,0.));
#9513=CARTESIAN_POINT('Ctrl Pts',(44.0795204332422,29.1212150308229,0.));
#9514=CARTESIAN_POINT('Ctrl Pts',(44.080139261369,29.0581851869068,0.));
#9515=CARTESIAN_POINT('Ctrl Pts',(44.0804928634316,29.022169560194,0.));
#9516=CARTESIAN_POINT('',(44.0508192870766,29.2063441872597,0.2));
#9517=CARTESIAN_POINT('',(44.0508192870766,29.2063441872597,0.));
#9518=CARTESIAN_POINT('',(44.0804928634316,29.022169560194,0.2));
#9519=CARTESIAN_POINT('Ctrl Pts',(44.0508192870766,29.2063441872597,0.2));
#9520=CARTESIAN_POINT('Ctrl Pts',(44.0594299493109,29.1808044959827,0.2));
#9521=CARTESIAN_POINT('Ctrl Pts',(44.0795204332422,29.1212150308229,0.2));
#9522=CARTESIAN_POINT('Ctrl Pts',(44.080139261369,29.0581851869068,0.2));
#9523=CARTESIAN_POINT('Ctrl Pts',(44.0804928634316,29.022169560194,0.2));
#9524=CARTESIAN_POINT('',(44.0804928634316,29.022169560194,0.));
#9525=CARTESIAN_POINT('Ctrl Pts',(43.9290601108223,29.3337316811085,0.));
#9526=CARTESIAN_POINT('Ctrl Pts',(43.9290601108223,29.3337316811085,0.2));
#9527=CARTESIAN_POINT('Ctrl Pts',(43.9547478024071,29.3170006322852,0.));
#9528=CARTESIAN_POINT('Ctrl Pts',(43.9547478024071,29.3170006322852,0.2));
#9529=CARTESIAN_POINT('Ctrl Pts',(44.0053360038962,29.284051246148,0.));
#9530=CARTESIAN_POINT('Ctrl Pts',(44.0053360038962,29.284051246148,0.2));
#9531=CARTESIAN_POINT('Ctrl Pts',(44.0358162896428,29.2319764354961,0.));
#9532=CARTESIAN_POINT('Ctrl Pts',(44.0358162896428,29.2319764354961,0.2));
#9533=CARTESIAN_POINT('Ctrl Pts',(44.0508192870766,29.2063441872597,0.));
#9534=CARTESIAN_POINT('Ctrl Pts',(44.0508192870766,29.2063441872597,0.2));
#9535=CARTESIAN_POINT('',(43.9290601108223,29.3337316811085,0.));
#9536=CARTESIAN_POINT('Ctrl Pts',(43.9290601108223,29.3337316811085,0.));
#9537=CARTESIAN_POINT('Ctrl Pts',(43.9547478024071,29.3170006322852,0.));
#9538=CARTESIAN_POINT('Ctrl Pts',(44.0053360038962,29.284051246148,0.));
#9539=CARTESIAN_POINT('Ctrl Pts',(44.0358162896428,29.2319764354961,0.));
#9540=CARTESIAN_POINT('Ctrl Pts',(44.0508192870766,29.2063441872597,0.));
#9541=CARTESIAN_POINT('',(43.9290601108223,29.3337316811085,0.2));
#9542=CARTESIAN_POINT('',(43.9290601108223,29.3337316811085,0.));
#9543=CARTESIAN_POINT('Ctrl Pts',(43.9290601108223,29.3337316811085,0.2));
#9544=CARTESIAN_POINT('Ctrl Pts',(43.9547478024071,29.3170006322852,0.2));
#9545=CARTESIAN_POINT('Ctrl Pts',(44.0053360038962,29.284051246148,0.2));
#9546=CARTESIAN_POINT('Ctrl Pts',(44.0358162896428,29.2319764354961,0.2));
#9547=CARTESIAN_POINT('Ctrl Pts',(44.0508192870766,29.2063441872597,0.2));
#9548=CARTESIAN_POINT('Ctrl Pts',(43.739769468084,29.3802869319916,0.));
#9549=CARTESIAN_POINT('Ctrl Pts',(43.739769468084,29.3802869319916,0.2));
#9550=CARTESIAN_POINT('Ctrl Pts',(43.773824077439,29.3785872305724,0.));
#9551=CARTESIAN_POINT('Ctrl Pts',(43.773824077439,29.3785872305724,0.2));
#9552=CARTESIAN_POINT('Ctrl Pts',(43.8399756873101,29.375285534053,0.));
#9553=CARTESIAN_POINT('Ctrl Pts',(43.8399756873101,29.375285534053,0.2));
#9554=CARTESIAN_POINT('Ctrl Pts',(43.899956973626,29.3473069778394,0.));
#9555=CARTESIAN_POINT('Ctrl Pts',(43.899956973626,29.3473069778394,0.2));
#9556=CARTESIAN_POINT('Ctrl Pts',(43.9290601108223,29.3337316811085,0.));
#9557=CARTESIAN_POINT('Ctrl Pts',(43.9290601108223,29.3337316811085,0.2));
#9558=CARTESIAN_POINT('',(43.739769468084,29.3802869319916,0.));
#9559=CARTESIAN_POINT('Ctrl Pts',(43.739769468084,29.3802869319916,0.));
#9560=CARTESIAN_POINT('Ctrl Pts',(43.773824077439,29.3785872305724,0.));
#9561=CARTESIAN_POINT('Ctrl Pts',(43.8399756873101,29.375285534053,0.));
#9562=CARTESIAN_POINT('Ctrl Pts',(43.899956973626,29.3473069778394,0.));
#9563=CARTESIAN_POINT('Ctrl Pts',(43.9290601108223,29.3337316811085,0.));
#9564=CARTESIAN_POINT('',(43.739769468084,29.3802869319916,0.2));
#9565=CARTESIAN_POINT('',(43.739769468084,29.3802869319916,0.));
#9566=CARTESIAN_POINT('Ctrl Pts',(43.739769468084,29.3802869319916,0.2));
#9567=CARTESIAN_POINT('Ctrl Pts',(43.773824077439,29.3785872305724,0.2));
#9568=CARTESIAN_POINT('Ctrl Pts',(43.8399756873101,29.375285534053,0.2));
#9569=CARTESIAN_POINT('Ctrl Pts',(43.899956973626,29.3473069778394,0.2));
#9570=CARTESIAN_POINT('Ctrl Pts',(43.9290601108223,29.3337316811085,0.2));
#9571=CARTESIAN_POINT('Ctrl Pts',(43.5765701625496,29.3311737477779,0.));
#9572=CARTESIAN_POINT('Ctrl Pts',(43.5765701625496,29.3311737477779,0.2));
#9573=CARTESIAN_POINT('Ctrl Pts',(43.5988187667746,29.345461023247,0.));
#9574=CARTESIAN_POINT('Ctrl Pts',(43.5988187667746,29.345461023247,0.2));
#9575=CARTESIAN_POINT('Ctrl Pts',(43.6482766282939,29.377221132083,0.));
#9576=CARTESIAN_POINT('Ctrl Pts',(43.6482766282939,29.377221132083,0.2));
#9577=CARTESIAN_POINT('Ctrl Pts',(43.7072985436909,29.3791988757321,0.));
#9578=CARTESIAN_POINT('Ctrl Pts',(43.7072985436909,29.3791988757321,0.2));
#9579=CARTESIAN_POINT('Ctrl Pts',(43.739769468084,29.3802869319916,0.));
#9580=CARTESIAN_POINT('Ctrl Pts',(43.739769468084,29.3802869319916,0.2));
#9581=CARTESIAN_POINT('',(43.5765701625496,29.3311737477779,0.));
#9582=CARTESIAN_POINT('Ctrl Pts',(43.5765701625496,29.3311737477779,0.));
#9583=CARTESIAN_POINT('Ctrl Pts',(43.5988187667746,29.345461023247,0.));
#9584=CARTESIAN_POINT('Ctrl Pts',(43.6482766282939,29.377221132083,0.));
#9585=CARTESIAN_POINT('Ctrl Pts',(43.7072985436909,29.3791988757321,0.));
#9586=CARTESIAN_POINT('Ctrl Pts',(43.739769468084,29.3802869319916,0.));
#9587=CARTESIAN_POINT('',(43.5765701625496,29.3311737477779,0.2));
#9588=CARTESIAN_POINT('',(43.5765701625496,29.3311737477779,0.));
#9589=CARTESIAN_POINT('Ctrl Pts',(43.5765701625496,29.3311737477779,0.2));
#9590=CARTESIAN_POINT('Ctrl Pts',(43.5988187667746,29.345461023247,0.2));
#9591=CARTESIAN_POINT('Ctrl Pts',(43.6482766282939,29.377221132083,0.2));
#9592=CARTESIAN_POINT('Ctrl Pts',(43.7072985436909,29.3791988757321,0.2));
#9593=CARTESIAN_POINT('Ctrl Pts',(43.739769468084,29.3802869319916,0.2));
#9594=CARTESIAN_POINT('Ctrl Pts',(43.5208058450371,29.208390712738,0.));
#9595=CARTESIAN_POINT('Ctrl Pts',(43.5208058450371,29.208390712738,0.2));
#9596=CARTESIAN_POINT('Ctrl Pts',(43.523152182323,29.2319442836753,0.));
#9597=CARTESIAN_POINT('Ctrl Pts',(43.523152182323,29.2319442836753,0.2));
#9598=CARTESIAN_POINT('Ctrl Pts',(43.5278564902894,29.2791682067084,0.));
#9599=CARTESIAN_POINT('Ctrl Pts',(43.5278564902894,29.2791682067084,0.2));
#9600=CARTESIAN_POINT('Ctrl Pts',(43.5603055238015,29.3138100119077,0.));
#9601=CARTESIAN_POINT('Ctrl Pts',(43.5603055238015,29.3138100119077,0.2));
#9602=CARTESIAN_POINT('Ctrl Pts',(43.5765701625496,29.3311737477779,0.));
#9603=CARTESIAN_POINT('Ctrl Pts',(43.5765701625496,29.3311737477779,0.2));
#9604=CARTESIAN_POINT('',(43.5208058450371,29.208390712738,0.));
#9605=CARTESIAN_POINT('Ctrl Pts',(43.5208058450371,29.208390712738,0.));
#9606=CARTESIAN_POINT('Ctrl Pts',(43.523152182323,29.2319442836753,0.));
#9607=CARTESIAN_POINT('Ctrl Pts',(43.5278564902894,29.2791682067084,0.));
#9608=CARTESIAN_POINT('Ctrl Pts',(43.5603055238015,29.3138100119077,0.));
#9609=CARTESIAN_POINT('Ctrl Pts',(43.5765701625496,29.3311737477779,0.));
#9610=CARTESIAN_POINT('',(43.5208058450371,29.208390712738,0.2));
#9611=CARTESIAN_POINT('',(43.5208058450371,29.208390712738,0.));
#9612=CARTESIAN_POINT('Ctrl Pts',(43.5208058450371,29.208390712738,0.2));
#9613=CARTESIAN_POINT('Ctrl Pts',(43.523152182323,29.2319442836753,0.2));
#9614=CARTESIAN_POINT('Ctrl Pts',(43.5278564902894,29.2791682067084,0.2));
#9615=CARTESIAN_POINT('Ctrl Pts',(43.5603055238015,29.3138100119077,0.2));
#9616=CARTESIAN_POINT('Ctrl Pts',(43.5765701625496,29.3311737477779,0.2));
#9617=CARTESIAN_POINT('Ctrl Pts',(43.5463857743889,29.1209076344967,0.));
#9618=CARTESIAN_POINT('Ctrl Pts',(43.5463857743889,29.1209076344967,0.2));
#9619=CARTESIAN_POINT('Ctrl Pts',(43.5389250450411,29.1344506819169,0.));
#9620=CARTESIAN_POINT('Ctrl Pts',(43.5389250450411,29.1344506819169,0.2));
#9621=CARTESIAN_POINT('Ctrl Pts',(43.5239093813474,29.1617077818557,0.));
#9622=CARTESIAN_POINT('Ctrl Pts',(43.5239093813474,29.1617077818557,0.2));
#9623=CARTESIAN_POINT('Ctrl Pts',(43.5218446749796,29.1927647874848,0.));
#9624=CARTESIAN_POINT('Ctrl Pts',(43.5218446749796,29.1927647874848,0.2));
#9625=CARTESIAN_POINT('Ctrl Pts',(43.5208058450371,29.208390712738,0.));
#9626=CARTESIAN_POINT('Ctrl Pts',(43.5208058450371,29.208390712738,0.2));
#9627=CARTESIAN_POINT('',(43.5463857743889,29.1209076344967,0.));
#9628=CARTESIAN_POINT('Ctrl Pts',(43.5463857743889,29.1209076344967,0.));
#9629=CARTESIAN_POINT('Ctrl Pts',(43.5389250450411,29.1344506819169,0.));
#9630=CARTESIAN_POINT('Ctrl Pts',(43.5239093813474,29.1617077818557,0.));
#9631=CARTESIAN_POINT('Ctrl Pts',(43.5218446749796,29.1927647874848,0.));
#9632=CARTESIAN_POINT('Ctrl Pts',(43.5208058450371,29.208390712738,0.));
#9633=CARTESIAN_POINT('',(43.5463857743889,29.1209076344967,0.2));
#9634=CARTESIAN_POINT('',(43.5463857743889,29.1209076344967,0.));
#9635=CARTESIAN_POINT('Ctrl Pts',(43.5463857743889,29.1209076344967,0.2));
#9636=CARTESIAN_POINT('Ctrl Pts',(43.5389250450411,29.1344506819169,0.2));
#9637=CARTESIAN_POINT('Ctrl Pts',(43.5239093813474,29.1617077818557,0.2));
#9638=CARTESIAN_POINT('Ctrl Pts',(43.5218446749796,29.1927647874848,0.2));
#9639=CARTESIAN_POINT('Ctrl Pts',(43.5208058450371,29.208390712738,0.2));
#9640=CARTESIAN_POINT('Ctrl Pts',(43.6190325114876,29.0610510110855,0.));
#9641=CARTESIAN_POINT('Ctrl Pts',(43.6190325114876,29.0610510110855,0.2));
#9642=CARTESIAN_POINT('Ctrl Pts',(43.604345362164,29.0684992719438,0.));
#9643=CARTESIAN_POINT('Ctrl Pts',(43.604345362164,29.0684992719438,0.2));
#9644=CARTESIAN_POINT('Ctrl Pts',(43.575648761544,29.0830521141907,0.));
#9645=CARTESIAN_POINT('Ctrl Pts',(43.575648761544,29.0830521141907,0.2));
#9646=CARTESIAN_POINT('Ctrl Pts',(43.5559853129775,29.1084893695382,0.));
#9647=CARTESIAN_POINT('Ctrl Pts',(43.5559853129775,29.1084893695382,0.2));
#9648=CARTESIAN_POINT('Ctrl Pts',(43.5463857743889,29.1209076344967,0.));
#9649=CARTESIAN_POINT('Ctrl Pts',(43.5463857743889,29.1209076344967,0.2));
#9650=CARTESIAN_POINT('',(43.6190325114876,29.0610510110855,0.));
#9651=CARTESIAN_POINT('Ctrl Pts',(43.6190325114876,29.0610510110855,0.));
#9652=CARTESIAN_POINT('Ctrl Pts',(43.604345362164,29.0684992719438,0.));
#9653=CARTESIAN_POINT('Ctrl Pts',(43.575648761544,29.0830521141907,0.));
#9654=CARTESIAN_POINT('Ctrl Pts',(43.5559853129775,29.1084893695382,0.));
#9655=CARTESIAN_POINT('Ctrl Pts',(43.5463857743889,29.1209076344967,0.));
#9656=CARTESIAN_POINT('',(43.6190325114876,29.0610510110855,0.2));
#9657=CARTESIAN_POINT('',(43.6190325114876,29.0610510110855,0.));
#9658=CARTESIAN_POINT('Ctrl Pts',(43.6190325114876,29.0610510110855,0.2));
#9659=CARTESIAN_POINT('Ctrl Pts',(43.604345362164,29.0684992719438,0.2));
#9660=CARTESIAN_POINT('Ctrl Pts',(43.575648761544,29.0830521141907,0.2));
#9661=CARTESIAN_POINT('Ctrl Pts',(43.5559853129775,29.1084893695382,0.2));
#9662=CARTESIAN_POINT('Ctrl Pts',(43.5463857743889,29.1209076344967,0.2));
#9663=CARTESIAN_POINT('Ctrl Pts',(43.7796735856682,29.0242160856724,0.));
#9664=CARTESIAN_POINT('Ctrl Pts',(43.7796735856682,29.0242160856724,0.2));
#9665=CARTESIAN_POINT('Ctrl Pts',(43.7470850490764,29.0288846586848,0.));
#9666=CARTESIAN_POINT('Ctrl Pts',(43.7470850490764,29.0288846586848,0.2));
#9667=CARTESIAN_POINT('Ctrl Pts',(43.6924629297818,29.0367097216883,0.));
#9668=CARTESIAN_POINT('Ctrl Pts',(43.6924629297818,29.0367097216883,0.2));
#9669=CARTESIAN_POINT('Ctrl Pts',(43.6401390326234,29.0540544563733,0.));
#9670=CARTESIAN_POINT('Ctrl Pts',(43.6401390326234,29.0540544563733,0.2));
#9671=CARTESIAN_POINT('Ctrl Pts',(43.6190325114876,29.0610510110855,0.));
#9672=CARTESIAN_POINT('Ctrl Pts',(43.6190325114876,29.0610510110855,0.2));
#9673=CARTESIAN_POINT('',(43.7796735856682,29.0242160856724,0.));
#9674=CARTESIAN_POINT('Ctrl Pts',(43.7796735856682,29.0242160856724,0.));
#9675=CARTESIAN_POINT('Ctrl Pts',(43.7470850490764,29.0288846586848,0.));
#9676=CARTESIAN_POINT('Ctrl Pts',(43.6924629297818,29.0367097216883,0.));
#9677=CARTESIAN_POINT('Ctrl Pts',(43.6401390326234,29.0540544563733,0.));
#9678=CARTESIAN_POINT('Ctrl Pts',(43.6190325114876,29.0610510110855,0.));
#9679=CARTESIAN_POINT('',(43.7796735856682,29.0242160856724,0.2));
#9680=CARTESIAN_POINT('',(43.7796735856682,29.0242160856724,0.));
#9681=CARTESIAN_POINT('Ctrl Pts',(43.7796735856682,29.0242160856724,0.2));
#9682=CARTESIAN_POINT('Ctrl Pts',(43.7470850490764,29.0288846586848,0.2));
#9683=CARTESIAN_POINT('Ctrl Pts',(43.6924629297818,29.0367097216883,0.2));
#9684=CARTESIAN_POINT('Ctrl Pts',(43.6401390326234,29.0540544563733,0.2));
#9685=CARTESIAN_POINT('Ctrl Pts',(43.6190325114876,29.0610510110855,0.2));
#9686=CARTESIAN_POINT('Ctrl Pts',(44.0804928634316,28.9546389877796,0.));
#9687=CARTESIAN_POINT('Ctrl Pts',(44.0804928634316,28.9546389877796,0.2));
#9688=CARTESIAN_POINT('Ctrl Pts',(44.0389596903827,28.9682863844736,0.));
#9689=CARTESIAN_POINT('Ctrl Pts',(44.0389596903827,28.9682863844736,0.2));
#9690=CARTESIAN_POINT('Ctrl Pts',(43.9408616906295,29.0005204330484,0.));
#9691=CARTESIAN_POINT('Ctrl Pts',(43.9408616906295,29.0005204330484,0.2));
#9692=CARTESIAN_POINT('Ctrl Pts',(43.8386249021077,29.0155498759889,0.));
#9693=CARTESIAN_POINT('Ctrl Pts',(43.8386249021077,29.0155498759889,0.2));
#9694=CARTESIAN_POINT('Ctrl Pts',(43.7796735856682,29.0242160856724,0.));
#9695=CARTESIAN_POINT('Ctrl Pts',(43.7796735856682,29.0242160856724,0.2));
#9696=CARTESIAN_POINT('',(44.0804928634316,28.9546389877796,0.));
#9697=CARTESIAN_POINT('Ctrl Pts',(44.0804928634316,28.9546389877796,0.));
#9698=CARTESIAN_POINT('Ctrl Pts',(44.0389596903827,28.9682863844736,0.));
#9699=CARTESIAN_POINT('Ctrl Pts',(43.9408616906295,29.0005204330484,0.));
#9700=CARTESIAN_POINT('Ctrl Pts',(43.8386249021077,29.0155498759889,0.));
#9701=CARTESIAN_POINT('Ctrl Pts',(43.7796735856682,29.0242160856724,0.));
#9702=CARTESIAN_POINT('',(44.0804928634316,28.9546389877796,0.2));
#9703=CARTESIAN_POINT('',(44.0804928634316,28.9546389877796,0.));
#9704=CARTESIAN_POINT('Ctrl Pts',(44.0804928634316,28.9546389877796,0.2));
#9705=CARTESIAN_POINT('Ctrl Pts',(44.0389596903827,28.9682863844736,0.2));
#9706=CARTESIAN_POINT('Ctrl Pts',(43.9408616906295,29.0005204330484,0.2));
#9707=CARTESIAN_POINT('Ctrl Pts',(43.8386249021077,29.0155498759889,0.2));
#9708=CARTESIAN_POINT('Ctrl Pts',(43.7796735856682,29.0242160856724,0.2));
#9709=CARTESIAN_POINT('Origin',(44.0804928634316,29.022169560194,0.));
#9710=CARTESIAN_POINT('',(44.0804928634316,15.368584780097,0.));
#9711=CARTESIAN_POINT('',(44.0804928634316,29.022169560194,0.2));
#9712=CARTESIAN_POINT('Origin',(44.3250352237374,29.5000004768372,0.));
#9713=CARTESIAN_POINT('',(44.3250352237374,29.5000004768372,0.));
#9714=CARTESIAN_POINT('',(44.1326755378395,29.5000004768372,0.));
#9715=CARTESIAN_POINT('',(36.7050176118687,29.5000004768372,0.));
#9716=CARTESIAN_POINT('',(44.3250352237374,29.5000004768372,0.2));
#9717=CARTESIAN_POINT('',(44.3250352237374,29.5000004768372,0.));
#9718=CARTESIAN_POINT('',(44.1326755378395,29.5000004768372,0.2));
#9719=CARTESIAN_POINT('',(44.3250352237374,29.5000004768372,0.2));
#9720=CARTESIAN_POINT('',(44.1326755378395,29.5000004768372,0.));
#9721=CARTESIAN_POINT('Ctrl Pts',(44.2784804198891,29.369543492794,0.));
#9722=CARTESIAN_POINT('Ctrl Pts',(44.2784804198891,29.369543492794,0.2));
#9723=CARTESIAN_POINT('Ctrl Pts',(44.2834114698096,29.3920790822497,0.));
#9724=CARTESIAN_POINT('Ctrl Pts',(44.2834114698096,29.3920790822497,0.2));
#9725=CARTESIAN_POINT('Ctrl Pts',(44.2933604931188,29.4375475135971,0.));
#9726=CARTESIAN_POINT('Ctrl Pts',(44.2933604931188,29.4375475135971,0.2));
#9727=CARTESIAN_POINT('Ctrl Pts',(44.3144156613398,29.4790619202309,0.));
#9728=CARTESIAN_POINT('Ctrl Pts',(44.3144156613398,29.4790619202309,0.2));
#9729=CARTESIAN_POINT('Ctrl Pts',(44.3250352237374,29.5000004768372,0.));
#9730=CARTESIAN_POINT('Ctrl Pts',(44.3250352237374,29.5000004768372,0.2));
#9731=CARTESIAN_POINT('',(44.2784804198891,29.369543492794,0.));
#9732=CARTESIAN_POINT('Ctrl Pts',(44.2784804198891,29.369543492794,0.));
#9733=CARTESIAN_POINT('Ctrl Pts',(44.2834114698096,29.3920790822497,0.));
#9734=CARTESIAN_POINT('Ctrl Pts',(44.2933604931188,29.4375475135971,0.));
#9735=CARTESIAN_POINT('Ctrl Pts',(44.3144156613398,29.4790619202309,0.));
#9736=CARTESIAN_POINT('Ctrl Pts',(44.3250352237374,29.5000004768372,0.));
#9737=CARTESIAN_POINT('',(44.2784804198891,29.369543492794,0.2));
#9738=CARTESIAN_POINT('',(44.2784804198891,29.369543492794,0.));
#9739=CARTESIAN_POINT('Ctrl Pts',(44.2784804198891,29.369543492794,0.2));
#9740=CARTESIAN_POINT('Ctrl Pts',(44.2834114698096,29.3920790822497,0.2));
#9741=CARTESIAN_POINT('Ctrl Pts',(44.2933604931188,29.4375475135971,0.2));
#9742=CARTESIAN_POINT('Ctrl Pts',(44.3144156613398,29.4790619202309,0.2));
#9743=CARTESIAN_POINT('Ctrl Pts',(44.3250352237374,29.5000004768372,0.2));
#9744=CARTESIAN_POINT('Ctrl Pts',(44.2667132709175,29.0446798503399,0.));
#9745=CARTESIAN_POINT('Ctrl Pts',(44.2667132709175,29.0446798503399,0.2));
#9746=CARTESIAN_POINT('Ctrl Pts',(44.2662901582975,29.1146189110056,0.));
#9747=CARTESIAN_POINT('Ctrl Pts',(44.2662901582975,29.1146189110056,0.2));
#9748=CARTESIAN_POINT('Ctrl Pts',(44.2656337917404,29.2231140451018,0.));
#9749=CARTESIAN_POINT('Ctrl Pts',(44.2656337917404,29.2231140451018,0.2));
#9750=CARTESIAN_POINT('Ctrl Pts',(44.2751120997878,29.3311504416075,0.));
#9751=CARTESIAN_POINT('Ctrl Pts',(44.2751120997878,29.3311504416075,0.2));
#9752=CARTESIAN_POINT('Ctrl Pts',(44.2784804198891,29.369543492794,0.));
#9753=CARTESIAN_POINT('Ctrl Pts',(44.2784804198891,29.369543492794,0.2));
#9754=CARTESIAN_POINT('',(44.2667132709175,29.0446798503399,0.));
#9755=CARTESIAN_POINT('Ctrl Pts',(44.2667132709175,29.0446798503399,0.));
#9756=CARTESIAN_POINT('Ctrl Pts',(44.2662901582975,29.1146189110056,0.));
#9757=CARTESIAN_POINT('Ctrl Pts',(44.2656337917404,29.2231140451018,0.));
#9758=CARTESIAN_POINT('Ctrl Pts',(44.2751120997878,29.3311504416075,0.));
#9759=CARTESIAN_POINT('Ctrl Pts',(44.2784804198891,29.369543492794,0.));
#9760=CARTESIAN_POINT('',(44.2667132709175,29.0446798503399,0.2));
#9761=CARTESIAN_POINT('',(44.2667132709175,29.0446798503399,0.));
#9762=CARTESIAN_POINT('Ctrl Pts',(44.2667132709175,29.0446798503399,0.2));
#9763=CARTESIAN_POINT('Ctrl Pts',(44.2662901582975,29.1146189110056,0.2));
#9764=CARTESIAN_POINT('Ctrl Pts',(44.2656337917404,29.2231140451018,0.2));
#9765=CARTESIAN_POINT('Ctrl Pts',(44.2751120997878,29.3311504416075,0.2));
#9766=CARTESIAN_POINT('Ctrl Pts',(44.2784804198891,29.369543492794,0.2));
#9767=CARTESIAN_POINT('Origin',(44.2667132709175,28.7991137057543,0.));
#9768=CARTESIAN_POINT('',(44.2667132709175,28.7991137057543,0.));
#9769=CARTESIAN_POINT('',(44.2667132709175,15.2570568528771,0.));
#9770=CARTESIAN_POINT('',(44.2667132709175,28.7991137057543,0.2));
#9771=CARTESIAN_POINT('',(44.2667132709175,28.7991137057543,0.));
#9772=CARTESIAN_POINT('',(44.2667132709175,28.7991137057543,0.2));
#9773=CARTESIAN_POINT('Ctrl Pts',(44.2575043532997,28.6292637139559,0.));
#9774=CARTESIAN_POINT('Ctrl Pts',(44.2575043532997,28.6292637139559,0.2));
#9775=CARTESIAN_POINT('Ctrl Pts',(44.2601598685161,28.6512400145763,0.));
#9776=CARTESIAN_POINT('Ctrl Pts',(44.2601598685161,28.6512400145763,0.2));
#9777=CARTESIAN_POINT('Ctrl Pts',(44.2669725342853,28.7076197295371,0.));
#9778=CARTESIAN_POINT('Ctrl Pts',(44.2669725342853,28.7076197295371,0.2));
#9779=CARTESIAN_POINT('Ctrl Pts',(44.2668115220478,28.7644409069901,0.));
#9780=CARTESIAN_POINT('Ctrl Pts',(44.2668115220478,28.7644409069901,0.2));
#9781=CARTESIAN_POINT('Ctrl Pts',(44.2667132709175,28.7991137057543,0.));
#9782=CARTESIAN_POINT('Ctrl Pts',(44.2667132709175,28.7991137057543,0.2));
#9783=CARTESIAN_POINT('',(44.2575043532997,28.6292637139559,0.));
#9784=CARTESIAN_POINT('Ctrl Pts',(44.2575043532997,28.6292637139559,0.));
#9785=CARTESIAN_POINT('Ctrl Pts',(44.2601598685161,28.6512400145763,0.));
#9786=CARTESIAN_POINT('Ctrl Pts',(44.2669725342853,28.7076197295371,0.));
#9787=CARTESIAN_POINT('Ctrl Pts',(44.2668115220478,28.7644409069901,0.));
#9788=CARTESIAN_POINT('Ctrl Pts',(44.2667132709175,28.7991137057543,0.));
#9789=CARTESIAN_POINT('',(44.2575043532997,28.6292637139559,0.2));
#9790=CARTESIAN_POINT('',(44.2575043532997,28.6292637139559,0.));
#9791=CARTESIAN_POINT('Ctrl Pts',(44.2575043532997,28.6292637139559,0.2));
#9792=CARTESIAN_POINT('Ctrl Pts',(44.2601598685161,28.6512400145763,0.2));
#9793=CARTESIAN_POINT('Ctrl Pts',(44.2669725342853,28.7076197295371,0.2));
#9794=CARTESIAN_POINT('Ctrl Pts',(44.2668115220478,28.7644409069901,0.2));
#9795=CARTESIAN_POINT('Ctrl Pts',(44.2667132709175,28.7991137057543,0.2));
#9796=CARTESIAN_POINT('Ctrl Pts',(44.2002052161843,28.5039226710796,0.));
#9797=CARTESIAN_POINT('Ctrl Pts',(44.2002052161843,28.5039226710796,0.2));
#9798=CARTESIAN_POINT('Ctrl Pts',(44.2129398939972,28.5221101158339,0.));
#9799=CARTESIAN_POINT('Ctrl Pts',(44.2129398939972,28.5221101158339,0.2));
#9800=CARTESIAN_POINT('Ctrl Pts',(44.2397031390606,28.5603329156713,0.));
#9801=CARTESIAN_POINT('Ctrl Pts',(44.2397031390606,28.5603329156713,0.2));
#9802=CARTESIAN_POINT('Ctrl Pts',(44.2513824009537,28.6055579680105,0.));
#9803=CARTESIAN_POINT('Ctrl Pts',(44.2513824009537,28.6055579680105,0.2));
#9804=CARTESIAN_POINT('Ctrl Pts',(44.2575043532997,28.6292637139559,0.));
#9805=CARTESIAN_POINT('Ctrl Pts',(44.2575043532997,28.6292637139559,0.2));
#9806=CARTESIAN_POINT('',(44.2002052161843,28.5039226710796,0.));
#9807=CARTESIAN_POINT('Ctrl Pts',(44.2002052161843,28.5039226710796,0.));
#9808=CARTESIAN_POINT('Ctrl Pts',(44.2129398939972,28.5221101158339,0.));
#9809=CARTESIAN_POINT('Ctrl Pts',(44.2397031390606,28.5603329156713,0.));
#9810=CARTESIAN_POINT('Ctrl Pts',(44.2513824009537,28.6055579680105,0.));
#9811=CARTESIAN_POINT('Ctrl Pts',(44.2575043532997,28.6292637139559,0.));
#9812=CARTESIAN_POINT('',(44.2002052161843,28.5039226710796,0.2));
#9813=CARTESIAN_POINT('',(44.2002052161843,28.5039226710796,0.));
#9814=CARTESIAN_POINT('Ctrl Pts',(44.2002052161843,28.5039226710796,0.2));
#9815=CARTESIAN_POINT('Ctrl Pts',(44.2129398939972,28.5221101158339,0.2));
#9816=CARTESIAN_POINT('Ctrl Pts',(44.2397031390606,28.5603329156713,0.2));
#9817=CARTESIAN_POINT('Ctrl Pts',(44.2513824009537,28.6055579680105,0.2));
#9818=CARTESIAN_POINT('Ctrl Pts',(44.2575043532997,28.6292637139559,0.2));
#9819=CARTESIAN_POINT('Ctrl Pts',(44.0723067615181,28.4215556830168,0.));
#9820=CARTESIAN_POINT('Ctrl Pts',(44.0723067615181,28.4215556830168,0.2));
#9821=CARTESIAN_POINT('Ctrl Pts',(44.0985501766117,28.432229575325,0.));
#9822=CARTESIAN_POINT('Ctrl Pts',(44.0985501766117,28.432229575325,0.2));
#9823=CARTESIAN_POINT('Ctrl Pts',(44.1464571537051,28.4517146123328,0.));
#9824=CARTESIAN_POINT('Ctrl Pts',(44.1464571537051,28.4517146123328,0.2));
#9825=CARTESIAN_POINT('Ctrl Pts',(44.1834686133195,28.4876656097963,0.));
#9826=CARTESIAN_POINT('Ctrl Pts',(44.1834686133195,28.4876656097963,0.2));
#9827=CARTESIAN_POINT('Ctrl Pts',(44.2002052161843,28.5039226710796,0.));
#9828=CARTESIAN_POINT('Ctrl Pts',(44.2002052161843,28.5039226710796,0.2));
#9829=CARTESIAN_POINT('',(44.0723067615181,28.4215556830168,0.));
#9830=CARTESIAN_POINT('Ctrl Pts',(44.0723067615181,28.4215556830168,0.));
#9831=CARTESIAN_POINT('Ctrl Pts',(44.0985501766117,28.432229575325,0.));
#9832=CARTESIAN_POINT('Ctrl Pts',(44.1464571537051,28.4517146123328,0.));
#9833=CARTESIAN_POINT('Ctrl Pts',(44.1834686133195,28.4876656097963,0.));
#9834=CARTESIAN_POINT('Ctrl Pts',(44.2002052161843,28.5039226710796,0.));
#9835=CARTESIAN_POINT('',(44.0723067615181,28.4215556830168,0.2));
#9836=CARTESIAN_POINT('',(44.0723067615181,28.4215556830168,0.));
#9837=CARTESIAN_POINT('Ctrl Pts',(44.0723067615181,28.4215556830168,0.2));
#9838=CARTESIAN_POINT('Ctrl Pts',(44.0985501766117,28.432229575325,0.2));
#9839=CARTESIAN_POINT('Ctrl Pts',(44.1464571537051,28.4517146123328,0.2));
#9840=CARTESIAN_POINT('Ctrl Pts',(44.1834686133195,28.4876656097963,0.2));
#9841=CARTESIAN_POINT('Ctrl Pts',(44.2002052161843,28.5039226710796,0.2));
#9842=CARTESIAN_POINT('Ctrl Pts',(43.846181044355,28.3888135105371,0.));
#9843=CARTESIAN_POINT('Ctrl Pts',(43.846181044355,28.3888135105371,0.2));
#9844=CARTESIAN_POINT('Ctrl Pts',(43.8885273712398,28.3895266142789,0.));
#9845=CARTESIAN_POINT('Ctrl Pts',(43.8885273712398,28.3895266142789,0.2));
#9846=CARTESIAN_POINT('Ctrl Pts',(43.9653839581429,28.3908208639513,0.));
#9847=CARTESIAN_POINT('Ctrl Pts',(43.9653839581429,28.3908208639513,0.2));
#9848=CARTESIAN_POINT('Ctrl Pts',(44.039173617783,28.4120316044702,0.));
#9849=CARTESIAN_POINT('Ctrl Pts',(44.039173617783,28.4120316044702,0.2));
#9850=CARTESIAN_POINT('Ctrl Pts',(44.0723067615181,28.4215556830168,0.));
#9851=CARTESIAN_POINT('Ctrl Pts',(44.0723067615181,28.4215556830168,0.2));
#9852=CARTESIAN_POINT('',(43.846181044355,28.3888135105371,0.));
#9853=CARTESIAN_POINT('Ctrl Pts',(43.846181044355,28.3888135105371,0.));
#9854=CARTESIAN_POINT('Ctrl Pts',(43.8885273712398,28.3895266142789,0.));
#9855=CARTESIAN_POINT('Ctrl Pts',(43.9653839581429,28.3908208639513,0.));
#9856=CARTESIAN_POINT('Ctrl Pts',(44.039173617783,28.4120316044702,0.));
#9857=CARTESIAN_POINT('Ctrl Pts',(44.0723067615181,28.4215556830168,0.));
#9858=CARTESIAN_POINT('',(43.846181044355,28.3888135105371,0.2));
#9859=CARTESIAN_POINT('',(43.846181044355,28.3888135105371,0.));
#9860=CARTESIAN_POINT('Ctrl Pts',(43.846181044355,28.3888135105371,0.2));
#9861=CARTESIAN_POINT('Ctrl Pts',(43.8885273712398,28.3895266142789,0.2));
#9862=CARTESIAN_POINT('Ctrl Pts',(43.9653839581429,28.3908208639513,0.2));
#9863=CARTESIAN_POINT('Ctrl Pts',(44.039173617783,28.4120316044702,0.2));
#9864=CARTESIAN_POINT('Ctrl Pts',(44.0723067615181,28.4215556830168,0.2));
#9865=CARTESIAN_POINT('Ctrl Pts',(43.5995918605477,28.4271832555532,0.));
#9866=CARTESIAN_POINT('Ctrl Pts',(43.5995918605477,28.4271832555532,0.2));
#9867=CARTESIAN_POINT('Ctrl Pts',(43.6376212537904,28.4160011420592,0.));
#9868=CARTESIAN_POINT('Ctrl Pts',(43.6376212537904,28.4160011420592,0.2));
#9869=CARTESIAN_POINT('Ctrl Pts',(43.7180741313672,28.3923448822224,0.));
#9870=CARTESIAN_POINT('Ctrl Pts',(43.7180741313672,28.3923448822224,0.2));
#9871=CARTESIAN_POINT('Ctrl Pts',(43.8019516943669,28.390032728693,0.));
#9872=CARTESIAN_POINT('Ctrl Pts',(43.8019516943669,28.390032728693,0.2));
#9873=CARTESIAN_POINT('Ctrl Pts',(43.846181044355,28.3888135105371,0.));
#9874=CARTESIAN_POINT('Ctrl Pts',(43.846181044355,28.3888135105371,0.2));
#9875=CARTESIAN_POINT('',(43.5995918605477,28.4271832555532,0.));
#9876=CARTESIAN_POINT('Ctrl Pts',(43.5995918605477,28.4271832555532,0.));
#9877=CARTESIAN_POINT('Ctrl Pts',(43.6376212537904,28.4160011420592,0.));
#9878=CARTESIAN_POINT('Ctrl Pts',(43.7180741313672,28.3923448822224,0.));
#9879=CARTESIAN_POINT('Ctrl Pts',(43.8019516943669,28.390032728693,0.));
#9880=CARTESIAN_POINT('Ctrl Pts',(43.846181044355,28.3888135105371,0.));
#9881=CARTESIAN_POINT('',(43.5995918605477,28.4271832555532,0.2));
#9882=CARTESIAN_POINT('',(43.5995918605477,28.4271832555532,0.));
#9883=CARTESIAN_POINT('Ctrl Pts',(43.5995918605477,28.4271832555532,0.2));
#9884=CARTESIAN_POINT('Ctrl Pts',(43.6376212537904,28.4160011420592,0.2));
#9885=CARTESIAN_POINT('Ctrl Pts',(43.7180741313672,28.3923448822224,0.2));
#9886=CARTESIAN_POINT('Ctrl Pts',(43.8019516943669,28.390032728693,0.2));
#9887=CARTESIAN_POINT('Ctrl Pts',(43.846181044355,28.3888135105371,0.2));
#9888=CARTESIAN_POINT('Ctrl Pts',(43.4369045589119,28.5366648435593,0.));
#9889=CARTESIAN_POINT('Ctrl Pts',(43.4369045589119,28.5366648435593,0.2));
#9890=CARTESIAN_POINT('Ctrl Pts',(43.4586855396697,28.5140021836106,0.));
#9891=CARTESIAN_POINT('Ctrl Pts',(43.4586855396697,28.5140021836106,0.2));
#9892=CARTESIAN_POINT('Ctrl Pts',(43.5049437201431,28.4658715036577,0.));
#9893=CARTESIAN_POINT('Ctrl Pts',(43.5049437201431,28.4658715036577,0.2));
#9894=CARTESIAN_POINT('Ctrl Pts',(43.5668399133721,28.4405708979604,0.));
#9895=CARTESIAN_POINT('Ctrl Pts',(43.5668399133721,28.4405708979604,0.2));
#9896=CARTESIAN_POINT('Ctrl Pts',(43.5995918605477,28.4271832555532,0.));
#9897=CARTESIAN_POINT('Ctrl Pts',(43.5995918605477,28.4271832555532,0.2));
#9898=CARTESIAN_POINT('',(43.4369045589119,28.5366648435593,0.));
#9899=CARTESIAN_POINT('Ctrl Pts',(43.4369045589119,28.5366648435593,0.));
#9900=CARTESIAN_POINT('Ctrl Pts',(43.4586855396697,28.5140021836106,0.));
#9901=CARTESIAN_POINT('Ctrl Pts',(43.5049437201431,28.4658715036577,0.));
#9902=CARTESIAN_POINT('Ctrl Pts',(43.5668399133721,28.4405708979604,0.));
#9903=CARTESIAN_POINT('Ctrl Pts',(43.5995918605477,28.4271832555532,0.));
#9904=CARTESIAN_POINT('',(43.4369045589119,28.5366648435593,0.2));
#9905=CARTESIAN_POINT('',(43.4369045589119,28.5366648435593,0.));
#9906=CARTESIAN_POINT('Ctrl Pts',(43.4369045589119,28.5366648435593,0.2));
#9907=CARTESIAN_POINT('Ctrl Pts',(43.4586855396697,28.5140021836106,0.2));
#9908=CARTESIAN_POINT('Ctrl Pts',(43.5049437201431,28.4658715036577,0.2));
#9909=CARTESIAN_POINT('Ctrl Pts',(43.5668399133721,28.4405708979604,0.2));
#9910=CARTESIAN_POINT('Ctrl Pts',(43.5995918605477,28.4271832555532,0.2));
#9911=CARTESIAN_POINT('Ctrl Pts',(43.3560723159462,28.7233974039555,0.));
#9912=CARTESIAN_POINT('Ctrl Pts',(43.3560723159462,28.7233974039555,0.2));
#9913=CARTESIAN_POINT('Ctrl Pts',(43.3648561118943,28.6876616455401,0.));
#9914=CARTESIAN_POINT('Ctrl Pts',(43.3648561118943,28.6876616455401,0.2));
#9915=CARTESIAN_POINT('Ctrl Pts',(43.3812974742419,28.6207720506144,0.));
#9916=CARTESIAN_POINT('Ctrl Pts',(43.3812974742419,28.6207720506144,0.2));
#9917=CARTESIAN_POINT('Ctrl Pts',(43.4192351036588,28.5633903685593,0.));
#9918=CARTESIAN_POINT('Ctrl Pts',(43.4192351036588,28.5633903685593,0.2));
#9919=CARTESIAN_POINT('Ctrl Pts',(43.4369045589119,28.5366648435593,0.));
#9920=CARTESIAN_POINT('Ctrl Pts',(43.4369045589119,28.5366648435593,0.2));
#9921=CARTESIAN_POINT('',(43.3560723159462,28.7233974039555,0.));
#9922=CARTESIAN_POINT('Ctrl Pts',(43.3560723159462,28.7233974039555,0.));
#9923=CARTESIAN_POINT('Ctrl Pts',(43.3648561118943,28.6876616455401,0.));
#9924=CARTESIAN_POINT('Ctrl Pts',(43.3812974742419,28.6207720506144,0.));
#9925=CARTESIAN_POINT('Ctrl Pts',(43.4192351036588,28.5633903685593,0.));
#9926=CARTESIAN_POINT('Ctrl Pts',(43.4369045589119,28.5366648435593,0.));
#9927=CARTESIAN_POINT('',(43.3560723159462,28.7233974039555,0.2));
#9928=CARTESIAN_POINT('',(43.3560723159462,28.7233974039555,0.));
#9929=CARTESIAN_POINT('Ctrl Pts',(43.3560723159462,28.7233974039555,0.2));
#9930=CARTESIAN_POINT('Ctrl Pts',(43.3648561118943,28.6876616455401,0.2));
#9931=CARTESIAN_POINT('Ctrl Pts',(43.3812974742419,28.6207720506144,0.2));
#9932=CARTESIAN_POINT('Ctrl Pts',(43.4192351036588,28.5633903685593,0.2));
#9933=CARTESIAN_POINT('Ctrl Pts',(43.4369045589119,28.5366648435593,0.2));
#9934=CARTESIAN_POINT('Origin',(43.5361540410668,28.7479540705681,0.));
#9935=CARTESIAN_POINT('',(43.5361540410668,28.7479540705681,0.));
#9936=CARTESIAN_POINT('',(34.6329719298772,27.5338804340032,0.));
#9937=CARTESIAN_POINT('',(43.5361540410668,28.7479540705681,0.2));
#9938=CARTESIAN_POINT('',(43.5361540410668,28.7479540705681,0.));
#9939=CARTESIAN_POINT('',(43.5361540410668,28.7479540705681,0.2));
#9940=CARTESIAN_POINT('Ctrl Pts',(43.6277294252068,28.5868012160063,0.));
#9941=CARTESIAN_POINT('Ctrl Pts',(43.6277294252068,28.5868012160063,0.2));
#9942=CARTESIAN_POINT('Ctrl Pts',(43.6080112303027,28.6067656375599,0.));
#9943=CARTESIAN_POINT('Ctrl Pts',(43.6080112303027,28.6067656375599,0.2));
#9944=CARTESIAN_POINT('Ctrl Pts',(43.5632983458879,28.6520368643468,0.));
#9945=CARTESIAN_POINT('Ctrl Pts',(43.5632983458879,28.6520368643468,0.2));
#9946=CARTESIAN_POINT('Ctrl Pts',(43.5458870361027,28.7135615267852,0.));
#9947=CARTESIAN_POINT('Ctrl Pts',(43.5458870361027,28.7135615267852,0.2));
#9948=CARTESIAN_POINT('Ctrl Pts',(43.5361540410668,28.7479540705681,0.));
#9949=CARTESIAN_POINT('Ctrl Pts',(43.5361540410668,28.7479540705681,0.2));
#9950=CARTESIAN_POINT('',(43.6277294252068,28.5868012160063,0.));
#9951=CARTESIAN_POINT('Ctrl Pts',(43.6277294252068,28.5868012160063,0.));
#9952=CARTESIAN_POINT('Ctrl Pts',(43.6080112303027,28.6067656375599,0.));
#9953=CARTESIAN_POINT('Ctrl Pts',(43.5632983458879,28.6520368643468,0.));
#9954=CARTESIAN_POINT('Ctrl Pts',(43.5458870361027,28.7135615267852,0.));
#9955=CARTESIAN_POINT('Ctrl Pts',(43.5361540410668,28.7479540705681,0.));
#9956=CARTESIAN_POINT('',(43.6277294252068,28.5868012160063,0.2));
#9957=CARTESIAN_POINT('',(43.6277294252068,28.5868012160063,0.));
#9958=CARTESIAN_POINT('Ctrl Pts',(43.6277294252068,28.5868012160063,0.2));
#9959=CARTESIAN_POINT('Ctrl Pts',(43.6080112303027,28.6067656375599,0.2));
#9960=CARTESIAN_POINT('Ctrl Pts',(43.5632983458879,28.6520368643468,0.2));
#9961=CARTESIAN_POINT('Ctrl Pts',(43.5458870361027,28.7135615267852,0.2));
#9962=CARTESIAN_POINT('Ctrl Pts',(43.5361540410668,28.7479540705681,0.2));
#9963=CARTESIAN_POINT('Ctrl Pts',(43.8195782992989,28.5412692278624,0.));
#9964=CARTESIAN_POINT('Ctrl Pts',(43.8195782992989,28.5412692278624,0.2));
#9965=CARTESIAN_POINT('Ctrl Pts',(43.7811023957104,28.5418682044164,0.));
#9966=CARTESIAN_POINT('Ctrl Pts',(43.7811023957104,28.5418682044164,0.2));
#9967=CARTESIAN_POINT('Ctrl Pts',(43.7134794535544,28.5429209297092,0.));
#9968=CARTESIAN_POINT('Ctrl Pts',(43.7134794535544,28.5429209297092,0.2));
#9969=CARTESIAN_POINT('Ctrl Pts',(43.6535572631864,28.5735845098801,0.));
#9970=CARTESIAN_POINT('Ctrl Pts',(43.6535572631864,28.5735845098801,0.2));
#9971=CARTESIAN_POINT('Ctrl Pts',(43.6277294252068,28.5868012160063,0.));
#9972=CARTESIAN_POINT('Ctrl Pts',(43.6277294252068,28.5868012160063,0.2));
#9973=CARTESIAN_POINT('',(43.8195782992989,28.5412692278624,0.));
#9974=CARTESIAN_POINT('Ctrl Pts',(43.8195782992989,28.5412692278624,0.));
#9975=CARTESIAN_POINT('Ctrl Pts',(43.7811023957104,28.5418682044164,0.));
#9976=CARTESIAN_POINT('Ctrl Pts',(43.7134794535544,28.5429209297092,0.));
#9977=CARTESIAN_POINT('Ctrl Pts',(43.6535572631864,28.5735845098801,0.));
#9978=CARTESIAN_POINT('Ctrl Pts',(43.6277294252068,28.5868012160063,0.));
#9979=CARTESIAN_POINT('',(43.8195782992989,28.5412692278624,0.2));
#9980=CARTESIAN_POINT('',(43.8195782992989,28.5412692278624,0.));
#9981=CARTESIAN_POINT('Ctrl Pts',(43.8195782992989,28.5412692278624,0.2));
#9982=CARTESIAN_POINT('Ctrl Pts',(43.7811023957104,28.5418682044164,0.2));
#9983=CARTESIAN_POINT('Ctrl Pts',(43.7134794535544,28.5429209297092,0.2));
#9984=CARTESIAN_POINT('Ctrl Pts',(43.6535572631864,28.5735845098801,0.2));
#9985=CARTESIAN_POINT('Ctrl Pts',(43.6277294252068,28.5868012160063,0.2));
#9986=CARTESIAN_POINT('Ctrl Pts',(44.029333004728,28.6036839336157,0.));
#9987=CARTESIAN_POINT('Ctrl Pts',(44.029333004728,28.6036839336157,0.2));
#9988=CARTESIAN_POINT('Ctrl Pts',(44.000898946663,28.5855324129247,0.));
#9989=CARTESIAN_POINT('Ctrl Pts',(44.000898946663,28.5855324129247,0.2));
#9990=CARTESIAN_POINT('Ctrl Pts',(43.9372934355789,28.544928403892,0.));
#9991=CARTESIAN_POINT('Ctrl Pts',(43.9372934355789,28.544928403892,0.2));
#9992=CARTESIAN_POINT('Ctrl Pts',(43.8614930556685,28.5425721484267,0.));
#9993=CARTESIAN_POINT('Ctrl Pts',(43.8614930556685,28.5425721484267,0.2));
#9994=CARTESIAN_POINT('Ctrl Pts',(43.8195782992989,28.5412692278624,0.));
#9995=CARTESIAN_POINT('Ctrl Pts',(43.8195782992989,28.5412692278624,0.2));
#9996=CARTESIAN_POINT('',(44.029333004728,28.6036839336157,0.));
#9997=CARTESIAN_POINT('Ctrl Pts',(44.029333004728,28.6036839336157,0.));
#9998=CARTESIAN_POINT('Ctrl Pts',(44.000898946663,28.5855324129247,0.));
#9999=CARTESIAN_POINT('Ctrl Pts',(43.9372934355789,28.544928403892,0.));
#10000=CARTESIAN_POINT('Ctrl Pts',(43.8614930556685,28.5425721484267,0.));
#10001=CARTESIAN_POINT('Ctrl Pts',(43.8195782992989,28.5412692278624,0.));
#10002=CARTESIAN_POINT('',(44.029333004728,28.6036839336157,0.2));
#10003=CARTESIAN_POINT('',(44.029333004728,28.6036839336157,0.));
#10004=CARTESIAN_POINT('Ctrl Pts',(44.029333004728,28.6036839336157,0.2));
#10005=CARTESIAN_POINT('Ctrl Pts',(44.000898946663,28.5855324129247,0.2));
#10006=CARTESIAN_POINT('Ctrl Pts',(43.9372934355789,28.544928403892,0.2));
#10007=CARTESIAN_POINT('Ctrl Pts',(43.8614930556685,28.5425721484267,0.2));
#10008=CARTESIAN_POINT('Ctrl Pts',(43.8195782992989,28.5412692278624,0.2));
#10009=CARTESIAN_POINT('Ctrl Pts',(44.0815156791359,28.7622787803411,0.));
#10010=CARTESIAN_POINT('Ctrl Pts',(44.0815156791359,28.7622787803411,0.2));
#10011=CARTESIAN_POINT('Ctrl Pts',(44.080780629395,28.7289983834083,0.));
#10012=CARTESIAN_POINT('Ctrl Pts',(44.080780629395,28.7289983834083,0.2));
#10013=CARTESIAN_POINT('Ctrl Pts',(44.079484564971,28.670317268266,0.));
#10014=CARTESIAN_POINT('Ctrl Pts',(44.079484564971,28.670317268266,0.2));
#10015=CARTESIAN_POINT('Ctrl Pts',(44.0444835503181,28.6238135441313,0.));
#10016=CARTESIAN_POINT('Ctrl Pts',(44.0444835503181,28.6238135441313,0.2));
#10017=CARTESIAN_POINT('Ctrl Pts',(44.029333004728,28.6036839336157,0.));
#10018=CARTESIAN_POINT('Ctrl Pts',(44.029333004728,28.6036839336157,0.2));
#10019=CARTESIAN_POINT('',(44.0815156791359,28.7622787803411,0.));
#10020=CARTESIAN_POINT('Ctrl Pts',(44.0815156791359,28.7622787803411,0.));
#10021=CARTESIAN_POINT('Ctrl Pts',(44.080780629395,28.7289983834083,0.));
#10022=CARTESIAN_POINT('Ctrl Pts',(44.079484564971,28.670317268266,0.));
#10023=CARTESIAN_POINT('Ctrl Pts',(44.0444835503181,28.6238135441313,0.));
#10024=CARTESIAN_POINT('Ctrl Pts',(44.029333004728,28.6036839336157,0.));
#10025=CARTESIAN_POINT('',(44.0815156791359,28.7622787803411,0.2));
#10026=CARTESIAN_POINT('',(44.0815156791359,28.7622787803411,0.));
#10027=CARTESIAN_POINT('Ctrl Pts',(44.0815156791359,28.7622787803411,0.2));
#10028=CARTESIAN_POINT('Ctrl Pts',(44.080780629395,28.7289983834083,0.2));
#10029=CARTESIAN_POINT('Ctrl Pts',(44.079484564971,28.670317268266,0.2));
#10030=CARTESIAN_POINT('Ctrl Pts',(44.0444835503181,28.6238135441313,0.2));
#10031=CARTESIAN_POINT('Ctrl Pts',(44.029333004728,28.6036839336157,0.2));
#10032=CARTESIAN_POINT('Ctrl Pts',(44.0804928634316,28.8103687763214,0.));
#10033=CARTESIAN_POINT('Ctrl Pts',(44.0804928634316,28.8103687763214,0.2));
#10034=CARTESIAN_POINT('Ctrl Pts',(44.0807816892363,28.8000522381625,0.));
#10035=CARTESIAN_POINT('Ctrl Pts',(44.0807816892363,28.8000522381625,0.2));
#10036=CARTESIAN_POINT('Ctrl Pts',(44.0812304114181,28.7840243783434,0.));
#10037=CARTESIAN_POINT('Ctrl Pts',(44.0812304114181,28.7840243783434,0.2));
#10038=CARTESIAN_POINT('Ctrl Pts',(44.0814407335499,28.7679917877514,0.));
#10039=CARTESIAN_POINT('Ctrl Pts',(44.0814407335499,28.7679917877514,0.2));
#10040=CARTESIAN_POINT('Ctrl Pts',(44.0815156791359,28.7622787803411,0.));
#10041=CARTESIAN_POINT('Ctrl Pts',(44.0815156791359,28.7622787803411,0.2));
#10042=CARTESIAN_POINT('',(44.0804928634316,28.8103687763214,0.));
#10043=CARTESIAN_POINT('Ctrl Pts',(44.0804928634316,28.8103687763214,0.));
#10044=CARTESIAN_POINT('Ctrl Pts',(44.0807816892363,28.8000522381625,0.));
#10045=CARTESIAN_POINT('Ctrl Pts',(44.0812304114181,28.7840243783434,0.));
#10046=CARTESIAN_POINT('Ctrl Pts',(44.0814407335499,28.7679917877514,0.));
#10047=CARTESIAN_POINT('Ctrl Pts',(44.0815156791359,28.7622787803411,0.));
#10048=CARTESIAN_POINT('',(44.0804928634316,28.8103687763214,0.2));
#10049=CARTESIAN_POINT('',(44.0804928634316,28.8103687763214,0.));
#10050=CARTESIAN_POINT('Ctrl Pts',(44.0804928634316,28.8103687763214,0.2));
#10051=CARTESIAN_POINT('Ctrl Pts',(44.0807816892363,28.8000522381625,0.2));
#10052=CARTESIAN_POINT('Ctrl Pts',(44.0812304114181,28.7840243783434,0.2));
#10053=CARTESIAN_POINT('Ctrl Pts',(44.0814407335499,28.7679917877514,0.2));
#10054=CARTESIAN_POINT('Ctrl Pts',(44.0815156791359,28.7622787803411,0.2));
#10055=CARTESIAN_POINT('Ctrl Pts',(43.7520474288613,28.8738067448139,0.));
#10056=CARTESIAN_POINT('Ctrl Pts',(43.7520474288613,28.8738067448139,0.2));
#10057=CARTESIAN_POINT('Ctrl Pts',(43.8169693997533,28.8659471673645,0.));
#10058=CARTESIAN_POINT('Ctrl Pts',(43.8169693997533,28.8659471673645,0.2));
#10059=CARTESIAN_POINT('Ctrl Pts',(43.9280066472165,28.8525047867001,0.));
#10060=CARTESIAN_POINT('Ctrl Pts',(43.9280066472165,28.8525047867001,0.2));
#10061=CARTESIAN_POINT('Ctrl Pts',(44.0357468812894,28.8227332851587,0.));
#10062=CARTESIAN_POINT('Ctrl Pts',(44.0357468812894,28.8227332851587,0.2));
#10063=CARTESIAN_POINT('Ctrl Pts',(44.0804928634316,28.8103687763214,0.));
#10064=CARTESIAN_POINT('Ctrl Pts',(44.0804928634316,28.8103687763214,0.2));
#10065=CARTESIAN_POINT('',(43.7520474288613,28.8738067448139,0.));
#10066=CARTESIAN_POINT('Ctrl Pts',(43.7520474288613,28.8738067448139,0.));
#10067=CARTESIAN_POINT('Ctrl Pts',(43.8169693997533,28.8659471673645,0.));
#10068=CARTESIAN_POINT('Ctrl Pts',(43.9280066472165,28.8525047867001,0.));
#10069=CARTESIAN_POINT('Ctrl Pts',(44.0357468812894,28.8227332851587,0.));
#10070=CARTESIAN_POINT('Ctrl Pts',(44.0804928634316,28.8103687763214,0.));
#10071=CARTESIAN_POINT('',(43.7520474288613,28.8738067448139,0.2));
#10072=CARTESIAN_POINT('',(43.7520474288613,28.8738067448139,0.));
#10073=CARTESIAN_POINT('Ctrl Pts',(43.7520474288613,28.8738067448139,0.2));
#10074=CARTESIAN_POINT('Ctrl Pts',(43.8169693997533,28.8659471673645,0.2));
#10075=CARTESIAN_POINT('Ctrl Pts',(43.9280066472165,28.8525047867001,0.2));
#10076=CARTESIAN_POINT('Ctrl Pts',(44.0357468812894,28.8227332851587,0.2));
#10077=CARTESIAN_POINT('Ctrl Pts',(44.0804928634316,28.8103687763214,0.2));
#10078=CARTESIAN_POINT('Ctrl Pts',(43.5883367154747,28.9014329016209,0.));
#10079=CARTESIAN_POINT('Ctrl Pts',(43.5883367154747,28.9014329016209,0.2));
#10080=CARTESIAN_POINT('Ctrl Pts',(43.6109650548777,28.8964421467825,0.));
#10081=CARTESIAN_POINT('Ctrl Pts',(43.6109650548777,28.8964421467825,0.2));
#10082=CARTESIAN_POINT('Ctrl Pts',(43.6650614292503,28.8845110131128,0.));
#10083=CARTESIAN_POINT('Ctrl Pts',(43.6650614292503,28.8845110131128,0.2));
#10084=CARTESIAN_POINT('Ctrl Pts',(43.7200565754367,28.8777434550857,0.));
#10085=CARTESIAN_POINT('Ctrl Pts',(43.7200565754367,28.8777434550857,0.2));
#10086=CARTESIAN_POINT('Ctrl Pts',(43.7520474288613,28.8738067448139,0.));
#10087=CARTESIAN_POINT('Ctrl Pts',(43.7520474288613,28.8738067448139,0.2));
#10088=CARTESIAN_POINT('',(43.5883367154747,28.9014329016209,0.));
#10089=CARTESIAN_POINT('Ctrl Pts',(43.5883367154747,28.9014329016209,0.));
#10090=CARTESIAN_POINT('Ctrl Pts',(43.6109650548777,28.8964421467825,0.));
#10091=CARTESIAN_POINT('Ctrl Pts',(43.6650614292503,28.8845110131128,0.));
#10092=CARTESIAN_POINT('Ctrl Pts',(43.7200565754367,28.8777434550857,0.));
#10093=CARTESIAN_POINT('Ctrl Pts',(43.7520474288613,28.8738067448139,0.));
#10094=CARTESIAN_POINT('',(43.5883367154747,28.9014329016209,0.2));
#10095=CARTESIAN_POINT('',(43.5883367154747,28.9014329016209,0.));
#10096=CARTESIAN_POINT('Ctrl Pts',(43.5883367154747,28.9014329016209,0.2));
#10097=CARTESIAN_POINT('Ctrl Pts',(43.6109650548777,28.8964421467825,0.2));
#10098=CARTESIAN_POINT('Ctrl Pts',(43.6650614292503,28.8845110131128,0.2));
#10099=CARTESIAN_POINT('Ctrl Pts',(43.7200565754367,28.8777434550857,0.2));
#10100=CARTESIAN_POINT('Ctrl Pts',(43.7520474288613,28.8738067448139,0.2));
#10101=CARTESIAN_POINT('Ctrl Pts',(43.4558332059532,28.9618013799191,0.));
#10102=CARTESIAN_POINT('Ctrl Pts',(43.4558332059532,28.9618013799191,0.2));
#10103=CARTESIAN_POINT('Ctrl Pts',(43.4762827473527,28.9492494582455,0.));
#10104=CARTESIAN_POINT('Ctrl Pts',(43.4762827473527,28.9492494582455,0.2));
#10105=CARTESIAN_POINT('Ctrl Pts',(43.5179550041177,28.9236710409767,0.));
#10106=CARTESIAN_POINT('Ctrl Pts',(43.5179550041177,28.9236710409767,0.2));
#10107=CARTESIAN_POINT('Ctrl Pts',(43.5645877419643,28.9089367399377,0.));
#10108=CARTESIAN_POINT('Ctrl Pts',(43.5645877419643,28.9089367399377,0.2));
#10109=CARTESIAN_POINT('Ctrl Pts',(43.5883367154747,28.9014329016209,0.));
#10110=CARTESIAN_POINT('Ctrl Pts',(43.5883367154747,28.9014329016209,0.2));
#10111=CARTESIAN_POINT('',(43.4558332059532,28.9618013799191,0.));
#10112=CARTESIAN_POINT('Ctrl Pts',(43.4558332059532,28.9618013799191,0.));
#10113=CARTESIAN_POINT('Ctrl Pts',(43.4762827473527,28.9492494582455,0.));
#10114=CARTESIAN_POINT('Ctrl Pts',(43.5179550041177,28.9236710409767,0.));
#10115=CARTESIAN_POINT('Ctrl Pts',(43.5645877419643,28.9089367399377,0.));
#10116=CARTESIAN_POINT('Ctrl Pts',(43.5883367154747,28.9014329016209,0.));
#10117=CARTESIAN_POINT('',(43.4558332059532,28.9618013799191,0.2));
#10118=CARTESIAN_POINT('',(43.4558332059532,28.9618013799191,0.));
#10119=CARTESIAN_POINT('Ctrl Pts',(43.4558332059532,28.9618013799191,0.2));
#10120=CARTESIAN_POINT('Ctrl Pts',(43.4762827473527,28.9492494582455,0.2));
#10121=CARTESIAN_POINT('Ctrl Pts',(43.5179550041177,28.9236710409767,0.2));
#10122=CARTESIAN_POINT('Ctrl Pts',(43.5645877419643,28.9089367399377,0.2));
#10123=CARTESIAN_POINT('Ctrl Pts',(43.5883367154747,28.9014329016209,0.2));
#10124=CARTESIAN_POINT('Ctrl Pts',(43.3606761787087,29.0677016973495,0.));
#10125=CARTESIAN_POINT('Ctrl Pts',(43.3606761787087,29.0677016973495,0.2));
#10126=CARTESIAN_POINT('Ctrl Pts',(43.3735699373702,29.0468942607541,0.));
#10127=CARTESIAN_POINT('Ctrl Pts',(43.3735699373702,29.0468942607541,0.2));
#10128=CARTESIAN_POINT('Ctrl Pts',(43.3989736376626,29.0058987762717,0.));
#10129=CARTESIAN_POINT('Ctrl Pts',(43.3989736376626,29.0058987762717,0.2));
#10130=CARTESIAN_POINT('Ctrl Pts',(43.4370718882747,28.9763517060408,0.));
#10131=CARTESIAN_POINT('Ctrl Pts',(43.4370718882747,28.9763517060408,0.2));
#10132=CARTESIAN_POINT('Ctrl Pts',(43.4558332059532,28.9618013799191,0.));
#10133=CARTESIAN_POINT('Ctrl Pts',(43.4558332059532,28.9618013799191,0.2));
#10134=CARTESIAN_POINT('',(43.3606761787087,29.0677016973495,0.));
#10135=CARTESIAN_POINT('Ctrl Pts',(43.3606761787087,29.0677016973495,0.));
#10136=CARTESIAN_POINT('Ctrl Pts',(43.3735699373702,29.0468942607541,0.));
#10137=CARTESIAN_POINT('Ctrl Pts',(43.3989736376626,29.0058987762717,0.));
#10138=CARTESIAN_POINT('Ctrl Pts',(43.4370718882747,28.9763517060408,0.));
#10139=CARTESIAN_POINT('Ctrl Pts',(43.4558332059532,28.9618013799191,0.));
#10140=CARTESIAN_POINT('',(43.3606761787087,29.0677016973495,0.2));
#10141=CARTESIAN_POINT('',(43.3606761787087,29.0677016973495,0.));
#10142=CARTESIAN_POINT('Ctrl Pts',(43.3606761787087,29.0677016973495,0.2));
#10143=CARTESIAN_POINT('Ctrl Pts',(43.3735699373702,29.0468942607541,0.2));
#10144=CARTESIAN_POINT('Ctrl Pts',(43.3989736376626,29.0058987762717,0.2));
#10145=CARTESIAN_POINT('Ctrl Pts',(43.4370718882747,28.9763517060408,0.2));
#10146=CARTESIAN_POINT('Ctrl Pts',(43.4558332059532,28.9618013799191,0.2));
#10147=CARTESIAN_POINT('Ctrl Pts',(43.3243531081825,29.2135065793991,0.));
#10148=CARTESIAN_POINT('Ctrl Pts',(43.3243531081825,29.2135065793991,0.2));
#10149=CARTESIAN_POINT('Ctrl Pts',(43.3257728479849,29.1876509988065,0.));
#10150=CARTESIAN_POINT('Ctrl Pts',(43.3257728479849,29.1876509988065,0.2));
#10151=CARTESIAN_POINT('Ctrl Pts',(43.3285699995696,29.1367106940359,0.));
#10152=CARTESIAN_POINT('Ctrl Pts',(43.3285699995696,29.1367106940359,0.2));
#10153=CARTESIAN_POINT('Ctrl Pts',(43.3500826326193,29.090471457146,0.));
#10154=CARTESIAN_POINT('Ctrl Pts',(43.3500826326193,29.090471457146,0.2));
#10155=CARTESIAN_POINT('Ctrl Pts',(43.3606761787087,29.0677016973495,0.));
#10156=CARTESIAN_POINT('Ctrl Pts',(43.3606761787087,29.0677016973495,0.2));
#10157=CARTESIAN_POINT('',(43.3243531081825,29.2135065793991,0.));
#10158=CARTESIAN_POINT('Ctrl Pts',(43.3243531081825,29.2135065793991,0.));
#10159=CARTESIAN_POINT('Ctrl Pts',(43.3257728479849,29.1876509988065,0.));
#10160=CARTESIAN_POINT('Ctrl Pts',(43.3285699995696,29.1367106940359,0.));
#10161=CARTESIAN_POINT('Ctrl Pts',(43.3500826326193,29.090471457146,0.));
#10162=CARTESIAN_POINT('Ctrl Pts',(43.3606761787087,29.0677016973495,0.));
#10163=CARTESIAN_POINT('',(43.3243531081825,29.2135065793991,0.2));
#10164=CARTESIAN_POINT('',(43.3243531081825,29.2135065793991,0.));
#10165=CARTESIAN_POINT('Ctrl Pts',(43.3243531081825,29.2135065793991,0.2));
#10166=CARTESIAN_POINT('Ctrl Pts',(43.3257728479849,29.1876509988065,0.2));
#10167=CARTESIAN_POINT('Ctrl Pts',(43.3285699995696,29.1367106940359,0.2));
#10168=CARTESIAN_POINT('Ctrl Pts',(43.3500826326193,29.090471457146,0.2));
#10169=CARTESIAN_POINT('Ctrl Pts',(43.3606761787087,29.0677016973495,0.2));
#10170=CARTESIAN_POINT('Ctrl Pts',(43.4205329511315,29.43707421422,0.));
#10171=CARTESIAN_POINT('Ctrl Pts',(43.4205329511315,29.43707421422,0.2));
#10172=CARTESIAN_POINT('Ctrl Pts',(43.3924819078108,29.4056001656262,0.));
#10173=CARTESIAN_POINT('Ctrl Pts',(43.3924819078108,29.4056001656262,0.2));
#10174=CARTESIAN_POINT('Ctrl Pts',(43.3356409289028,29.3418230108222,0.));
#10175=CARTESIAN_POINT('Ctrl Pts',(43.3356409289028,29.3418230108222,0.2));
#10176=CARTESIAN_POINT('Ctrl Pts',(43.328148181882,29.256647795597,0.));
#10177=CARTESIAN_POINT('Ctrl Pts',(43.328148181882,29.256647795597,0.2));
#10178=CARTESIAN_POINT('Ctrl Pts',(43.3243531081825,29.2135065793991,0.));
#10179=CARTESIAN_POINT('Ctrl Pts',(43.3243531081825,29.2135065793991,0.2));
#10180=CARTESIAN_POINT('',(43.4205329511315,29.43707421422,0.));
#10181=CARTESIAN_POINT('Ctrl Pts',(43.4205329511315,29.43707421422,0.));
#10182=CARTESIAN_POINT('Ctrl Pts',(43.3924819078108,29.4056001656262,0.));
#10183=CARTESIAN_POINT('Ctrl Pts',(43.3356409289028,29.3418230108222,0.));
#10184=CARTESIAN_POINT('Ctrl Pts',(43.328148181882,29.256647795597,0.));
#10185=CARTESIAN_POINT('Ctrl Pts',(43.3243531081825,29.2135065793991,0.));
#10186=CARTESIAN_POINT('',(43.4205329511315,29.43707421422,0.2));
#10187=CARTESIAN_POINT('',(43.4205329511315,29.43707421422,0.));
#10188=CARTESIAN_POINT('Ctrl Pts',(43.4205329511315,29.43707421422,0.2));
#10189=CARTESIAN_POINT('Ctrl Pts',(43.3924819078108,29.4056001656262,0.2));
#10190=CARTESIAN_POINT('Ctrl Pts',(43.3356409289028,29.3418230108222,0.2));
#10191=CARTESIAN_POINT('Ctrl Pts',(43.328148181882,29.256647795597,0.2));
#10192=CARTESIAN_POINT('Ctrl Pts',(43.3243531081825,29.2135065793991,0.2));
#10193=CARTESIAN_POINT('Ctrl Pts',(43.6957717034966,29.5245571434498,0.));
#10194=CARTESIAN_POINT('Ctrl Pts',(43.6957717034966,29.5245571434498,0.2));
#10195=CARTESIAN_POINT('Ctrl Pts',(43.6412743799927,29.5223759304369,0.));
#10196=CARTESIAN_POINT('Ctrl Pts',(43.6412743799927,29.5223759304369,0.2));
#10197=CARTESIAN_POINT('Ctrl Pts',(43.5410718025947,29.5183654001633,0.));
#10198=CARTESIAN_POINT('Ctrl Pts',(43.5410718025947,29.5183654001633,0.2));
#10199=CARTESIAN_POINT('Ctrl Pts',(43.4582914371664,29.4625384697024,0.));
#10200=CARTESIAN_POINT('Ctrl Pts',(43.4582914371664,29.4625384697024,0.2));
#10201=CARTESIAN_POINT('Ctrl Pts',(43.4205329511315,29.43707421422,0.));
#10202=CARTESIAN_POINT('Ctrl Pts',(43.4205329511315,29.43707421422,0.2));
#10203=CARTESIAN_POINT('',(43.6957717034966,29.5245571434498,0.));
#10204=CARTESIAN_POINT('Ctrl Pts',(43.6957717034966,29.5245571434498,0.));
#10205=CARTESIAN_POINT('Ctrl Pts',(43.6412743799927,29.5223759304369,0.));
#10206=CARTESIAN_POINT('Ctrl Pts',(43.5410718025947,29.5183654001633,0.));
#10207=CARTESIAN_POINT('Ctrl Pts',(43.4582914371664,29.4625384697024,0.));
#10208=CARTESIAN_POINT('Ctrl Pts',(43.4205329511315,29.43707421422,0.));
#10209=CARTESIAN_POINT('',(43.6957717034966,29.5245571434498,0.2));
#10210=CARTESIAN_POINT('',(43.6957717034966,29.5245571434498,0.));
#10211=CARTESIAN_POINT('Ctrl Pts',(43.6957717034966,29.5245571434498,0.2));
#10212=CARTESIAN_POINT('Ctrl Pts',(43.6412743799927,29.5223759304369,0.2));
#10213=CARTESIAN_POINT('Ctrl Pts',(43.5410718025947,29.5183654001633,0.2));
#10214=CARTESIAN_POINT('Ctrl Pts',(43.4582914371664,29.4625384697024,0.2));
#10215=CARTESIAN_POINT('Ctrl Pts',(43.4205329511315,29.43707421422,0.2));
#10216=CARTESIAN_POINT('Ctrl Pts',(43.8988757226616,29.4887453317642,0.));
#10217=CARTESIAN_POINT('Ctrl Pts',(43.8988757226616,29.4887453317642,0.2));
#10218=CARTESIAN_POINT('Ctrl Pts',(43.8664414518628,29.4991895378807,0.));
#10219=CARTESIAN_POINT('Ctrl Pts',(43.8664414518628,29.4991895378807,0.2));
#10220=CARTESIAN_POINT('Ctrl Pts',(43.8004005650476,29.5204554586808,0.));
#10221=CARTESIAN_POINT('Ctrl Pts',(43.8004005650476,29.5204554586808,0.2));
#10222=CARTESIAN_POINT('Ctrl Pts',(43.7310583075203,29.523173829858,0.));
#10223=CARTESIAN_POINT('Ctrl Pts',(43.7310583075203,29.523173829858,0.2));
#10224=CARTESIAN_POINT('Ctrl Pts',(43.6957717034966,29.5245571434498,0.));
#10225=CARTESIAN_POINT('Ctrl Pts',(43.6957717034966,29.5245571434498,0.2));
#10226=CARTESIAN_POINT('',(43.8988757226616,29.4887453317642,0.));
#10227=CARTESIAN_POINT('Ctrl Pts',(43.8988757226616,29.4887453317642,0.));
#10228=CARTESIAN_POINT('Ctrl Pts',(43.8664414518628,29.4991895378807,0.));
#10229=CARTESIAN_POINT('Ctrl Pts',(43.8004005650476,29.5204554586808,0.));
#10230=CARTESIAN_POINT('Ctrl Pts',(43.7310583075203,29.523173829858,0.));
#10231=CARTESIAN_POINT('Ctrl Pts',(43.6957717034966,29.5245571434498,0.));
#10232=CARTESIAN_POINT('',(43.8988757226616,29.4887453317642,0.2));
#10233=CARTESIAN_POINT('',(43.8988757226616,29.4887453317642,0.));
#10234=CARTESIAN_POINT('Ctrl Pts',(43.8988757226616,29.4887453317642,0.2));
#10235=CARTESIAN_POINT('Ctrl Pts',(43.8664414518628,29.4991895378807,0.2));
#10236=CARTESIAN_POINT('Ctrl Pts',(43.8004005650476,29.5204554586808,0.2));
#10237=CARTESIAN_POINT('Ctrl Pts',(43.7310583075203,29.523173829858,0.2));
#10238=CARTESIAN_POINT('Ctrl Pts',(43.6957717034966,29.5245571434498,0.2));
#10239=CARTESIAN_POINT('Ctrl Pts',(44.0958398673683,29.3659622967243,0.));
#10240=CARTESIAN_POINT('Ctrl Pts',(44.0958398673683,29.3659622967243,0.2));
#10241=CARTESIAN_POINT('Ctrl Pts',(44.0633649200123,29.3923024589073,0.));
#10242=CARTESIAN_POINT('Ctrl Pts',(44.0633649200123,29.3923024589073,0.2));
#10243=CARTESIAN_POINT('Ctrl Pts',(44.0027666646248,29.4414532044778,0.));
#10244=CARTESIAN_POINT('Ctrl Pts',(44.0027666646248,29.4414532044778,0.2));
#10245=CARTESIAN_POINT('Ctrl Pts',(43.931807479609,29.4737544883674,0.));
#10246=CARTESIAN_POINT('Ctrl Pts',(43.931807479609,29.4737544883674,0.2));
#10247=CARTESIAN_POINT('Ctrl Pts',(43.8988757226616,29.4887453317642,0.));
#10248=CARTESIAN_POINT('Ctrl Pts',(43.8988757226616,29.4887453317642,0.2));
#10249=CARTESIAN_POINT('',(44.0958398673683,29.3659622967243,0.));
#10250=CARTESIAN_POINT('Ctrl Pts',(44.0958398673683,29.3659622967243,0.));
#10251=CARTESIAN_POINT('Ctrl Pts',(44.0633649200123,29.3923024589073,0.));
#10252=CARTESIAN_POINT('Ctrl Pts',(44.0027666646248,29.4414532044778,0.));
#10253=CARTESIAN_POINT('Ctrl Pts',(43.931807479609,29.4737544883674,0.));
#10254=CARTESIAN_POINT('Ctrl Pts',(43.8988757226616,29.4887453317642,0.));
#10255=CARTESIAN_POINT('',(44.0958398673683,29.3659622967243,0.2));
#10256=CARTESIAN_POINT('',(44.0958398673683,29.3659622967243,0.));
#10257=CARTESIAN_POINT('Ctrl Pts',(44.0958398673683,29.3659622967243,0.2));
#10258=CARTESIAN_POINT('Ctrl Pts',(44.0633649200123,29.3923024589073,0.2));
#10259=CARTESIAN_POINT('Ctrl Pts',(44.0027666646248,29.4414532044778,0.2));
#10260=CARTESIAN_POINT('Ctrl Pts',(43.931807479609,29.4737544883674,0.2));
#10261=CARTESIAN_POINT('Ctrl Pts',(43.8988757226616,29.4887453317642,0.2));
#10262=CARTESIAN_POINT('Ctrl Pts',(44.1326755378395,29.5000004768372,0.));
#10263=CARTESIAN_POINT('Ctrl Pts',(44.1326755378395,29.5000004768372,0.2));
#10264=CARTESIAN_POINT('Ctrl Pts',(44.1239227450957,29.4795345186749,0.));
#10265=CARTESIAN_POINT('Ctrl Pts',(44.1239227450957,29.4795345186749,0.2));
#10266=CARTESIAN_POINT('Ctrl Pts',(44.1055434645393,29.4365597107561,0.));
#10267=CARTESIAN_POINT('Ctrl Pts',(44.1055434645393,29.4365597107561,0.2));
#10268=CARTESIAN_POINT('Ctrl Pts',(44.0991753073632,29.3902289098314,0.));
#10269=CARTESIAN_POINT('Ctrl Pts',(44.0991753073632,29.3902289098314,0.2));
#10270=CARTESIAN_POINT('Ctrl Pts',(44.0958398673683,29.3659622967243,0.));
#10271=CARTESIAN_POINT('Ctrl Pts',(44.0958398673683,29.3659622967243,0.2));
#10272=CARTESIAN_POINT('Ctrl Pts',(44.1326755378395,29.5000004768372,0.));
#10273=CARTESIAN_POINT('Ctrl Pts',(44.1239227450957,29.4795345186749,0.));
#10274=CARTESIAN_POINT('Ctrl Pts',(44.1055434645393,29.4365597107561,0.));
#10275=CARTESIAN_POINT('Ctrl Pts',(44.0991753073632,29.3902289098314,0.));
#10276=CARTESIAN_POINT('Ctrl Pts',(44.0958398673683,29.3659622967243,0.));
#10277=CARTESIAN_POINT('Ctrl Pts',(44.1326755378395,29.5000004768372,0.2));
#10278=CARTESIAN_POINT('Ctrl Pts',(44.1239227450957,29.4795345186749,0.2));
#10279=CARTESIAN_POINT('Ctrl Pts',(44.1055434645393,29.4365597107561,0.2));
#10280=CARTESIAN_POINT('Ctrl Pts',(44.0991753073632,29.3902289098314,0.2));
#10281=CARTESIAN_POINT('Ctrl Pts',(44.0958398673683,29.3659622967243,0.2));
#10282=CARTESIAN_POINT('Origin',(40.4440660076216,28.762278854847,0.2));
#10283=CARTESIAN_POINT('Ctrl Pts',(41.5204650256783,28.540246039629,0.));
#10284=CARTESIAN_POINT('Ctrl Pts',(41.5204650256783,28.540246039629,0.2));
#10285=CARTESIAN_POINT('Ctrl Pts',(41.4810931221277,28.5452156680008,0.));
#10286=CARTESIAN_POINT('Ctrl Pts',(41.4810931221277,28.5452156680008,0.2));
#10287=CARTESIAN_POINT('Ctrl Pts',(41.3993910429593,28.5555283258624,0.));
#10288=CARTESIAN_POINT('Ctrl Pts',(41.3993910429593,28.5555283258624,0.2));
#10289=CARTESIAN_POINT('Ctrl Pts',(41.3416497354903,28.6145459664978,0.));
#10290=CARTESIAN_POINT('Ctrl Pts',(41.3416497354903,28.6145459664978,0.2));
#10291=CARTESIAN_POINT('Ctrl Pts',(41.311733732,28.6451232433319,0.));
#10292=CARTESIAN_POINT('Ctrl Pts',(41.311733732,28.6451232433319,0.2));
#10293=CARTESIAN_POINT('',(41.5204650256783,28.540246039629,0.));
#10294=CARTESIAN_POINT('',(41.311733732,28.6451232433319,0.));
#10295=CARTESIAN_POINT('Ctrl Pts',(41.5204650256783,28.540246039629,0.));
#10296=CARTESIAN_POINT('Ctrl Pts',(41.4810931221277,28.5452156680008,0.));
#10297=CARTESIAN_POINT('Ctrl Pts',(41.3993910429593,28.5555283258624,0.));
#10298=CARTESIAN_POINT('Ctrl Pts',(41.3416497354903,28.6145459664978,0.));
#10299=CARTESIAN_POINT('Ctrl Pts',(41.311733732,28.6451232433319,0.));
#10300=CARTESIAN_POINT('',(41.5204650256783,28.540246039629,0.2));
#10301=CARTESIAN_POINT('',(41.5204650256783,28.540246039629,0.));
#10302=CARTESIAN_POINT('',(41.311733732,28.6451232433319,0.2));
#10303=CARTESIAN_POINT('Ctrl Pts',(41.5204650256783,28.540246039629,0.2));
#10304=CARTESIAN_POINT('Ctrl Pts',(41.4810931221277,28.5452156680008,0.2));
#10305=CARTESIAN_POINT('Ctrl Pts',(41.3993910429593,28.5555283258624,0.2));
#10306=CARTESIAN_POINT('Ctrl Pts',(41.3416497354903,28.6145459664978,0.2));
#10307=CARTESIAN_POINT('Ctrl Pts',(41.311733732,28.6451232433319,0.2));
#10308=CARTESIAN_POINT('',(41.311733732,28.6451232433319,0.));
#10309=CARTESIAN_POINT('Ctrl Pts',(41.7245918605477,28.641542121768,0.));
#10310=CARTESIAN_POINT('Ctrl Pts',(41.7245918605477,28.641542121768,0.2));
#10311=CARTESIAN_POINT('Ctrl Pts',(41.6955694001924,28.6120041784167,0.));
#10312=CARTESIAN_POINT('Ctrl Pts',(41.6955694001924,28.6120041784167,0.2));
#10313=CARTESIAN_POINT('Ctrl Pts',(41.6390996804845,28.55453147068,0.));
#10314=CARTESIAN_POINT('Ctrl Pts',(41.6390996804845,28.55453147068,0.2));
#10315=CARTESIAN_POINT('Ctrl Pts',(41.5592676157516,28.5449184662989,0.));
#10316=CARTESIAN_POINT('Ctrl Pts',(41.5592676157516,28.5449184662989,0.2));
#10317=CARTESIAN_POINT('Ctrl Pts',(41.5204650256783,28.540246039629,0.));
#10318=CARTESIAN_POINT('Ctrl Pts',(41.5204650256783,28.540246039629,0.2));
#10319=CARTESIAN_POINT('',(41.7245918605477,28.641542121768,0.));
#10320=CARTESIAN_POINT('Ctrl Pts',(41.7245918605477,28.641542121768,0.));
#10321=CARTESIAN_POINT('Ctrl Pts',(41.6955694001924,28.6120041784167,0.));
#10322=CARTESIAN_POINT('Ctrl Pts',(41.6390996804845,28.55453147068,0.));
#10323=CARTESIAN_POINT('Ctrl Pts',(41.5592676157516,28.5449184662989,0.));
#10324=CARTESIAN_POINT('Ctrl Pts',(41.5204650256783,28.540246039629,0.));
#10325=CARTESIAN_POINT('',(41.7245918605477,28.641542121768,0.2));
#10326=CARTESIAN_POINT('',(41.7245918605477,28.641542121768,0.));
#10327=CARTESIAN_POINT('Ctrl Pts',(41.7245918605477,28.641542121768,0.2));
#10328=CARTESIAN_POINT('Ctrl Pts',(41.6955694001924,28.6120041784167,0.2));
#10329=CARTESIAN_POINT('Ctrl Pts',(41.6390996804845,28.55453147068,0.2));
#10330=CARTESIAN_POINT('Ctrl Pts',(41.5592676157516,28.5449184662989,0.2));
#10331=CARTESIAN_POINT('Ctrl Pts',(41.5204650256783,28.540246039629,0.2));
#10332=CARTESIAN_POINT('Ctrl Pts',(41.8090051505715,28.9556621015072,0.));
#10333=CARTESIAN_POINT('Ctrl Pts',(41.8090051505715,28.9556621015072,0.2));
#10334=CARTESIAN_POINT('Ctrl Pts',(41.8076878759592,28.892341898914,0.));
#10335=CARTESIAN_POINT('Ctrl Pts',(41.8076878759592,28.892341898914,0.2));
#10336=CARTESIAN_POINT('Ctrl Pts',(41.805352560647,28.7800853980193,0.));
#10337=CARTESIAN_POINT('Ctrl Pts',(41.805352560647,28.7800853980193,0.2));
#10338=CARTESIAN_POINT('Ctrl Pts',(41.7491098894597,28.6836022828181,0.));
#10339=CARTESIAN_POINT('Ctrl Pts',(41.7491098894597,28.6836022828181,0.2));
#10340=CARTESIAN_POINT('Ctrl Pts',(41.7245918605477,28.641542121768,0.));
#10341=CARTESIAN_POINT('Ctrl Pts',(41.7245918605477,28.641542121768,0.2));
#10342=CARTESIAN_POINT('',(41.8090051505715,28.9556621015072,0.));
#10343=CARTESIAN_POINT('Ctrl Pts',(41.8090051505715,28.9556621015072,0.));
#10344=CARTESIAN_POINT('Ctrl Pts',(41.8076878759592,28.892341898914,0.));
#10345=CARTESIAN_POINT('Ctrl Pts',(41.805352560647,28.7800853980193,0.));
#10346=CARTESIAN_POINT('Ctrl Pts',(41.7491098894597,28.6836022828181,0.));
#10347=CARTESIAN_POINT('Ctrl Pts',(41.7245918605477,28.641542121768,0.));
#10348=CARTESIAN_POINT('',(41.8090051505715,28.9556621015072,0.2));
#10349=CARTESIAN_POINT('',(41.8090051505715,28.9556621015072,0.));
#10350=CARTESIAN_POINT('Ctrl Pts',(41.8090051505715,28.9556621015072,0.2));
#10351=CARTESIAN_POINT('Ctrl Pts',(41.8076878759592,28.892341898914,0.2));
#10352=CARTESIAN_POINT('Ctrl Pts',(41.805352560647,28.7800853980193,0.2));
#10353=CARTESIAN_POINT('Ctrl Pts',(41.7491098894597,28.6836022828181,0.2));
#10354=CARTESIAN_POINT('Ctrl Pts',(41.7245918605477,28.641542121768,0.2));
#10355=CARTESIAN_POINT('Ctrl Pts',(41.7210102174431,29.2682473361492,0.));
#10356=CARTESIAN_POINT('Ctrl Pts',(41.7210102174431,29.2682473361492,0.2));
#10357=CARTESIAN_POINT('Ctrl Pts',(41.7465922289005,29.2258044625404,0.));
#10358=CARTESIAN_POINT('Ctrl Pts',(41.7465922289005,29.2258044625404,0.2));
#10359=CARTESIAN_POINT('Ctrl Pts',(41.8042273250738,29.1301826187928,0.));
#10360=CARTESIAN_POINT('Ctrl Pts',(41.8042273250738,29.1301826187928,0.2));
#10361=CARTESIAN_POINT('Ctrl Pts',(41.8072976341081,29.0180328717667,0.));
#10362=CARTESIAN_POINT('Ctrl Pts',(41.8072976341081,29.0180328717667,0.2));
#10363=CARTESIAN_POINT('Ctrl Pts',(41.8090051505715,28.9556621015072,0.));
#10364=CARTESIAN_POINT('Ctrl Pts',(41.8090051505715,28.9556621015072,0.2));
#10365=CARTESIAN_POINT('',(41.7210102174431,29.2682473361492,0.));
#10366=CARTESIAN_POINT('Ctrl Pts',(41.7210102174431,29.2682473361492,0.));
#10367=CARTESIAN_POINT('Ctrl Pts',(41.7465922289005,29.2258044625404,0.));
#10368=CARTESIAN_POINT('Ctrl Pts',(41.8042273250738,29.1301826187928,0.));
#10369=CARTESIAN_POINT('Ctrl Pts',(41.8072976341081,29.0180328717667,0.));
#10370=CARTESIAN_POINT('Ctrl Pts',(41.8090051505715,28.9556621015072,0.));
#10371=CARTESIAN_POINT('',(41.7210102174431,29.2682473361492,0.2));
#10372=CARTESIAN_POINT('',(41.7210102174431,29.2682473361492,0.));
#10373=CARTESIAN_POINT('Ctrl Pts',(41.7210102174431,29.2682473361492,0.2));
#10374=CARTESIAN_POINT('Ctrl Pts',(41.7465922289005,29.2258044625404,0.2));
#10375=CARTESIAN_POINT('Ctrl Pts',(41.8042273250738,29.1301826187928,0.2));
#10376=CARTESIAN_POINT('Ctrl Pts',(41.8072976341081,29.0180328717667,0.2));
#10377=CARTESIAN_POINT('Ctrl Pts',(41.8090051505715,28.9556621015072,0.2));
#10378=CARTESIAN_POINT('Ctrl Pts',(41.5122789237648,29.3731246888638,0.));
#10379=CARTESIAN_POINT('Ctrl Pts',(41.5122789237648,29.3731246888638,0.2));
#10380=CARTESIAN_POINT('Ctrl Pts',(41.551650588791,29.368154932742,0.));
#10381=CARTESIAN_POINT('Ctrl Pts',(41.551650588791,29.368154932742,0.2));
#10382=CARTESIAN_POINT('Ctrl Pts',(41.6333525304301,29.3578419646634,0.));
#10383=CARTESIAN_POINT('Ctrl Pts',(41.6333525304301,29.3578419646634,0.2));
#10384=CARTESIAN_POINT('Ctrl Pts',(41.6910940054233,29.2988245963279,0.));
#10385=CARTESIAN_POINT('Ctrl Pts',(41.6910940054233,29.2988245963279,0.2));
#10386=CARTESIAN_POINT('Ctrl Pts',(41.7210102174431,29.2682473361492,0.));
#10387=CARTESIAN_POINT('Ctrl Pts',(41.7210102174431,29.2682473361492,0.2));
#10388=CARTESIAN_POINT('',(41.5122789237648,29.3731246888638,0.));
#10389=CARTESIAN_POINT('Ctrl Pts',(41.5122789237648,29.3731246888638,0.));
#10390=CARTESIAN_POINT('Ctrl Pts',(41.551650588791,29.368154932742,0.));
#10391=CARTESIAN_POINT('Ctrl Pts',(41.6333525304301,29.3578419646634,0.));
#10392=CARTESIAN_POINT('Ctrl Pts',(41.6910940054233,29.2988245963279,0.));
#10393=CARTESIAN_POINT('Ctrl Pts',(41.7210102174431,29.2682473361492,0.));
#10394=CARTESIAN_POINT('',(41.5122789237648,29.3731246888638,0.2));
#10395=CARTESIAN_POINT('',(41.5122789237648,29.3731246888638,0.));
#10396=CARTESIAN_POINT('Ctrl Pts',(41.5122789237648,29.3731246888638,0.2));
#10397=CARTESIAN_POINT('Ctrl Pts',(41.551650588791,29.368154932742,0.2));
#10398=CARTESIAN_POINT('Ctrl Pts',(41.6333525304301,29.3578419646634,0.2));
#10399=CARTESIAN_POINT('Ctrl Pts',(41.6910940054233,29.2988245963279,0.2));
#10400=CARTESIAN_POINT('Ctrl Pts',(41.7210102174431,29.2682473361492,0.2));
#10401=CARTESIAN_POINT('Ctrl Pts',(41.2769448850304,29.2309008538723,0.));
#10402=CARTESIAN_POINT('Ctrl Pts',(41.2769448850304,29.2309008538723,0.2));
#10403=CARTESIAN_POINT('Ctrl Pts',(41.3075587098593,29.2723673569175,0.));
#10404=CARTESIAN_POINT('Ctrl Pts',(41.3075587098593,29.2723673569175,0.2));
#10405=CARTESIAN_POINT('Ctrl Pts',(41.3666896998645,29.3524604322134,0.));
#10406=CARTESIAN_POINT('Ctrl Pts',(41.3666896998645,29.3524604322134,0.2));
#10407=CARTESIAN_POINT('Ctrl Pts',(41.464910077983,29.3664013754189,0.));
#10408=CARTESIAN_POINT('Ctrl Pts',(41.464910077983,29.3664013754189,0.2));
#10409=CARTESIAN_POINT('Ctrl Pts',(41.5122789237648,29.3731246888638,0.));
#10410=CARTESIAN_POINT('Ctrl Pts',(41.5122789237648,29.3731246888638,0.2));
#10411=CARTESIAN_POINT('',(41.2769448850304,29.2309008538723,0.));
#10412=CARTESIAN_POINT('Ctrl Pts',(41.2769448850304,29.2309008538723,0.));
#10413=CARTESIAN_POINT('Ctrl Pts',(41.3075587098593,29.2723673569175,0.));
#10414=CARTESIAN_POINT('Ctrl Pts',(41.3666896998645,29.3524604322134,0.));
#10415=CARTESIAN_POINT('Ctrl Pts',(41.464910077983,29.3664013754189,0.));
#10416=CARTESIAN_POINT('Ctrl Pts',(41.5122789237648,29.3731246888638,0.));
#10417=CARTESIAN_POINT('',(41.2769448850304,29.2309008538723,0.2));
#10418=CARTESIAN_POINT('',(41.2769448850304,29.2309008538723,0.));
#10419=CARTESIAN_POINT('Ctrl Pts',(41.2769448850304,29.2309008538723,0.2));
#10420=CARTESIAN_POINT('Ctrl Pts',(41.3075587098593,29.2723673569175,0.2));
#10421=CARTESIAN_POINT('Ctrl Pts',(41.3666896998645,29.3524604322134,0.2));
#10422=CARTESIAN_POINT('Ctrl Pts',(41.464910077983,29.3664013754189,0.2));
#10423=CARTESIAN_POINT('Ctrl Pts',(41.5122789237648,29.3731246888638,0.2));
#10424=CARTESIAN_POINT('Ctrl Pts',(41.2237387988716,28.9484998583794,0.));
#10425=CARTESIAN_POINT('Ctrl Pts',(41.2237387988716,28.9484998583794,0.2));
#10426=CARTESIAN_POINT('Ctrl Pts',(41.2240502336354,29.0054735167998,0.));
#10427=CARTESIAN_POINT('Ctrl Pts',(41.2240502336354,29.0054735167998,0.2));
#10428=CARTESIAN_POINT('Ctrl Pts',(41.2245846077723,29.1032315486325,0.));
#10429=CARTESIAN_POINT('Ctrl Pts',(41.2245846077723,29.1032315486325,0.2));
#10430=CARTESIAN_POINT('Ctrl Pts',(41.2615309682885,29.1933173240572,0.));
#10431=CARTESIAN_POINT('Ctrl Pts',(41.2615309682885,29.1933173240572,0.2));
#10432=CARTESIAN_POINT('Ctrl Pts',(41.2769448850304,29.2309008538723,0.));
#10433=CARTESIAN_POINT('Ctrl Pts',(41.2769448850304,29.2309008538723,0.2));
#10434=CARTESIAN_POINT('',(41.2237387988716,28.9484998583794,0.));
#10435=CARTESIAN_POINT('Ctrl Pts',(41.2237387988716,28.9484998583794,0.));
#10436=CARTESIAN_POINT('Ctrl Pts',(41.2240502336354,29.0054735167998,0.));
#10437=CARTESIAN_POINT('Ctrl Pts',(41.2245846077723,29.1032315486325,0.));
#10438=CARTESIAN_POINT('Ctrl Pts',(41.2615309682885,29.1933173240572,0.));
#10439=CARTESIAN_POINT('Ctrl Pts',(41.2769448850304,29.2309008538723,0.));
#10440=CARTESIAN_POINT('',(41.2237387988716,28.9484998583794,0.2));
#10441=CARTESIAN_POINT('',(41.2237387988716,28.9484998583794,0.));
#10442=CARTESIAN_POINT('Ctrl Pts',(41.2237387988716,28.9484998583794,0.2));
#10443=CARTESIAN_POINT('Ctrl Pts',(41.2240502336354,29.0054735167998,0.2));
#10444=CARTESIAN_POINT('Ctrl Pts',(41.2245846077723,29.1032315486325,0.2));
#10445=CARTESIAN_POINT('Ctrl Pts',(41.2615309682885,29.1933173240572,0.2));
#10446=CARTESIAN_POINT('Ctrl Pts',(41.2769448850304,29.2309008538723,0.2));
#10447=CARTESIAN_POINT('Ctrl Pts',(41.311733732,28.6451232433319,0.));
#10448=CARTESIAN_POINT('Ctrl Pts',(41.311733732,28.6451232433319,0.2));
#10449=CARTESIAN_POINT('Ctrl Pts',(41.2861358069738,28.6867705250355,0.));
#10450=CARTESIAN_POINT('Ctrl Pts',(41.2861358069738,28.6867705250355,0.2));
#10451=CARTESIAN_POINT('Ctrl Pts',(41.2292251928742,28.7793628884751,0.));
#10452=CARTESIAN_POINT('Ctrl Pts',(41.2292251928742,28.7793628884751,0.2));
#10453=CARTESIAN_POINT('Ctrl Pts',(41.2256860593273,28.888468855697,0.));
#10454=CARTESIAN_POINT('Ctrl Pts',(41.2256860593273,28.888468855697,0.2));
#10455=CARTESIAN_POINT('Ctrl Pts',(41.2237387988716,28.9484998583794,0.));
#10456=CARTESIAN_POINT('Ctrl Pts',(41.2237387988716,28.9484998583794,0.2));
#10457=CARTESIAN_POINT('Ctrl Pts',(41.311733732,28.6451232433319,0.));
#10458=CARTESIAN_POINT('Ctrl Pts',(41.2861358069738,28.6867705250355,0.));
#10459=CARTESIAN_POINT('Ctrl Pts',(41.2292251928742,28.7793628884751,0.));
#10460=CARTESIAN_POINT('Ctrl Pts',(41.2256860593273,28.888468855697,0.));
#10461=CARTESIAN_POINT('Ctrl Pts',(41.2237387988716,28.9484998583794,0.));
#10462=CARTESIAN_POINT('Ctrl Pts',(41.311733732,28.6451232433319,0.2));
#10463=CARTESIAN_POINT('Ctrl Pts',(41.2861358069738,28.6867705250355,0.2));
#10464=CARTESIAN_POINT('Ctrl Pts',(41.2292251928742,28.7793628884751,0.2));
#10465=CARTESIAN_POINT('Ctrl Pts',(41.2256860593273,28.888468855697,0.2));
#10466=CARTESIAN_POINT('Ctrl Pts',(41.2237387988716,28.9484998583794,0.2));
#10467=CARTESIAN_POINT('Ctrl Pts',(41.5276271197945,29.5245571434498,0.));
#10468=CARTESIAN_POINT('Ctrl Pts',(41.5276271197945,29.5245571434498,0.2));
#10469=CARTESIAN_POINT('Ctrl Pts',(41.4669031804431,29.5177797033915,0.));
#10470=CARTESIAN_POINT('Ctrl Pts',(41.4669031804431,29.5177797033915,0.2));
#10471=CARTESIAN_POINT('Ctrl Pts',(41.3450709101988,29.5041819210743,0.));
#10472=CARTESIAN_POINT('Ctrl Pts',(41.3450709101988,29.5041819210743,0.2));
#10473=CARTESIAN_POINT('Ctrl Pts',(41.265630931691,29.4107694953396,0.));
#10474=CARTESIAN_POINT('Ctrl Pts',(41.265630931691,29.4107694953396,0.2));
#10475=CARTESIAN_POINT('Ctrl Pts',(41.2257856223732,29.3639159202576,0.));
#10476=CARTESIAN_POINT('Ctrl Pts',(41.2257856223732,29.3639159202576,0.2));
#10477=CARTESIAN_POINT('',(41.5276271197945,29.5245571434498,0.));
#10478=CARTESIAN_POINT('',(41.2257856223732,29.3639159202576,0.));
#10479=CARTESIAN_POINT('Ctrl Pts',(41.5276271197945,29.5245571434498,0.));
#10480=CARTESIAN_POINT('Ctrl Pts',(41.4669031804431,29.5177797033915,0.));
#10481=CARTESIAN_POINT('Ctrl Pts',(41.3450709101988,29.5041819210743,0.));
#10482=CARTESIAN_POINT('Ctrl Pts',(41.265630931691,29.4107694953396,0.));
#10483=CARTESIAN_POINT('Ctrl Pts',(41.2257856223732,29.3639159202576,0.));
#10484=CARTESIAN_POINT('',(41.5276271197945,29.5245571434498,0.2));
#10485=CARTESIAN_POINT('',(41.5276271197945,29.5245571434498,0.));
#10486=CARTESIAN_POINT('',(41.2257856223732,29.3639159202576,0.2));
#10487=CARTESIAN_POINT('Ctrl Pts',(41.5276271197945,29.5245571434498,0.2));
#10488=CARTESIAN_POINT('Ctrl Pts',(41.4669031804431,29.5177797033915,0.2));
#10489=CARTESIAN_POINT('Ctrl Pts',(41.3450709101988,29.5041819210743,0.2));
#10490=CARTESIAN_POINT('Ctrl Pts',(41.265630931691,29.4107694953396,0.2));
#10491=CARTESIAN_POINT('Ctrl Pts',(41.2257856223732,29.3639159202576,0.2));
#10492=CARTESIAN_POINT('',(41.2257856223732,29.3639159202576,0.));
#10493=CARTESIAN_POINT('Ctrl Pts',(41.8591415975243,29.3721014261246,0.));
#10494=CARTESIAN_POINT('Ctrl Pts',(41.8591415975243,29.3721014261246,0.2));
#10495=CARTESIAN_POINT('Ctrl Pts',(41.8113827919264,29.4165636734133,0.));
#10496=CARTESIAN_POINT('Ctrl Pts',(41.8113827919264,29.4165636734133,0.2));
#10497=CARTESIAN_POINT('Ctrl Pts',(41.7175205357424,29.5039470740928,0.));
#10498=CARTESIAN_POINT('Ctrl Pts',(41.7175205357424,29.5039470740928,0.2));
#10499=CARTESIAN_POINT('Ctrl Pts',(41.5901763107414,29.5177683711419,0.));
#10500=CARTESIAN_POINT('Ctrl Pts',(41.5901763107414,29.5177683711419,0.2));
#10501=CARTESIAN_POINT('Ctrl Pts',(41.5276271197945,29.5245571434498,0.));
#10502=CARTESIAN_POINT('Ctrl Pts',(41.5276271197945,29.5245571434498,0.2));
#10503=CARTESIAN_POINT('',(41.8591415975243,29.3721014261246,0.));
#10504=CARTESIAN_POINT('Ctrl Pts',(41.8591415975243,29.3721014261246,0.));
#10505=CARTESIAN_POINT('Ctrl Pts',(41.8113827919264,29.4165636734133,0.));
#10506=CARTESIAN_POINT('Ctrl Pts',(41.7175205357424,29.5039470740928,0.));
#10507=CARTESIAN_POINT('Ctrl Pts',(41.5901763107414,29.5177683711419,0.));
#10508=CARTESIAN_POINT('Ctrl Pts',(41.5276271197945,29.5245571434498,0.));
#10509=CARTESIAN_POINT('',(41.8591415975243,29.3721014261246,0.2));
#10510=CARTESIAN_POINT('',(41.8591415975243,29.3721014261246,0.));
#10511=CARTESIAN_POINT('Ctrl Pts',(41.8591415975243,29.3721014261246,0.2));
#10512=CARTESIAN_POINT('Ctrl Pts',(41.8113827919264,29.4165636734133,0.2));
#10513=CARTESIAN_POINT('Ctrl Pts',(41.7175205357424,29.5039470740928,0.2));
#10514=CARTESIAN_POINT('Ctrl Pts',(41.5901763107414,29.5177683711419,0.2));
#10515=CARTESIAN_POINT('Ctrl Pts',(41.5276271197945,29.5245571434498,0.2));
#10516=CARTESIAN_POINT('Ctrl Pts',(41.997272381559,28.9403143525124,0.));
#10517=CARTESIAN_POINT('Ctrl Pts',(41.997272381559,28.9403143525124,0.2));
#10518=CARTESIAN_POINT('Ctrl Pts',(41.9937133520874,29.0255354237032,0.));
#10519=CARTESIAN_POINT('Ctrl Pts',(41.9937133520874,29.0255354237032,0.2));
#10520=CARTESIAN_POINT('Ctrl Pts',(41.987146162186,29.182786989779,0.));
#10521=CARTESIAN_POINT('Ctrl Pts',(41.987146162186,29.182786989779,0.2));
#10522=CARTESIAN_POINT('Ctrl Pts',(41.8993550887215,29.3126270281638,0.));
#10523=CARTESIAN_POINT('Ctrl Pts',(41.8993550887215,29.3126270281638,0.2));
#10524=CARTESIAN_POINT('Ctrl Pts',(41.8591415975243,29.3721014261246,0.));
#10525=CARTESIAN_POINT('Ctrl Pts',(41.8591415975243,29.3721014261246,0.2));
#10526=CARTESIAN_POINT('',(41.997272381559,28.9403143525124,0.));
#10527=CARTESIAN_POINT('Ctrl Pts',(41.997272381559,28.9403143525124,0.));
#10528=CARTESIAN_POINT('Ctrl Pts',(41.9937133520874,29.0255354237032,0.));
#10529=CARTESIAN_POINT('Ctrl Pts',(41.987146162186,29.182786989779,0.));
#10530=CARTESIAN_POINT('Ctrl Pts',(41.8993550887215,29.3126270281638,0.));
#10531=CARTESIAN_POINT('Ctrl Pts',(41.8591415975243,29.3721014261246,0.));
#10532=CARTESIAN_POINT('',(41.997272381559,28.9403143525124,0.2));
#10533=CARTESIAN_POINT('',(41.997272381559,28.9403143525124,0.));
#10534=CARTESIAN_POINT('Ctrl Pts',(41.997272381559,28.9403143525124,0.2));
#10535=CARTESIAN_POINT('Ctrl Pts',(41.9937133520874,29.0255354237032,0.2));
#10536=CARTESIAN_POINT('Ctrl Pts',(41.987146162186,29.182786989779,0.2));
#10537=CARTESIAN_POINT('Ctrl Pts',(41.8993550887215,29.3126270281638,0.2));
#10538=CARTESIAN_POINT('Ctrl Pts',(41.8591415975243,29.3721014261246,0.2));
#10539=CARTESIAN_POINT('Ctrl Pts',(41.964530358091,28.7193047255278,0.));
#10540=CARTESIAN_POINT('Ctrl Pts',(41.964530358091,28.7193047255278,0.2));
#10541=CARTESIAN_POINT('Ctrl Pts',(41.9740789531458,28.7547417624513,0.));
#10542=CARTESIAN_POINT('Ctrl Pts',(41.9740789531458,28.7547417624513,0.2));
#10543=CARTESIAN_POINT('Ctrl Pts',(41.9935827758178,28.8271249434543,0.));
#10544=CARTESIAN_POINT('Ctrl Pts',(41.9935827758178,28.8271249434543,0.2));
#10545=CARTESIAN_POINT('Ctrl Pts',(41.9960255367147,28.9020637531221,0.));
#10546=CARTESIAN_POINT('Ctrl Pts',(41.9960255367147,28.9020637531221,0.2));
#10547=CARTESIAN_POINT('Ctrl Pts',(41.997272381559,28.9403143525124,0.));
#10548=CARTESIAN_POINT('Ctrl Pts',(41.997272381559,28.9403143525124,0.2));
#10549=CARTESIAN_POINT('',(41.964530358091,28.7193047255278,0.));
#10550=CARTESIAN_POINT('Ctrl Pts',(41.964530358091,28.7193047255278,0.));
#10551=CARTESIAN_POINT('Ctrl Pts',(41.9740789531458,28.7547417624513,0.));
#10552=CARTESIAN_POINT('Ctrl Pts',(41.9935827758178,28.8271249434543,0.));
#10553=CARTESIAN_POINT('Ctrl Pts',(41.9960255367147,28.9020637531221,0.));
#10554=CARTESIAN_POINT('Ctrl Pts',(41.997272381559,28.9403143525124,0.));
#10555=CARTESIAN_POINT('',(41.964530358091,28.7193047255278,0.2));
#10556=CARTESIAN_POINT('',(41.964530358091,28.7193047255278,0.));
#10557=CARTESIAN_POINT('Ctrl Pts',(41.964530358091,28.7193047255278,0.2));
#10558=CARTESIAN_POINT('Ctrl Pts',(41.9740789531458,28.7547417624513,0.2));
#10559=CARTESIAN_POINT('Ctrl Pts',(41.9935827758178,28.8271249434543,0.2));
#10560=CARTESIAN_POINT('Ctrl Pts',(41.9960255367147,28.9020637531221,0.2));
#10561=CARTESIAN_POINT('Ctrl Pts',(41.997272381559,28.9403143525124,0.2));
#10562=CARTESIAN_POINT('Ctrl Pts',(41.8739777896553,28.5428040474653,0.));
#10563=CARTESIAN_POINT('Ctrl Pts',(41.8739777896553,28.5428040474653,0.2));
#10564=CARTESIAN_POINT('Ctrl Pts',(41.8923949778461,28.5690657729435,0.));
#10565=CARTESIAN_POINT('Ctrl Pts',(41.8923949778461,28.5690657729435,0.2));
#10566=CARTESIAN_POINT('Ctrl Pts',(41.9307054823369,28.6236940876158,0.));
#10567=CARTESIAN_POINT('Ctrl Pts',(41.9307054823369,28.6236940876158,0.2));
#10568=CARTESIAN_POINT('Ctrl Pts',(41.9529694512117,28.6866262409234,0.));
#10569=CARTESIAN_POINT('Ctrl Pts',(41.9529694512117,28.6866262409234,0.2));
#10570=CARTESIAN_POINT('Ctrl Pts',(41.964530358091,28.7193047255278,0.));
#10571=CARTESIAN_POINT('Ctrl Pts',(41.964530358091,28.7193047255278,0.2));
#10572=CARTESIAN_POINT('',(41.8739777896553,28.5428040474653,0.));
#10573=CARTESIAN_POINT('Ctrl Pts',(41.8739777896553,28.5428040474653,0.));
#10574=CARTESIAN_POINT('Ctrl Pts',(41.8923949778461,28.5690657729435,0.));
#10575=CARTESIAN_POINT('Ctrl Pts',(41.9307054823369,28.6236940876158,0.));
#10576=CARTESIAN_POINT('Ctrl Pts',(41.9529694512117,28.6866262409234,0.));
#10577=CARTESIAN_POINT('Ctrl Pts',(41.964530358091,28.7193047255278,0.));
#10578=CARTESIAN_POINT('',(41.8739777896553,28.5428040474653,0.2));
#10579=CARTESIAN_POINT('',(41.8739777896553,28.5428040474653,0.));
#10580=CARTESIAN_POINT('Ctrl Pts',(41.8739777896553,28.5428040474653,0.2));
#10581=CARTESIAN_POINT('Ctrl Pts',(41.8923949778461,28.5690657729435,0.2));
#10582=CARTESIAN_POINT('Ctrl Pts',(41.9307054823369,28.6236940876158,0.2));
#10583=CARTESIAN_POINT('Ctrl Pts',(41.9529694512117,28.6866262409234,0.2));
#10584=CARTESIAN_POINT('Ctrl Pts',(41.964530358091,28.7193047255278,0.2));
#10585=CARTESIAN_POINT('Ctrl Pts',(41.7266380880028,28.4292297065258,0.));
#10586=CARTESIAN_POINT('Ctrl Pts',(41.7266380880028,28.4292297065258,0.2));
#10587=CARTESIAN_POINT('Ctrl Pts',(41.7550244037711,28.4438962225161,0.));
#10588=CARTESIAN_POINT('Ctrl Pts',(41.7550244037711,28.4438962225161,0.2));
#10589=CARTESIAN_POINT('Ctrl Pts',(41.8110357931631,28.4728359392747,0.));
#10590=CARTESIAN_POINT('Ctrl Pts',(41.8110357931631,28.4728359392747,0.2));
#10591=CARTESIAN_POINT('Ctrl Pts',(41.8531880859253,28.519693623251,0.));
#10592=CARTESIAN_POINT('Ctrl Pts',(41.8531880859253,28.519693623251,0.2));
#10593=CARTESIAN_POINT('Ctrl Pts',(41.8739777896553,28.5428040474653,0.));
#10594=CARTESIAN_POINT('Ctrl Pts',(41.8739777896553,28.5428040474653,0.2));
#10595=CARTESIAN_POINT('',(41.7266380880028,28.4292297065258,0.));
#10596=CARTESIAN_POINT('Ctrl Pts',(41.7266380880028,28.4292297065258,0.));
#10597=CARTESIAN_POINT('Ctrl Pts',(41.7550244037711,28.4438962225161,0.));
#10598=CARTESIAN_POINT('Ctrl Pts',(41.8110357931631,28.4728359392747,0.));
#10599=CARTESIAN_POINT('Ctrl Pts',(41.8531880859253,28.519693623251,0.));
#10600=CARTESIAN_POINT('Ctrl Pts',(41.8739777896553,28.5428040474653,0.));
#10601=CARTESIAN_POINT('',(41.7266380880028,28.4292297065258,0.2));
#10602=CARTESIAN_POINT('',(41.7266380880028,28.4292297065258,0.));
#10603=CARTESIAN_POINT('Ctrl Pts',(41.7266380880028,28.4292297065258,0.2));
#10604=CARTESIAN_POINT('Ctrl Pts',(41.7550244037711,28.4438962225161,0.2));
#10605=CARTESIAN_POINT('Ctrl Pts',(41.8110357931631,28.4728359392747,0.2));
#10606=CARTESIAN_POINT('Ctrl Pts',(41.8531880859253,28.519693623251,0.2));
#10607=CARTESIAN_POINT('Ctrl Pts',(41.8739777896553,28.5428040474653,0.2));
#10608=CARTESIAN_POINT('Ctrl Pts',(41.5368360374123,28.388813585043,0.));
#10609=CARTESIAN_POINT('Ctrl Pts',(41.5368360374123,28.388813585043,0.2));
#10610=CARTESIAN_POINT('Ctrl Pts',(41.5697323954196,28.3904614212606,0.));
#10611=CARTESIAN_POINT('Ctrl Pts',(41.5697323954196,28.3904614212606,0.2));
#10612=CARTESIAN_POINT('Ctrl Pts',(41.6351765115925,28.3937396317191,0.));
#10613=CARTESIAN_POINT('Ctrl Pts',(41.6351765115925,28.3937396317191,0.2));
#10614=CARTESIAN_POINT('Ctrl Pts',(41.6962593521072,28.4174417661493,0.));
#10615=CARTESIAN_POINT('Ctrl Pts',(41.6962593521072,28.4174417661493,0.2));
#10616=CARTESIAN_POINT('Ctrl Pts',(41.7266380880028,28.4292297065258,0.));
#10617=CARTESIAN_POINT('Ctrl Pts',(41.7266380880028,28.4292297065258,0.2));
#10618=CARTESIAN_POINT('',(41.5368360374123,28.388813585043,0.));
#10619=CARTESIAN_POINT('Ctrl Pts',(41.5368360374123,28.388813585043,0.));
#10620=CARTESIAN_POINT('Ctrl Pts',(41.5697323954196,28.3904614212606,0.));
#10621=CARTESIAN_POINT('Ctrl Pts',(41.6351765115925,28.3937396317191,0.));
#10622=CARTESIAN_POINT('Ctrl Pts',(41.6962593521072,28.4174417661493,0.));
#10623=CARTESIAN_POINT('Ctrl Pts',(41.7266380880028,28.4292297065258,0.));
#10624=CARTESIAN_POINT('',(41.5368360374123,28.388813585043,0.2));
#10625=CARTESIAN_POINT('',(41.5368360374123,28.388813585043,0.));
#10626=CARTESIAN_POINT('Ctrl Pts',(41.5368360374123,28.388813585043,0.2));
#10627=CARTESIAN_POINT('Ctrl Pts',(41.5697323954196,28.3904614212606,0.2));
#10628=CARTESIAN_POINT('Ctrl Pts',(41.6351765115925,28.3937396317191,0.2));
#10629=CARTESIAN_POINT('Ctrl Pts',(41.6962593521072,28.4174417661493,0.2));
#10630=CARTESIAN_POINT('Ctrl Pts',(41.7266380880028,28.4292297065258,0.2));
#10631=CARTESIAN_POINT('Ctrl Pts',(41.2390869949013,28.5351300984621,0.));
#10632=CARTESIAN_POINT('Ctrl Pts',(41.2390869949013,28.5351300984621,0.2));
#10633=CARTESIAN_POINT('Ctrl Pts',(41.2803620427076,28.492455571908,0.));
#10634=CARTESIAN_POINT('Ctrl Pts',(41.2803620427076,28.492455571908,0.2));
#10635=CARTESIAN_POINT('Ctrl Pts',(41.3621343128435,28.4079107173588,0.));
#10636=CARTESIAN_POINT('Ctrl Pts',(41.3621343128435,28.4079107173588,0.2));
#10637=CARTESIAN_POINT('Ctrl Pts',(41.4789725880877,28.3951387999241,0.));
#10638=CARTESIAN_POINT('Ctrl Pts',(41.4789725880877,28.3951387999241,0.2));
#10639=CARTESIAN_POINT('Ctrl Pts',(41.5368360374123,28.388813585043,0.));
#10640=CARTESIAN_POINT('Ctrl Pts',(41.5368360374123,28.388813585043,0.2));
#10641=CARTESIAN_POINT('',(41.2390869949013,28.5351300984621,0.));
#10642=CARTESIAN_POINT('Ctrl Pts',(41.2390869949013,28.5351300984621,0.));
#10643=CARTESIAN_POINT('Ctrl Pts',(41.2803620427076,28.492455571908,0.));
#10644=CARTESIAN_POINT('Ctrl Pts',(41.3621343128435,28.4079107173588,0.));
#10645=CARTESIAN_POINT('Ctrl Pts',(41.4789725880877,28.3951387999241,0.));
#10646=CARTESIAN_POINT('Ctrl Pts',(41.5368360374123,28.388813585043,0.));
#10647=CARTESIAN_POINT('',(41.2390869949013,28.5351300984621,0.2));
#10648=CARTESIAN_POINT('',(41.2390869949013,28.5351300984621,0.));
#10649=CARTESIAN_POINT('Ctrl Pts',(41.2390869949013,28.5351300984621,0.2));
#10650=CARTESIAN_POINT('Ctrl Pts',(41.2803620427076,28.492455571908,0.2));
#10651=CARTESIAN_POINT('Ctrl Pts',(41.3621343128435,28.4079107173588,0.2));
#10652=CARTESIAN_POINT('Ctrl Pts',(41.4789725880877,28.3951387999241,0.2));
#10653=CARTESIAN_POINT('Ctrl Pts',(41.5368360374123,28.388813585043,0.2));
#10654=CARTESIAN_POINT('Origin',(41.2390869949013,28.0000005662441,0.));
#10655=CARTESIAN_POINT('',(41.2390869949013,28.0000005662441,0.));
#10656=CARTESIAN_POINT('',(41.2390869949013,14.8575002831221,0.));
#10657=CARTESIAN_POINT('',(41.2390869949013,28.0000005662441,0.2));
#10658=CARTESIAN_POINT('',(41.2390869949013,28.0000005662441,0.));
#10659=CARTESIAN_POINT('',(41.2390869949013,28.0000005662441,0.2));
#10660=CARTESIAN_POINT('Origin',(41.054912218824,28.0000005662441,0.));
#10661=CARTESIAN_POINT('',(41.054912218824,28.0000005662441,0.));
#10662=CARTESIAN_POINT('',(35.069956109412,28.0000005662441,0.));
#10663=CARTESIAN_POINT('',(41.054912218824,28.0000005662441,0.2));
#10664=CARTESIAN_POINT('',(41.054912218824,28.0000005662441,0.));
#10665=CARTESIAN_POINT('',(41.054912218824,28.0000005662441,0.2));
#10666=CARTESIAN_POINT('Origin',(41.054912218824,29.5000004768372,0.));
#10667=CARTESIAN_POINT('',(41.054912218824,29.5000004768372,0.));
#10668=CARTESIAN_POINT('',(41.054912218824,15.6075002384186,0.));
#10669=CARTESIAN_POINT('',(41.054912218824,29.5000004768372,0.2));
#10670=CARTESIAN_POINT('',(41.054912218824,29.5000004768372,0.));
#10671=CARTESIAN_POINT('',(41.054912218824,29.5000004768372,0.2));
#10672=CARTESIAN_POINT('Origin',(41.2257856223732,29.5000004768372,0.));
#10673=CARTESIAN_POINT('',(41.2257856223732,29.5000004768372,0.));
#10674=CARTESIAN_POINT('',(35.1553928111866,29.5000004768372,0.));
#10675=CARTESIAN_POINT('',(41.2257856223732,29.5000004768372,0.2));
#10676=CARTESIAN_POINT('',(41.2257856223732,29.5000004768372,0.));
#10677=CARTESIAN_POINT('',(41.2257856223732,29.5000004768372,0.2));
#10678=CARTESIAN_POINT('Origin',(41.2257856223732,29.3639159202576,0.));
#10679=CARTESIAN_POINT('',(41.2257856223732,15.5394579601288,0.));
#10680=CARTESIAN_POINT('',(41.2257856223732,29.3639159202576,0.2));
#10681=CARTESIAN_POINT('Origin',(40.4440660076216,28.762278854847,0.2));
#10682=CARTESIAN_POINT('Origin',(39.4924974534661,28.9065489172935,0.));
#10683=CARTESIAN_POINT('',(39.4924974534661,28.9065489172935,0.));
#10684=CARTESIAN_POINT('',(39.4924974534661,29.5000004768372,0.));
#10685=CARTESIAN_POINT('',(39.4924974534661,15.3107744586468,0.));
#10686=CARTESIAN_POINT('',(39.4924974534661,28.9065489172935,0.2));
#10687=CARTESIAN_POINT('',(39.4924974534661,28.9065489172935,0.));
#10688=CARTESIAN_POINT('',(39.4924974534661,29.5000004768372,0.2));
#10689=CARTESIAN_POINT('',(39.4924974534661,28.9065489172935,0.2));
#10690=CARTESIAN_POINT('',(39.4924974534661,29.5000004768372,0.));
#10691=CARTESIAN_POINT('Ctrl Pts',(39.5779341552407,28.6231245845556,0.));
#10692=CARTESIAN_POINT('Ctrl Pts',(39.5779341552407,28.6231245845556,0.2));
#10693=CARTESIAN_POINT('Ctrl Pts',(39.553187131256,28.6580393203981,0.));
#10694=CARTESIAN_POINT('Ctrl Pts',(39.553187131256,28.6580393203981,0.2));
#10695=CARTESIAN_POINT('Ctrl Pts',(39.4937027454426,28.7419638205203,0.));
#10696=CARTESIAN_POINT('Ctrl Pts',(39.4937027454426,28.7419638205203,0.2));
#10697=CARTESIAN_POINT('Ctrl Pts',(39.4929418165197,28.8458702289726,0.));
#10698=CARTESIAN_POINT('Ctrl Pts',(39.4929418165197,28.8458702289726,0.2));
#10699=CARTESIAN_POINT('Ctrl Pts',(39.4924974534661,28.9065489172935,0.));
#10700=CARTESIAN_POINT('Ctrl Pts',(39.4924974534661,28.9065489172935,0.2));
#10701=CARTESIAN_POINT('',(39.5779341552407,28.6231245845556,0.));
#10702=CARTESIAN_POINT('Ctrl Pts',(39.5779341552407,28.6231245845556,0.));
#10703=CARTESIAN_POINT('Ctrl Pts',(39.553187131256,28.6580393203981,0.));
#10704=CARTESIAN_POINT('Ctrl Pts',(39.4937027454426,28.7419638205203,0.));
#10705=CARTESIAN_POINT('Ctrl Pts',(39.4929418165197,28.8458702289726,0.));
#10706=CARTESIAN_POINT('Ctrl Pts',(39.4924974534661,28.9065489172935,0.));
#10707=CARTESIAN_POINT('',(39.5779341552407,28.6231245845556,0.2));
#10708=CARTESIAN_POINT('',(39.5779341552407,28.6231245845556,0.));
#10709=CARTESIAN_POINT('Ctrl Pts',(39.5779341552407,28.6231245845556,0.2));
#10710=CARTESIAN_POINT('Ctrl Pts',(39.553187131256,28.6580393203981,0.2));
#10711=CARTESIAN_POINT('Ctrl Pts',(39.4937027454426,28.7419638205203,0.2));
#10712=CARTESIAN_POINT('Ctrl Pts',(39.4929418165197,28.8458702289726,0.2));
#10713=CARTESIAN_POINT('Ctrl Pts',(39.4924974534661,28.9065489172935,0.2));
#10714=CARTESIAN_POINT('Ctrl Pts',(39.7810375783592,28.548431545496,0.));
#10715=CARTESIAN_POINT('Ctrl Pts',(39.7810375783592,28.548431545496,0.2));
#10716=CARTESIAN_POINT('Ctrl Pts',(39.7433033392139,28.5514177023984,0.));
#10717=CARTESIAN_POINT('Ctrl Pts',(39.7433033392139,28.5514177023984,0.2));
#10718=CARTESIAN_POINT('Ctrl Pts',(39.6685801650715,28.5573310354162,0.));
#10719=CARTESIAN_POINT('Ctrl Pts',(39.6685801650715,28.5573310354162,0.2));
#10720=CARTESIAN_POINT('Ctrl Pts',(39.6079479056855,28.6013397186974,0.));
#10721=CARTESIAN_POINT('Ctrl Pts',(39.6079479056855,28.6013397186974,0.2));
#10722=CARTESIAN_POINT('Ctrl Pts',(39.5779341552407,28.6231245845556,0.));
#10723=CARTESIAN_POINT('Ctrl Pts',(39.5779341552407,28.6231245845556,0.2));
#10724=CARTESIAN_POINT('',(39.7810375783592,28.548431545496,0.));
#10725=CARTESIAN_POINT('Ctrl Pts',(39.7810375783592,28.548431545496,0.));
#10726=CARTESIAN_POINT('Ctrl Pts',(39.7433033392139,28.5514177023984,0.));
#10727=CARTESIAN_POINT('Ctrl Pts',(39.6685801650715,28.5573310354162,0.));
#10728=CARTESIAN_POINT('Ctrl Pts',(39.6079479056855,28.6013397186974,0.));
#10729=CARTESIAN_POINT('Ctrl Pts',(39.5779341552407,28.6231245845556,0.));
#10730=CARTESIAN_POINT('',(39.7810375783592,28.548431545496,0.2));
#10731=CARTESIAN_POINT('',(39.7810375783592,28.548431545496,0.));
#10732=CARTESIAN_POINT('Ctrl Pts',(39.7810375783592,28.548431545496,0.2));
#10733=CARTESIAN_POINT('Ctrl Pts',(39.7433033392139,28.5514177023984,0.2));
#10734=CARTESIAN_POINT('Ctrl Pts',(39.6685801650715,28.5573310354162,0.2));
#10735=CARTESIAN_POINT('Ctrl Pts',(39.6079479056855,28.6013397186974,0.2));
#10736=CARTESIAN_POINT('Ctrl Pts',(39.5779341552407,28.6231245845556,0.2));
#10737=CARTESIAN_POINT('Ctrl Pts',(39.909448036924,28.5816853493452,0.));
#10738=CARTESIAN_POINT('Ctrl Pts',(39.909448036924,28.5816853493452,0.2));
#10739=CARTESIAN_POINT('Ctrl Pts',(39.8899892063404,28.5719899594086,0.));
#10740=CARTESIAN_POINT('Ctrl Pts',(39.8899892063404,28.5719899594086,0.2));
#10741=CARTESIAN_POINT('Ctrl Pts',(39.8495790922186,28.5518555627342,0.));
#10742=CARTESIAN_POINT('Ctrl Pts',(39.8495790922186,28.5518555627342,0.2));
#10743=CARTESIAN_POINT('Ctrl Pts',(39.80444044638,28.5496006446158,0.));
#10744=CARTESIAN_POINT('Ctrl Pts',(39.80444044638,28.5496006446158,0.2));
#10745=CARTESIAN_POINT('Ctrl Pts',(39.7810375783592,28.548431545496,0.));
#10746=CARTESIAN_POINT('Ctrl Pts',(39.7810375783592,28.548431545496,0.2));
#10747=CARTESIAN_POINT('',(39.909448036924,28.5816853493452,0.));
#10748=CARTESIAN_POINT('Ctrl Pts',(39.909448036924,28.5816853493452,0.));
#10749=CARTESIAN_POINT('Ctrl Pts',(39.8899892063404,28.5719899594086,0.));
#10750=CARTESIAN_POINT('Ctrl Pts',(39.8495790922186,28.5518555627342,0.));
#10751=CARTESIAN_POINT('Ctrl Pts',(39.80444044638,28.5496006446158,0.));
#10752=CARTESIAN_POINT('Ctrl Pts',(39.7810375783592,28.548431545496,0.));
#10753=CARTESIAN_POINT('',(39.909448036924,28.5816853493452,0.2));
#10754=CARTESIAN_POINT('',(39.909448036924,28.5816853493452,0.));
#10755=CARTESIAN_POINT('Ctrl Pts',(39.909448036924,28.5816853493452,0.2));
#10756=CARTESIAN_POINT('Ctrl Pts',(39.8899892063404,28.5719899594086,0.2));
#10757=CARTESIAN_POINT('Ctrl Pts',(39.8495790922186,28.5518555627342,0.2));
#10758=CARTESIAN_POINT('Ctrl Pts',(39.80444044638,28.5496006446158,0.2));
#10759=CARTESIAN_POINT('Ctrl Pts',(39.7810375783592,28.548431545496,0.2));
#10760=CARTESIAN_POINT('Ctrl Pts',(39.9856758210808,28.6707030236721,0.));
#10761=CARTESIAN_POINT('Ctrl Pts',(39.9856758210808,28.6707030236721,0.2));
#10762=CARTESIAN_POINT('Ctrl Pts',(39.9769618278198,28.6529533433593,0.));
#10763=CARTESIAN_POINT('Ctrl Pts',(39.9769618278198,28.6529533433593,0.2));
#10764=CARTESIAN_POINT('Ctrl Pts',(39.9592001506382,28.6167742825829,0.));
#10765=CARTESIAN_POINT('Ctrl Pts',(39.9592001506382,28.6167742825829,0.2));
#10766=CARTESIAN_POINT('Ctrl Pts',(39.9262384929723,28.5935272420273,0.));
#10767=CARTESIAN_POINT('Ctrl Pts',(39.9262384929723,28.5935272420273,0.2));
#10768=CARTESIAN_POINT('Ctrl Pts',(39.909448036924,28.5816853493452,0.));
#10769=CARTESIAN_POINT('Ctrl Pts',(39.909448036924,28.5816853493452,0.2));
#10770=CARTESIAN_POINT('',(39.9856758210808,28.6707030236721,0.));
#10771=CARTESIAN_POINT('Ctrl Pts',(39.9856758210808,28.6707030236721,0.));
#10772=CARTESIAN_POINT('Ctrl Pts',(39.9769618278198,28.6529533433593,0.));
#10773=CARTESIAN_POINT('Ctrl Pts',(39.9592001506382,28.6167742825829,0.));
#10774=CARTESIAN_POINT('Ctrl Pts',(39.9262384929723,28.5935272420273,0.));
#10775=CARTESIAN_POINT('Ctrl Pts',(39.909448036924,28.5816853493452,0.));
#10776=CARTESIAN_POINT('',(39.9856758210808,28.6707030236721,0.2));
#10777=CARTESIAN_POINT('',(39.9856758210808,28.6707030236721,0.));
#10778=CARTESIAN_POINT('Ctrl Pts',(39.9856758210808,28.6707030236721,0.2));
#10779=CARTESIAN_POINT('Ctrl Pts',(39.9769618278198,28.6529533433593,0.2));
#10780=CARTESIAN_POINT('Ctrl Pts',(39.9592001506382,28.6167742825829,0.2));
#10781=CARTESIAN_POINT('Ctrl Pts',(39.9262384929723,28.5935272420273,0.2));
#10782=CARTESIAN_POINT('Ctrl Pts',(39.909448036924,28.5816853493452,0.2));
#10783=CARTESIAN_POINT('Ctrl Pts',(40.0071632955223,28.8390181958675,0.));
#10784=CARTESIAN_POINT('Ctrl Pts',(40.0071632955223,28.8390181958675,0.2));
#10785=CARTESIAN_POINT('Ctrl Pts',(40.006986194155,28.8060052175866,0.));
#10786=CARTESIAN_POINT('Ctrl Pts',(40.006986194155,28.8060052175866,0.2));
#10787=CARTESIAN_POINT('Ctrl Pts',(40.0066800116644,28.7489305825237,0.));
#10788=CARTESIAN_POINT('Ctrl Pts',(40.0066800116644,28.7489305825237,0.2));
#10789=CARTESIAN_POINT('Ctrl Pts',(39.9919047922762,28.6939020709687,0.));
#10790=CARTESIAN_POINT('Ctrl Pts',(39.9919047922762,28.6939020709687,0.2));
#10791=CARTESIAN_POINT('Ctrl Pts',(39.9856758210808,28.6707030236721,0.));
#10792=CARTESIAN_POINT('Ctrl Pts',(39.9856758210808,28.6707030236721,0.2));
#10793=CARTESIAN_POINT('',(40.0071632955223,28.8390181958675,0.));
#10794=CARTESIAN_POINT('Ctrl Pts',(40.0071632955223,28.8390181958675,0.));
#10795=CARTESIAN_POINT('Ctrl Pts',(40.006986194155,28.8060052175866,0.));
#10796=CARTESIAN_POINT('Ctrl Pts',(40.0066800116644,28.7489305825237,0.));
#10797=CARTESIAN_POINT('Ctrl Pts',(39.9919047922762,28.6939020709687,0.));
#10798=CARTESIAN_POINT('Ctrl Pts',(39.9856758210808,28.6707030236721,0.));
#10799=CARTESIAN_POINT('',(40.0071632955223,28.8390181958675,0.2));
#10800=CARTESIAN_POINT('',(40.0071632955223,28.8390181958675,0.));
#10801=CARTESIAN_POINT('Ctrl Pts',(40.0071632955223,28.8390181958675,0.2));
#10802=CARTESIAN_POINT('Ctrl Pts',(40.006986194155,28.8060052175866,0.2));
#10803=CARTESIAN_POINT('Ctrl Pts',(40.0066800116644,28.7489305825237,0.2));
#10804=CARTESIAN_POINT('Ctrl Pts',(39.9919047922762,28.6939020709687,0.2));
#10805=CARTESIAN_POINT('Ctrl Pts',(39.9856758210808,28.6707030236721,0.2));
#10806=CARTESIAN_POINT('Origin',(40.0071632955223,29.5000004768372,0.));
#10807=CARTESIAN_POINT('',(40.0071632955223,29.5000004768372,0.));
#10808=CARTESIAN_POINT('',(40.0071632955223,15.6075002384186,0.));
#10809=CARTESIAN_POINT('',(40.0071632955223,29.5000004768372,0.2));
#10810=CARTESIAN_POINT('',(40.0071632955223,29.5000004768372,0.));
#10811=CARTESIAN_POINT('',(40.0071632955223,29.5000004768372,0.2));
#10812=CARTESIAN_POINT('Origin',(40.1913374755532,29.5000004768372,0.));
#10813=CARTESIAN_POINT('',(40.1913374755532,29.5000004768372,0.));
#10814=CARTESIAN_POINT('',(34.6381687377766,29.5000004768372,0.));
#10815=CARTESIAN_POINT('',(40.1913374755532,29.5000004768372,0.2));
#10816=CARTESIAN_POINT('',(40.1913374755532,29.5000004768372,0.));
#10817=CARTESIAN_POINT('',(40.1913374755532,29.5000004768372,0.2));
#10818=CARTESIAN_POINT('Origin',(40.1913374755532,28.8318558782339,0.));
#10819=CARTESIAN_POINT('',(40.1913374755532,28.8318558782339,0.));
#10820=CARTESIAN_POINT('',(40.1913374755532,15.273427939117,0.));
#10821=CARTESIAN_POINT('',(40.1913374755532,28.8318558782339,0.2));
#10822=CARTESIAN_POINT('',(40.1913374755532,28.8318558782339,0.));
#10823=CARTESIAN_POINT('',(40.1913374755532,28.8318558782339,0.2));
#10824=CARTESIAN_POINT('Ctrl Pts',(40.181105742231,28.6527971923351,0.));
#10825=CARTESIAN_POINT('Ctrl Pts',(40.181105742231,28.6527971923351,0.2));
#10826=CARTESIAN_POINT('Ctrl Pts',(40.1840583582606,28.6762192319015,0.));
#10827=CARTESIAN_POINT('Ctrl Pts',(40.1840583582606,28.6762192319015,0.2));
#10828=CARTESIAN_POINT('Ctrl Pts',(40.1915484519155,28.73563544728,0.));
#10829=CARTESIAN_POINT('Ctrl Pts',(40.1915484519155,28.73563544728,0.2));
#10830=CARTESIAN_POINT('Ctrl Pts',(40.1914170677253,28.7955561097784,0.));
#10831=CARTESIAN_POINT('Ctrl Pts',(40.1914170677253,28.7955561097784,0.2));
#10832=CARTESIAN_POINT('Ctrl Pts',(40.1913374755532,28.8318558782339,0.));
#10833=CARTESIAN_POINT('Ctrl Pts',(40.1913374755532,28.8318558782339,0.2));
#10834=CARTESIAN_POINT('',(40.181105742231,28.6527971923351,0.));
#10835=CARTESIAN_POINT('Ctrl Pts',(40.181105742231,28.6527971923351,0.));
#10836=CARTESIAN_POINT('Ctrl Pts',(40.1840583582606,28.6762192319015,0.));
#10837=CARTESIAN_POINT('Ctrl Pts',(40.1915484519155,28.73563544728,0.));
#10838=CARTESIAN_POINT('Ctrl Pts',(40.1914170677253,28.7955561097784,0.));
#10839=CARTESIAN_POINT('Ctrl Pts',(40.1913374755532,28.8318558782339,0.));
#10840=CARTESIAN_POINT('',(40.181105742231,28.6527971923351,0.2));
#10841=CARTESIAN_POINT('',(40.181105742231,28.6527971923351,0.));
#10842=CARTESIAN_POINT('Ctrl Pts',(40.181105742231,28.6527971923351,0.2));
#10843=CARTESIAN_POINT('Ctrl Pts',(40.1840583582606,28.6762192319015,0.2));
#10844=CARTESIAN_POINT('Ctrl Pts',(40.1915484519155,28.73563544728,0.2));
#10845=CARTESIAN_POINT('Ctrl Pts',(40.1914170677253,28.7955561097784,0.2));
#10846=CARTESIAN_POINT('Ctrl Pts',(40.1913374755532,28.8318558782339,0.2));
#10847=CARTESIAN_POINT('Ctrl Pts',(40.123807201162,28.5167126357555,0.));
#10848=CARTESIAN_POINT('Ctrl Pts',(40.123807201162,28.5167126357555,0.2));
#10849=CARTESIAN_POINT('Ctrl Pts',(40.1365117543785,28.5371313525132,0.));
#10850=CARTESIAN_POINT('Ctrl Pts',(40.1365117543785,28.5371313525132,0.2));
#10851=CARTESIAN_POINT('Ctrl Pts',(40.1628264140445,28.5794241882498,0.));
#10852=CARTESIAN_POINT('Ctrl Pts',(40.1628264140445,28.5794241882498,0.2));
#10853=CARTESIAN_POINT('Ctrl Pts',(40.1748744320281,28.6277847879235,0.));
#10854=CARTESIAN_POINT('Ctrl Pts',(40.1748744320281,28.6277847879235,0.2));
#10855=CARTESIAN_POINT('Ctrl Pts',(40.181105742231,28.6527971923351,0.));
#10856=CARTESIAN_POINT('Ctrl Pts',(40.181105742231,28.6527971923351,0.2));
#10857=CARTESIAN_POINT('',(40.123807201162,28.5167126357555,0.));
#10858=CARTESIAN_POINT('Ctrl Pts',(40.123807201162,28.5167126357555,0.));
#10859=CARTESIAN_POINT('Ctrl Pts',(40.1365117543785,28.5371313525132,0.));
#10860=CARTESIAN_POINT('Ctrl Pts',(40.1628264140445,28.5794241882498,0.));
#10861=CARTESIAN_POINT('Ctrl Pts',(40.1748744320281,28.6277847879235,0.));
#10862=CARTESIAN_POINT('Ctrl Pts',(40.181105742231,28.6527971923351,0.));
#10863=CARTESIAN_POINT('',(40.123807201162,28.5167126357555,0.2));
#10864=CARTESIAN_POINT('',(40.123807201162,28.5167126357555,0.));
#10865=CARTESIAN_POINT('Ctrl Pts',(40.123807201162,28.5167126357555,0.2));
#10866=CARTESIAN_POINT('Ctrl Pts',(40.1365117543785,28.5371313525132,0.2));
#10867=CARTESIAN_POINT('Ctrl Pts',(40.1628264140445,28.5794241882498,0.2));
#10868=CARTESIAN_POINT('Ctrl Pts',(40.1748744320281,28.6277847879235,0.2));
#10869=CARTESIAN_POINT('Ctrl Pts',(40.181105742231,28.6527971923351,0.2));
#10870=CARTESIAN_POINT('Ctrl Pts',(40.0005120132118,28.4241136908531,0.));
#10871=CARTESIAN_POINT('Ctrl Pts',(40.0005120132118,28.4241136908531,0.2));
#10872=CARTESIAN_POINT('Ctrl Pts',(40.0257351915276,28.4361174733267,0.));
#10873=CARTESIAN_POINT('Ctrl Pts',(40.0257351915276,28.4361174733267,0.2));
#10874=CARTESIAN_POINT('Ctrl Pts',(40.0731741003072,28.4586937852667,0.));
#10875=CARTESIAN_POINT('Ctrl Pts',(40.0731741003072,28.4586937852667,0.2));
#10876=CARTESIAN_POINT('Ctrl Pts',(40.1076582219503,28.4982080370916,0.));
#10877=CARTESIAN_POINT('Ctrl Pts',(40.1076582219503,28.4982080370916,0.2));
#10878=CARTESIAN_POINT('Ctrl Pts',(40.123807201162,28.5167126357555,0.));
#10879=CARTESIAN_POINT('Ctrl Pts',(40.123807201162,28.5167126357555,0.2));
#10880=CARTESIAN_POINT('',(40.0005120132118,28.4241136908531,0.));
#10881=CARTESIAN_POINT('Ctrl Pts',(40.0005120132118,28.4241136908531,0.));
#10882=CARTESIAN_POINT('Ctrl Pts',(40.0257351915276,28.4361174733267,0.));
#10883=CARTESIAN_POINT('Ctrl Pts',(40.0731741003072,28.4586937852667,0.));
#10884=CARTESIAN_POINT('Ctrl Pts',(40.1076582219503,28.4982080370916,0.));
#10885=CARTESIAN_POINT('Ctrl Pts',(40.123807201162,28.5167126357555,0.));
#10886=CARTESIAN_POINT('',(40.0005120132118,28.4241136908531,0.2));
#10887=CARTESIAN_POINT('',(40.0005120132118,28.4241136908531,0.));
#10888=CARTESIAN_POINT('Ctrl Pts',(40.0005120132118,28.4241136908531,0.2));
#10889=CARTESIAN_POINT('Ctrl Pts',(40.0257351915276,28.4361174733267,0.2));
#10890=CARTESIAN_POINT('Ctrl Pts',(40.0731741003072,28.4586937852667,0.2));
#10891=CARTESIAN_POINT('Ctrl Pts',(40.1076582219503,28.4982080370916,0.2));
#10892=CARTESIAN_POINT('Ctrl Pts',(40.123807201162,28.5167126357555,0.2));
#10893=CARTESIAN_POINT('Ctrl Pts',(39.8199188802391,28.388813585043,0.));
#10894=CARTESIAN_POINT('Ctrl Pts',(39.8199188802391,28.388813585043,0.2));
#10895=CARTESIAN_POINT('Ctrl Pts',(39.8516592168779,28.3901402562106,0.));
#10896=CARTESIAN_POINT('Ctrl Pts',(39.8516592168779,28.3901402562106,0.2));
#10897=CARTESIAN_POINT('Ctrl Pts',(39.9136733669419,28.3927323013364,0.));
#10898=CARTESIAN_POINT('Ctrl Pts',(39.9136733669419,28.3927323013364,0.2));
#10899=CARTESIAN_POINT('Ctrl Pts',(39.9720257743148,28.4138194520885,0.));
#10900=CARTESIAN_POINT('Ctrl Pts',(39.9720257743148,28.4138194520885,0.2));
#10901=CARTESIAN_POINT('Ctrl Pts',(40.0005120132118,28.4241136908531,0.));
#10902=CARTESIAN_POINT('Ctrl Pts',(40.0005120132118,28.4241136908531,0.2));
#10903=CARTESIAN_POINT('',(39.8199188802391,28.388813585043,0.));
#10904=CARTESIAN_POINT('Ctrl Pts',(39.8199188802391,28.388813585043,0.));
#10905=CARTESIAN_POINT('Ctrl Pts',(39.8516592168779,28.3901402562106,0.));
#10906=CARTESIAN_POINT('Ctrl Pts',(39.9136733669419,28.3927323013364,0.));
#10907=CARTESIAN_POINT('Ctrl Pts',(39.9720257743148,28.4138194520885,0.));
#10908=CARTESIAN_POINT('Ctrl Pts',(40.0005120132118,28.4241136908531,0.));
#10909=CARTESIAN_POINT('',(39.8199188802391,28.388813585043,0.2));
#10910=CARTESIAN_POINT('',(39.8199188802391,28.388813585043,0.));
#10911=CARTESIAN_POINT('Ctrl Pts',(39.8199188802391,28.388813585043,0.2));
#10912=CARTESIAN_POINT('Ctrl Pts',(39.8516592168779,28.3901402562106,0.2));
#10913=CARTESIAN_POINT('Ctrl Pts',(39.9136733669419,28.3927323013364,0.2));
#10914=CARTESIAN_POINT('Ctrl Pts',(39.9720257743148,28.4138194520885,0.2));
#10915=CARTESIAN_POINT('Ctrl Pts',(40.0005120132118,28.4241136908531,0.2));
#10916=CARTESIAN_POINT('Ctrl Pts',(39.4740796182305,28.5678721964359,0.));
#10917=CARTESIAN_POINT('Ctrl Pts',(39.4740796182305,28.5678721964359,0.2));
#10918=CARTESIAN_POINT('Ctrl Pts',(39.5189538079286,28.5156498961171,0.));
#10919=CARTESIAN_POINT('Ctrl Pts',(39.5189538079286,28.5156498961171,0.2));
#10920=CARTESIAN_POINT('Ctrl Pts',(39.6100304303875,28.4096595537384,0.));
#10921=CARTESIAN_POINT('Ctrl Pts',(39.6100304303875,28.4096595537384,0.2));
#10922=CARTESIAN_POINT('Ctrl Pts',(39.749279138612,28.3958294729761,0.));
#10923=CARTESIAN_POINT('Ctrl Pts',(39.749279138612,28.3958294729761,0.2));
#10924=CARTESIAN_POINT('Ctrl Pts',(39.8199188802391,28.388813585043,0.));
#10925=CARTESIAN_POINT('Ctrl Pts',(39.8199188802391,28.388813585043,0.2));
#10926=CARTESIAN_POINT('',(39.4740796182305,28.5678721964359,0.));
#10927=CARTESIAN_POINT('Ctrl Pts',(39.4740796182305,28.5678721964359,0.));
#10928=CARTESIAN_POINT('Ctrl Pts',(39.5189538079286,28.5156498961171,0.));
#10929=CARTESIAN_POINT('Ctrl Pts',(39.6100304303875,28.4096595537384,0.));
#10930=CARTESIAN_POINT('Ctrl Pts',(39.749279138612,28.3958294729761,0.));
#10931=CARTESIAN_POINT('Ctrl Pts',(39.8199188802391,28.388813585043,0.));
#10932=CARTESIAN_POINT('',(39.4740796182305,28.5678721964359,0.2));
#10933=CARTESIAN_POINT('',(39.4740796182305,28.5678721964359,0.));
#10934=CARTESIAN_POINT('Ctrl Pts',(39.4740796182305,28.5678721964359,0.2));
#10935=CARTESIAN_POINT('Ctrl Pts',(39.5189538079286,28.5156498961171,0.2));
#10936=CARTESIAN_POINT('Ctrl Pts',(39.6100304303875,28.4096595537384,0.2));
#10937=CARTESIAN_POINT('Ctrl Pts',(39.749279138612,28.3958294729761,0.2));
#10938=CARTESIAN_POINT('Ctrl Pts',(39.8199188802391,28.388813585043,0.2));
#10939=CARTESIAN_POINT('Origin',(39.4740796182305,28.4133701771498,0.));
#10940=CARTESIAN_POINT('',(39.4740796182305,28.4133701771498,0.));
#10941=CARTESIAN_POINT('',(39.4740796182305,15.0641850885749,0.));
#10942=CARTESIAN_POINT('',(39.4740796182305,28.4133701771498,0.2));
#10943=CARTESIAN_POINT('',(39.4740796182305,28.4133701771498,0.));
#10944=CARTESIAN_POINT('',(39.4740796182305,28.4133701771498,0.2));
#10945=CARTESIAN_POINT('Origin',(39.3083226773888,28.4133701771498,0.));
#10946=CARTESIAN_POINT('',(39.3083226773888,28.4133701771498,0.));
#10947=CARTESIAN_POINT('',(34.1966613386944,28.4133701771498,0.));
#10948=CARTESIAN_POINT('',(39.3083226773888,28.4133701771498,0.2));
#10949=CARTESIAN_POINT('',(39.3083226773888,28.4133701771498,0.));
#10950=CARTESIAN_POINT('',(39.3083226773888,28.4133701771498,0.2));
#10951=CARTESIAN_POINT('Origin',(39.3083226773888,29.5000004768372,0.));
#10952=CARTESIAN_POINT('',(39.3083226773888,29.5000004768372,0.));
#10953=CARTESIAN_POINT('',(39.3083226773888,15.6075002384186,0.));
#10954=CARTESIAN_POINT('',(39.3083226773888,29.5000004768372,0.2));
#10955=CARTESIAN_POINT('',(39.3083226773888,29.5000004768372,0.));
#10956=CARTESIAN_POINT('',(39.3083226773888,29.5000004768372,0.2));
#10957=CARTESIAN_POINT('Origin',(39.4924974534661,29.5000004768372,0.));
#10958=CARTESIAN_POINT('',(34.288748726733,29.5000004768372,0.));
#10959=CARTESIAN_POINT('',(39.4924974534661,29.5000004768372,0.2));
#10960=CARTESIAN_POINT('Origin',(40.4440660076216,28.762278854847,0.2));
#10961=CARTESIAN_POINT('Origin',(36.5815147850662,28.9362214505672,0.));
#10962=CARTESIAN_POINT('',(36.5815147850662,28.9362214505672,0.));
#10963=CARTESIAN_POINT('',(36.5815147850662,29.5000004768372,0.));
#10964=CARTESIAN_POINT('',(36.5815147850662,15.3256107252836,0.));
#10965=CARTESIAN_POINT('',(36.5815147850662,28.9362214505672,0.2));
#10966=CARTESIAN_POINT('',(36.5815147850662,28.9362214505672,0.));
#10967=CARTESIAN_POINT('',(36.5815147850662,29.5000004768372,0.2));
#10968=CARTESIAN_POINT('',(36.5815147850662,28.9362214505672,0.2));
#10969=CARTESIAN_POINT('',(36.5815147850662,29.5000004768372,0.));
#10970=CARTESIAN_POINT('Ctrl Pts',(36.6111874673516,28.7090727686882,0.));
#10971=CARTESIAN_POINT('Ctrl Pts',(36.6111874673516,28.7090727686882,0.2));
#10972=CARTESIAN_POINT('Ctrl Pts',(36.6025760895655,28.7409622335062,0.));
#10973=CARTESIAN_POINT('Ctrl Pts',(36.6025760895655,28.7409622335062,0.2));
#10974=CARTESIAN_POINT('Ctrl Pts',(36.5825221029746,28.8152257155807,0.));
#10975=CARTESIAN_POINT('Ctrl Pts',(36.5825221029746,28.8152257155807,0.2));
#10976=CARTESIAN_POINT('Ctrl Pts',(36.5818807403266,28.8922641007296,0.));
#10977=CARTESIAN_POINT('Ctrl Pts',(36.5818807403266,28.8922641007296,0.2));
#10978=CARTESIAN_POINT('Ctrl Pts',(36.5815147850662,28.9362214505672,0.));
#10979=CARTESIAN_POINT('Ctrl Pts',(36.5815147850662,28.9362214505672,0.2));
#10980=CARTESIAN_POINT('',(36.6111874673516,28.7090727686882,0.));
#10981=CARTESIAN_POINT('Ctrl Pts',(36.6111874673516,28.7090727686882,0.));
#10982=CARTESIAN_POINT('Ctrl Pts',(36.6025760895655,28.7409622335062,0.));
#10983=CARTESIAN_POINT('Ctrl Pts',(36.5825221029746,28.8152257155807,0.));
#10984=CARTESIAN_POINT('Ctrl Pts',(36.5818807403266,28.8922641007296,0.));
#10985=CARTESIAN_POINT('Ctrl Pts',(36.5815147850662,28.9362214505672,0.));
#10986=CARTESIAN_POINT('',(36.6111874673516,28.7090727686882,0.2));
#10987=CARTESIAN_POINT('',(36.6111874673516,28.7090727686882,0.));
#10988=CARTESIAN_POINT('Ctrl Pts',(36.6111874673516,28.7090727686882,0.2));
#10989=CARTESIAN_POINT('Ctrl Pts',(36.6025760895655,28.7409622335062,0.2));
#10990=CARTESIAN_POINT('Ctrl Pts',(36.5825221029746,28.8152257155807,0.2));
#10991=CARTESIAN_POINT('Ctrl Pts',(36.5818807403266,28.8922641007296,0.2));
#10992=CARTESIAN_POINT('Ctrl Pts',(36.5815147850662,28.9362214505672,0.2));
#10993=CARTESIAN_POINT('Ctrl Pts',(36.7068559024483,28.5893592238426,0.));
#10994=CARTESIAN_POINT('Ctrl Pts',(36.7068559024483,28.5893592238426,0.2));
#10995=CARTESIAN_POINT('Ctrl Pts',(36.686268499979,28.6048556642026,0.));
#10996=CARTESIAN_POINT('Ctrl Pts',(36.686268499979,28.6048556642026,0.2));
#10997=CARTESIAN_POINT('Ctrl Pts',(36.6441728528984,28.6365416763343,0.));
#10998=CARTESIAN_POINT('Ctrl Pts',(36.6441728528984,28.6365416763343,0.2));
#10999=CARTESIAN_POINT('Ctrl Pts',(36.6223417807444,28.6845457085544,0.));
#11000=CARTESIAN_POINT('Ctrl Pts',(36.6223417807444,28.6845457085544,0.2));
#11001=CARTESIAN_POINT('Ctrl Pts',(36.6111874673516,28.7090727686882,0.));
#11002=CARTESIAN_POINT('Ctrl Pts',(36.6111874673516,28.7090727686882,0.2));
#11003=CARTESIAN_POINT('',(36.7068559024483,28.5893592238426,0.));
#11004=CARTESIAN_POINT('Ctrl Pts',(36.7068559024483,28.5893592238426,0.));
#11005=CARTESIAN_POINT('Ctrl Pts',(36.686268499979,28.6048556642026,0.));
#11006=CARTESIAN_POINT('Ctrl Pts',(36.6441728528984,28.6365416763343,0.));
#11007=CARTESIAN_POINT('Ctrl Pts',(36.6223417807444,28.6845457085544,0.));
#11008=CARTESIAN_POINT('Ctrl Pts',(36.6111874673516,28.7090727686882,0.));
#11009=CARTESIAN_POINT('',(36.7068559024483,28.5893592238426,0.2));
#11010=CARTESIAN_POINT('',(36.7068559024483,28.5893592238426,0.));
#11011=CARTESIAN_POINT('Ctrl Pts',(36.7068559024483,28.5893592238426,0.2));
#11012=CARTESIAN_POINT('Ctrl Pts',(36.686268499979,28.6048556642026,0.2));
#11013=CARTESIAN_POINT('Ctrl Pts',(36.6441728528984,28.6365416763343,0.2));
#11014=CARTESIAN_POINT('Ctrl Pts',(36.6223417807444,28.6845457085544,0.2));
#11015=CARTESIAN_POINT('Ctrl Pts',(36.6111874673516,28.7090727686882,0.2));
#11016=CARTESIAN_POINT('Ctrl Pts',(36.8506145570427,28.548431545496,0.));
#11017=CARTESIAN_POINT('Ctrl Pts',(36.8506145570427,28.548431545496,0.2));
#11018=CARTESIAN_POINT('Ctrl Pts',(36.8251878832762,28.5501343694167,0.));
#11019=CARTESIAN_POINT('Ctrl Pts',(36.8251878832762,28.5501343694167,0.2));
#11020=CARTESIAN_POINT('Ctrl Pts',(36.774352988111,28.5535387815035,0.));
#11021=CARTESIAN_POINT('Ctrl Pts',(36.774352988111,28.5535387815035,0.2));
#11022=CARTESIAN_POINT('Ctrl Pts',(36.729349485785,28.5774219661521,0.));
#11023=CARTESIAN_POINT('Ctrl Pts',(36.729349485785,28.5774219661521,0.2));
#11024=CARTESIAN_POINT('Ctrl Pts',(36.7068559024483,28.5893592238426,0.));
#11025=CARTESIAN_POINT('Ctrl Pts',(36.7068559024483,28.5893592238426,0.2));
#11026=CARTESIAN_POINT('',(36.8506145570427,28.548431545496,0.));
#11027=CARTESIAN_POINT('Ctrl Pts',(36.8506145570427,28.548431545496,0.));
#11028=CARTESIAN_POINT('Ctrl Pts',(36.8251878832762,28.5501343694167,0.));
#11029=CARTESIAN_POINT('Ctrl Pts',(36.774352988111,28.5535387815035,0.));
#11030=CARTESIAN_POINT('Ctrl Pts',(36.729349485785,28.5774219661521,0.));
#11031=CARTESIAN_POINT('Ctrl Pts',(36.7068559024483,28.5893592238426,0.));
#11032=CARTESIAN_POINT('',(36.8506145570427,28.548431545496,0.2));
#11033=CARTESIAN_POINT('',(36.8506145570427,28.548431545496,0.));
#11034=CARTESIAN_POINT('Ctrl Pts',(36.8506145570427,28.548431545496,0.2));
#11035=CARTESIAN_POINT('Ctrl Pts',(36.8251878832762,28.5501343694167,0.2));
#11036=CARTESIAN_POINT('Ctrl Pts',(36.774352988111,28.5535387815035,0.2));
#11037=CARTESIAN_POINT('Ctrl Pts',(36.729349485785,28.5774219661521,0.2));
#11038=CARTESIAN_POINT('Ctrl Pts',(36.7068559024483,28.5893592238426,0.2));
#11039=CARTESIAN_POINT('Ctrl Pts',(36.9979542586952,28.6098231375217,0.));
#11040=CARTESIAN_POINT('Ctrl Pts',(36.9979542586952,28.6098231375217,0.2));
#11041=CARTESIAN_POINT('Ctrl Pts',(36.9792878062034,28.59195242419,0.));
#11042=CARTESIAN_POINT('Ctrl Pts',(36.9792878062034,28.59195242419,0.2));
#11043=CARTESIAN_POINT('Ctrl Pts',(36.9384234675456,28.5528301066549,0.));
#11044=CARTESIAN_POINT('Ctrl Pts',(36.9384234675456,28.5528301066549,0.2));
#11045=CARTESIAN_POINT('Ctrl Pts',(36.8815232699076,28.5499798378401,0.));
#11046=CARTESIAN_POINT('Ctrl Pts',(36.8815232699076,28.5499798378401,0.2));
#11047=CARTESIAN_POINT('Ctrl Pts',(36.8506145570427,28.548431545496,0.));
#11048=CARTESIAN_POINT('Ctrl Pts',(36.8506145570427,28.548431545496,0.2));
#11049=CARTESIAN_POINT('',(36.9979542586952,28.6098231375217,0.));
#11050=CARTESIAN_POINT('Ctrl Pts',(36.9979542586952,28.6098231375217,0.));
#11051=CARTESIAN_POINT('Ctrl Pts',(36.9792878062034,28.59195242419,0.));
#11052=CARTESIAN_POINT('Ctrl Pts',(36.9384234675456,28.5528301066549,0.));
#11053=CARTESIAN_POINT('Ctrl Pts',(36.8815232699076,28.5499798378401,0.));
#11054=CARTESIAN_POINT('Ctrl Pts',(36.8506145570427,28.548431545496,0.));
#11055=CARTESIAN_POINT('',(36.9979542586952,28.6098231375217,0.2));
#11056=CARTESIAN_POINT('',(36.9979542586952,28.6098231375217,0.));
#11057=CARTESIAN_POINT('Ctrl Pts',(36.9979542586952,28.6098231375217,0.2));
#11058=CARTESIAN_POINT('Ctrl Pts',(36.9792878062034,28.59195242419,0.2));
#11059=CARTESIAN_POINT('Ctrl Pts',(36.9384234675456,28.5528301066549,0.2));
#11060=CARTESIAN_POINT('Ctrl Pts',(36.8815232699076,28.5499798378401,0.2));
#11061=CARTESIAN_POINT('Ctrl Pts',(36.8506145570427,28.548431545496,0.2));
#11062=CARTESIAN_POINT('Ctrl Pts',(37.0429745409638,28.7939977645874,0.));
#11063=CARTESIAN_POINT('Ctrl Pts',(37.0429745409638,28.7939977645874,0.2));
#11064=CARTESIAN_POINT('Ctrl Pts',(37.0422490549192,28.7573827898771,0.));
#11065=CARTESIAN_POINT('Ctrl Pts',(37.0422490549192,28.7573827898771,0.2));
#11066=CARTESIAN_POINT('Ctrl Pts',(37.0409605024248,28.6923500889044,0.));
#11067=CARTESIAN_POINT('Ctrl Pts',(37.0409605024248,28.6923500889044,0.2));
#11068=CARTESIAN_POINT('Ctrl Pts',(37.0110322049181,28.6349190989106,0.));
#11069=CARTESIAN_POINT('Ctrl Pts',(37.0110322049181,28.6349190989106,0.2));
#11070=CARTESIAN_POINT('Ctrl Pts',(36.9979542586952,28.6098231375217,0.));
#11071=CARTESIAN_POINT('Ctrl Pts',(36.9979542586952,28.6098231375217,0.2));
#11072=CARTESIAN_POINT('',(37.0429745409638,28.7939977645874,0.));
#11073=CARTESIAN_POINT('Ctrl Pts',(37.0429745409638,28.7939977645874,0.));
#11074=CARTESIAN_POINT('Ctrl Pts',(37.0422490549192,28.7573827898771,0.));
#11075=CARTESIAN_POINT('Ctrl Pts',(37.0409605024248,28.6923500889044,0.));
#11076=CARTESIAN_POINT('Ctrl Pts',(37.0110322049181,28.6349190989106,0.));
#11077=CARTESIAN_POINT('Ctrl Pts',(36.9979542586952,28.6098231375217,0.));
#11078=CARTESIAN_POINT('',(37.0429745409638,28.7939977645874,0.2));
#11079=CARTESIAN_POINT('',(37.0429745409638,28.7939977645874,0.));
#11080=CARTESIAN_POINT('Ctrl Pts',(37.0429745409638,28.7939977645874,0.2));
#11081=CARTESIAN_POINT('Ctrl Pts',(37.0422490549192,28.7573827898771,0.2));
#11082=CARTESIAN_POINT('Ctrl Pts',(37.0409605024248,28.6923500889044,0.2));
#11083=CARTESIAN_POINT('Ctrl Pts',(37.0110322049181,28.6349190989106,0.2));
#11084=CARTESIAN_POINT('Ctrl Pts',(36.9979542586952,28.6098231375217,0.2));
#11085=CARTESIAN_POINT('Origin',(37.0429745409638,29.5000004768372,0.));
#11086=CARTESIAN_POINT('',(37.0429745409638,29.5000004768372,0.));
#11087=CARTESIAN_POINT('',(37.0429745409638,15.6075002384186,0.));
#11088=CARTESIAN_POINT('',(37.0429745409638,29.5000004768372,0.2));
#11089=CARTESIAN_POINT('',(37.0429745409638,29.5000004768372,0.));
#11090=CARTESIAN_POINT('',(37.0429745409638,29.5000004768372,0.2));
#11091=CARTESIAN_POINT('Origin',(37.227149317041,29.5000004768372,0.));
#11092=CARTESIAN_POINT('',(37.227149317041,29.5000004768372,0.));
#11093=CARTESIAN_POINT('',(33.1560746585205,29.5000004768372,0.));
#11094=CARTESIAN_POINT('',(37.227149317041,29.5000004768372,0.2));
#11095=CARTESIAN_POINT('',(37.227149317041,29.5000004768372,0.));
#11096=CARTESIAN_POINT('',(37.227149317041,29.5000004768372,0.2));
#11097=CARTESIAN_POINT('Origin',(37.227149317041,28.8686908781528,0.));
#11098=CARTESIAN_POINT('',(37.227149317041,28.8686908781528,0.));
#11099=CARTESIAN_POINT('',(37.227149317041,15.2918454390764,0.));
#11100=CARTESIAN_POINT('',(37.227149317041,28.8686908781528,0.2));
#11101=CARTESIAN_POINT('',(37.227149317041,28.8686908781528,0.));
#11102=CARTESIAN_POINT('',(37.227149317041,28.8686908781528,0.2));
#11103=CARTESIAN_POINT('Ctrl Pts',(37.3028653953224,28.6246594041586,0.));
#11104=CARTESIAN_POINT('Ctrl Pts',(37.3028653953224,28.6246594041586,0.2));
#11105=CARTESIAN_POINT('Ctrl Pts',(37.2808658981494,28.6566651637189,0.));
#11106=CARTESIAN_POINT('Ctrl Pts',(37.2808658981494,28.6566651637189,0.2));
#11107=CARTESIAN_POINT('Ctrl Pts',(37.2307227484549,28.7296154489049,0.));
#11108=CARTESIAN_POINT('Ctrl Pts',(37.2307227484549,28.7296154489049,0.2));
#11109=CARTESIAN_POINT('Ctrl Pts',(37.2284339449626,28.8186940658647,0.));
#11110=CARTESIAN_POINT('Ctrl Pts',(37.2284339449626,28.8186940658647,0.2));
#11111=CARTESIAN_POINT('Ctrl Pts',(37.227149317041,28.8686908781528,0.));
#11112=CARTESIAN_POINT('Ctrl Pts',(37.227149317041,28.8686908781528,0.2));
#11113=CARTESIAN_POINT('',(37.3028653953224,28.6246594041586,0.));
#11114=CARTESIAN_POINT('Ctrl Pts',(37.3028653953224,28.6246594041586,0.));
#11115=CARTESIAN_POINT('Ctrl Pts',(37.2808658981494,28.6566651637189,0.));
#11116=CARTESIAN_POINT('Ctrl Pts',(37.2307227484549,28.7296154489049,0.));
#11117=CARTESIAN_POINT('Ctrl Pts',(37.2284339449626,28.8186940658647,0.));
#11118=CARTESIAN_POINT('Ctrl Pts',(37.227149317041,28.8686908781528,0.));
#11119=CARTESIAN_POINT('',(37.3028653953224,28.6246594041586,0.2));
#11120=CARTESIAN_POINT('',(37.3028653953224,28.6246594041586,0.));
#11121=CARTESIAN_POINT('Ctrl Pts',(37.3028653953224,28.6246594041586,0.2));
#11122=CARTESIAN_POINT('Ctrl Pts',(37.2808658981494,28.6566651637189,0.2));
#11123=CARTESIAN_POINT('Ctrl Pts',(37.2307227484549,28.7296154489049,0.2));
#11124=CARTESIAN_POINT('Ctrl Pts',(37.2284339449626,28.8186940658647,0.2));
#11125=CARTESIAN_POINT('Ctrl Pts',(37.227149317041,28.8686908781528,0.2));
#11126=CARTESIAN_POINT('Ctrl Pts',(37.4931794498116,28.548431545496,0.));
#11127=CARTESIAN_POINT('Ctrl Pts',(37.4931794498116,28.548431545496,0.2));
#11128=CARTESIAN_POINT('Ctrl Pts',(37.4568384606526,28.5513711200698,0.));
#11129=CARTESIAN_POINT('Ctrl Pts',(37.4568384606526,28.5513711200698,0.2));
#11130=CARTESIAN_POINT('Ctrl Pts',(37.3854500202034,28.5571456366492,0.));
#11131=CARTESIAN_POINT('Ctrl Pts',(37.3854500202034,28.5571456366492,0.2));
#11132=CARTESIAN_POINT('Ctrl Pts',(37.3300590474874,28.6024283180134,0.));
#11133=CARTESIAN_POINT('Ctrl Pts',(37.3300590474874,28.6024283180134,0.2));
#11134=CARTESIAN_POINT('Ctrl Pts',(37.3028653953224,28.6246594041586,0.));
#11135=CARTESIAN_POINT('Ctrl Pts',(37.3028653953224,28.6246594041586,0.2));
#11136=CARTESIAN_POINT('',(37.4931794498116,28.548431545496,0.));
#11137=CARTESIAN_POINT('Ctrl Pts',(37.4931794498116,28.548431545496,0.));
#11138=CARTESIAN_POINT('Ctrl Pts',(37.4568384606526,28.5513711200698,0.));
#11139=CARTESIAN_POINT('Ctrl Pts',(37.3854500202034,28.5571456366492,0.));
#11140=CARTESIAN_POINT('Ctrl Pts',(37.3300590474874,28.6024283180134,0.));
#11141=CARTESIAN_POINT('Ctrl Pts',(37.3028653953224,28.6246594041586,0.));
#11142=CARTESIAN_POINT('',(37.4931794498116,28.548431545496,0.2));
#11143=CARTESIAN_POINT('',(37.4931794498116,28.548431545496,0.));
#11144=CARTESIAN_POINT('Ctrl Pts',(37.4931794498116,28.548431545496,0.2));
#11145=CARTESIAN_POINT('Ctrl Pts',(37.4568384606526,28.5513711200698,0.2));
#11146=CARTESIAN_POINT('Ctrl Pts',(37.3854500202034,28.5571456366492,0.2));
#11147=CARTESIAN_POINT('Ctrl Pts',(37.3300590474874,28.6024283180134,0.2));
#11148=CARTESIAN_POINT('Ctrl Pts',(37.3028653953224,28.6246594041586,0.2));
#11149=CARTESIAN_POINT('Ctrl Pts',(37.6036840770394,28.5781041532755,0.));
#11150=CARTESIAN_POINT('Ctrl Pts',(37.6036840770394,28.5781041532755,0.2));
#11151=CARTESIAN_POINT('Ctrl Pts',(37.5869687243115,28.5694525368624,0.));
#11152=CARTESIAN_POINT('Ctrl Pts',(37.5869687243115,28.5694525368624,0.2));
#11153=CARTESIAN_POINT('Ctrl Pts',(37.5523346103716,28.551526437815,0.));
#11154=CARTESIAN_POINT('Ctrl Pts',(37.5523346103716,28.551526437815,0.2));
#11155=CARTESIAN_POINT('Ctrl Pts',(37.513349368079,28.5494867995859,0.));
#11156=CARTESIAN_POINT('Ctrl Pts',(37.513349368079,28.5494867995859,0.2));
#11157=CARTESIAN_POINT('Ctrl Pts',(37.4931794498116,28.548431545496,0.));
#11158=CARTESIAN_POINT('Ctrl Pts',(37.4931794498116,28.548431545496,0.2));
#11159=CARTESIAN_POINT('',(37.6036840770394,28.5781041532755,0.));
#11160=CARTESIAN_POINT('Ctrl Pts',(37.6036840770394,28.5781041532755,0.));
#11161=CARTESIAN_POINT('Ctrl Pts',(37.5869687243115,28.5694525368624,0.));
#11162=CARTESIAN_POINT('Ctrl Pts',(37.5523346103716,28.551526437815,0.));
#11163=CARTESIAN_POINT('Ctrl Pts',(37.513349368079,28.5494867995859,0.));
#11164=CARTESIAN_POINT('Ctrl Pts',(37.4931794498116,28.548431545496,0.));
#11165=CARTESIAN_POINT('',(37.6036840770394,28.5781041532755,0.2));
#11166=CARTESIAN_POINT('',(37.6036840770394,28.5781041532755,0.));
#11167=CARTESIAN_POINT('Ctrl Pts',(37.6036840770394,28.5781041532755,0.2));
#11168=CARTESIAN_POINT('Ctrl Pts',(37.5869687243115,28.5694525368624,0.2));
#11169=CARTESIAN_POINT('Ctrl Pts',(37.5523346103716,28.551526437815,0.2));
#11170=CARTESIAN_POINT('Ctrl Pts',(37.513349368079,28.5494867995859,0.2));
#11171=CARTESIAN_POINT('Ctrl Pts',(37.4931794498116,28.548431545496,0.2));
#11172=CARTESIAN_POINT('Ctrl Pts',(37.6686567161232,28.6563783884048,0.));
#11173=CARTESIAN_POINT('Ctrl Pts',(37.6686567161232,28.6563783884048,0.2));
#11174=CARTESIAN_POINT('Ctrl Pts',(37.6613258041895,28.64087485497,0.));
#11175=CARTESIAN_POINT('Ctrl Pts',(37.6613258041895,28.64087485497,0.2));
#11176=CARTESIAN_POINT('Ctrl Pts',(37.6463739691523,28.6092544676968,0.));
#11177=CARTESIAN_POINT('Ctrl Pts',(37.6463739691523,28.6092544676968,0.2));
#11178=CARTESIAN_POINT('Ctrl Pts',(37.6180968653685,28.5886209961608,0.));
#11179=CARTESIAN_POINT('Ctrl Pts',(37.6180968653685,28.5886209961608,0.2));
#11180=CARTESIAN_POINT('Ctrl Pts',(37.6036840770394,28.5781041532755,0.));
#11181=CARTESIAN_POINT('Ctrl Pts',(37.6036840770394,28.5781041532755,0.2));
#11182=CARTESIAN_POINT('',(37.6686567161232,28.6563783884048,0.));
#11183=CARTESIAN_POINT('Ctrl Pts',(37.6686567161232,28.6563783884048,0.));
#11184=CARTESIAN_POINT('Ctrl Pts',(37.6613258041895,28.64087485497,0.));
#11185=CARTESIAN_POINT('Ctrl Pts',(37.6463739691523,28.6092544676968,0.));
#11186=CARTESIAN_POINT('Ctrl Pts',(37.6180968653685,28.5886209961608,0.));
#11187=CARTESIAN_POINT('Ctrl Pts',(37.6036840770394,28.5781041532755,0.));
#11188=CARTESIAN_POINT('',(37.6686567161232,28.6563783884048,0.2));
#11189=CARTESIAN_POINT('',(37.6686567161232,28.6563783884048,0.));
#11190=CARTESIAN_POINT('Ctrl Pts',(37.6686567161232,28.6563783884048,0.2));
#11191=CARTESIAN_POINT('Ctrl Pts',(37.6613258041895,28.64087485497,0.2));
#11192=CARTESIAN_POINT('Ctrl Pts',(37.6463739691523,28.6092544676968,0.2));
#11193=CARTESIAN_POINT('Ctrl Pts',(37.6180968653685,28.5886209961608,0.2));
#11194=CARTESIAN_POINT('Ctrl Pts',(37.6036840770394,28.5781041532755,0.2));
#11195=CARTESIAN_POINT('Ctrl Pts',(37.6865625474602,28.8154847919941,0.));
#11196=CARTESIAN_POINT('Ctrl Pts',(37.6865625474602,28.8154847919941,0.2));
#11197=CARTESIAN_POINT('Ctrl Pts',(37.6865551059353,28.7836191321945,0.));
#11198=CARTESIAN_POINT('Ctrl Pts',(37.6865551059353,28.7836191321945,0.2));
#11199=CARTESIAN_POINT('Ctrl Pts',(37.6865425433047,28.7298241744447,0.));
#11200=CARTESIAN_POINT('Ctrl Pts',(37.6865425433047,28.7298241744447,0.2));
#11201=CARTESIAN_POINT('Ctrl Pts',(37.673836346213,28.6776478549763,0.));
#11202=CARTESIAN_POINT('Ctrl Pts',(37.673836346213,28.6776478549763,0.2));
#11203=CARTESIAN_POINT('Ctrl Pts',(37.6686567161232,28.6563783884048,0.));
#11204=CARTESIAN_POINT('Ctrl Pts',(37.6686567161232,28.6563783884048,0.2));
#11205=CARTESIAN_POINT('',(37.6865625474602,28.8154847919941,0.));
#11206=CARTESIAN_POINT('Ctrl Pts',(37.6865625474602,28.8154847919941,0.));
#11207=CARTESIAN_POINT('Ctrl Pts',(37.6865551059353,28.7836191321945,0.));
#11208=CARTESIAN_POINT('Ctrl Pts',(37.6865425433047,28.7298241744447,0.));
#11209=CARTESIAN_POINT('Ctrl Pts',(37.673836346213,28.6776478549763,0.));
#11210=CARTESIAN_POINT('Ctrl Pts',(37.6686567161232,28.6563783884048,0.));
#11211=CARTESIAN_POINT('',(37.6865625474602,28.8154847919941,0.2));
#11212=CARTESIAN_POINT('',(37.6865625474602,28.8154847919941,0.));
#11213=CARTESIAN_POINT('Ctrl Pts',(37.6865625474602,28.8154847919941,0.2));
#11214=CARTESIAN_POINT('Ctrl Pts',(37.6865551059353,28.7836191321945,0.2));
#11215=CARTESIAN_POINT('Ctrl Pts',(37.6865425433047,28.7298241744447,0.2));
#11216=CARTESIAN_POINT('Ctrl Pts',(37.673836346213,28.6776478549763,0.2));
#11217=CARTESIAN_POINT('Ctrl Pts',(37.6686567161232,28.6563783884048,0.2));
#11218=CARTESIAN_POINT('Origin',(37.6865625474602,29.5000004768372,0.));
#11219=CARTESIAN_POINT('',(37.6865625474602,29.5000004768372,0.));
#11220=CARTESIAN_POINT('',(37.6865625474602,15.6075002384186,0.));
#11221=CARTESIAN_POINT('',(37.6865625474602,29.5000004768372,0.2));
#11222=CARTESIAN_POINT('',(37.6865625474602,29.5000004768372,0.));
#11223=CARTESIAN_POINT('',(37.6865625474602,29.5000004768372,0.2));
#11224=CARTESIAN_POINT('Origin',(37.8697139117867,29.5000004768372,0.));
#11225=CARTESIAN_POINT('',(37.8697139117867,29.5000004768372,0.));
#11226=CARTESIAN_POINT('',(33.4773569558933,29.5000004768372,0.));
#11227=CARTESIAN_POINT('',(37.8697139117867,29.5000004768372,0.2));
#11228=CARTESIAN_POINT('',(37.8697139117867,29.5000004768372,0.));
#11229=CARTESIAN_POINT('',(37.8697139117867,29.5000004768372,0.2));
#11230=CARTESIAN_POINT('Origin',(37.8697139117867,28.7540931999683,0.));
#11231=CARTESIAN_POINT('',(37.8697139117867,28.7540931999683,0.));
#11232=CARTESIAN_POINT('',(37.8697139117867,15.2345465999842,0.));
#11233=CARTESIAN_POINT('',(37.8697139117867,28.7540931999683,0.2));
#11234=CARTESIAN_POINT('',(37.8697139117867,28.7540931999683,0.));
#11235=CARTESIAN_POINT('',(37.8697139117867,28.7540931999683,0.2));
#11236=CARTESIAN_POINT('Ctrl Pts',(37.7827426884323,28.4783428907394,0.));
#11237=CARTESIAN_POINT('Ctrl Pts',(37.7827426884323,28.4783428907394,0.2));
#11238=CARTESIAN_POINT('Ctrl Pts',(37.8080301982315,28.515040927321,0.));
#11239=CARTESIAN_POINT('Ctrl Pts',(37.8080301982315,28.515040927321,0.2));
#11240=CARTESIAN_POINT('Ctrl Pts',(37.8648587204158,28.5975122818573,0.));
#11241=CARTESIAN_POINT('Ctrl Pts',(37.8648587204158,28.5975122818573,0.2));
#11242=CARTESIAN_POINT('Ctrl Pts',(37.8679809881959,28.698206058529,0.));
#11243=CARTESIAN_POINT('Ctrl Pts',(37.8679809881959,28.698206058529,0.2));
#11244=CARTESIAN_POINT('Ctrl Pts',(37.8697139117867,28.7540931999683,0.));
#11245=CARTESIAN_POINT('Ctrl Pts',(37.8697139117867,28.7540931999683,0.2));
#11246=CARTESIAN_POINT('',(37.7827426884323,28.4783428907394,0.));
#11247=CARTESIAN_POINT('Ctrl Pts',(37.7827426884323,28.4783428907394,0.));
#11248=CARTESIAN_POINT('Ctrl Pts',(37.8080301982315,28.515040927321,0.));
#11249=CARTESIAN_POINT('Ctrl Pts',(37.8648587204158,28.5975122818573,0.));
#11250=CARTESIAN_POINT('Ctrl Pts',(37.8679809881959,28.698206058529,0.));
#11251=CARTESIAN_POINT('Ctrl Pts',(37.8697139117867,28.7540931999683,0.));
#11252=CARTESIAN_POINT('',(37.7827426884323,28.4783428907394,0.2));
#11253=CARTESIAN_POINT('',(37.7827426884323,28.4783428907394,0.));
#11254=CARTESIAN_POINT('Ctrl Pts',(37.7827426884323,28.4783428907394,0.2));
#11255=CARTESIAN_POINT('Ctrl Pts',(37.8080301982315,28.515040927321,0.2));
#11256=CARTESIAN_POINT('Ctrl Pts',(37.8648587204158,28.5975122818573,0.2));
#11257=CARTESIAN_POINT('Ctrl Pts',(37.8679809881959,28.698206058529,0.2));
#11258=CARTESIAN_POINT('Ctrl Pts',(37.8697139117867,28.7540931999683,0.2));
#11259=CARTESIAN_POINT('Ctrl Pts',(37.5341069791466,28.388813585043,0.));
#11260=CARTESIAN_POINT('Ctrl Pts',(37.5341069791466,28.388813585043,0.2));
#11261=CARTESIAN_POINT('Ctrl Pts',(37.5836334150986,28.3913362886963,0.));
#11262=CARTESIAN_POINT('Ctrl Pts',(37.5836334150986,28.3913362886963,0.2));
#11263=CARTESIAN_POINT('Ctrl Pts',(37.6759950053478,28.3960408654878,0.));
#11264=CARTESIAN_POINT('Ctrl Pts',(37.6759950053478,28.3960408654878,0.2));
#11265=CARTESIAN_POINT('Ctrl Pts',(37.7489212122486,28.4522666715046,0.));
#11266=CARTESIAN_POINT('Ctrl Pts',(37.7489212122486,28.4522666715046,0.2));
#11267=CARTESIAN_POINT('Ctrl Pts',(37.7827426884323,28.4783428907394,0.));
#11268=CARTESIAN_POINT('Ctrl Pts',(37.7827426884323,28.4783428907394,0.2));
#11269=CARTESIAN_POINT('',(37.5341069791466,28.388813585043,0.));
#11270=CARTESIAN_POINT('Ctrl Pts',(37.5341069791466,28.388813585043,0.));
#11271=CARTESIAN_POINT('Ctrl Pts',(37.5836334150986,28.3913362886963,0.));
#11272=CARTESIAN_POINT('Ctrl Pts',(37.6759950053478,28.3960408654878,0.));
#11273=CARTESIAN_POINT('Ctrl Pts',(37.7489212122486,28.4522666715046,0.));
#11274=CARTESIAN_POINT('Ctrl Pts',(37.7827426884323,28.4783428907394,0.));
#11275=CARTESIAN_POINT('',(37.5341069791466,28.388813585043,0.2));
#11276=CARTESIAN_POINT('',(37.5341069791466,28.388813585043,0.));
#11277=CARTESIAN_POINT('Ctrl Pts',(37.5341069791466,28.388813585043,0.2));
#11278=CARTESIAN_POINT('Ctrl Pts',(37.5836334150986,28.3913362886963,0.2));
#11279=CARTESIAN_POINT('Ctrl Pts',(37.6759950053478,28.3960408654878,0.2));
#11280=CARTESIAN_POINT('Ctrl Pts',(37.7489212122486,28.4522666715046,0.2));
#11281=CARTESIAN_POINT('Ctrl Pts',(37.7827426884323,28.4783428907394,0.2));
#11282=CARTESIAN_POINT('Ctrl Pts',(37.1984997484833,28.5791273415089,0.));
#11283=CARTESIAN_POINT('Ctrl Pts',(37.1984997484833,28.5791273415089,0.2));
#11284=CARTESIAN_POINT('Ctrl Pts',(37.243554154884,28.5236357026623,0.));
#11285=CARTESIAN_POINT('Ctrl Pts',(37.243554154884,28.5236357026623,0.2));
#11286=CARTESIAN_POINT('Ctrl Pts',(37.3308877693151,28.4160705213993,0.));
#11287=CARTESIAN_POINT('Ctrl Pts',(37.3308877693151,28.4160705213993,0.2));
#11288=CARTESIAN_POINT('Ctrl Pts',(37.4678176484687,28.3977046936586,0.));
#11289=CARTESIAN_POINT('Ctrl Pts',(37.4678176484687,28.3977046936586,0.2));
#11290=CARTESIAN_POINT('Ctrl Pts',(37.5341069791466,28.388813585043,0.));
#11291=CARTESIAN_POINT('Ctrl Pts',(37.5341069791466,28.388813585043,0.2));
#11292=CARTESIAN_POINT('',(37.1984997484833,28.5791273415089,0.));
#11293=CARTESIAN_POINT('Ctrl Pts',(37.1984997484833,28.5791273415089,0.));
#11294=CARTESIAN_POINT('Ctrl Pts',(37.243554154884,28.5236357026623,0.));
#11295=CARTESIAN_POINT('Ctrl Pts',(37.3308877693151,28.4160705213993,0.));
#11296=CARTESIAN_POINT('Ctrl Pts',(37.4678176484687,28.3977046936586,0.));
#11297=CARTESIAN_POINT('Ctrl Pts',(37.5341069791466,28.388813585043,0.));
#11298=CARTESIAN_POINT('',(37.1984997484833,28.5791273415089,0.2));
#11299=CARTESIAN_POINT('',(37.1984997484833,28.5791273415089,0.));
#11300=CARTESIAN_POINT('Ctrl Pts',(37.1984997484833,28.5791273415089,0.2));
#11301=CARTESIAN_POINT('Ctrl Pts',(37.243554154884,28.5236357026623,0.2));
#11302=CARTESIAN_POINT('Ctrl Pts',(37.3308877693151,28.4160705213993,0.2));
#11303=CARTESIAN_POINT('Ctrl Pts',(37.4678176484687,28.3977046936586,0.2));
#11304=CARTESIAN_POINT('Ctrl Pts',(37.5341069791466,28.388813585043,0.2));
#11305=CARTESIAN_POINT('Ctrl Pts',(37.0895299408585,28.43894995749,0.));
#11306=CARTESIAN_POINT('Ctrl Pts',(37.0895299408585,28.43894995749,0.2));
#11307=CARTESIAN_POINT('Ctrl Pts',(37.1134332318392,28.457468493491,0.));
#11308=CARTESIAN_POINT('Ctrl Pts',(37.1134332318392,28.457468493491,0.2));
#11309=CARTESIAN_POINT('Ctrl Pts',(37.1617101985175,28.4948699854519,0.));
#11310=CARTESIAN_POINT('Ctrl Pts',(37.1617101985175,28.4948699854519,0.2));
#11311=CARTESIAN_POINT('Ctrl Pts',(37.1861571658081,28.5508597115952,0.));
#11312=CARTESIAN_POINT('Ctrl Pts',(37.1861571658081,28.5508597115952,0.2));
#11313=CARTESIAN_POINT('Ctrl Pts',(37.1984997484833,28.5791273415089,0.));
#11314=CARTESIAN_POINT('Ctrl Pts',(37.1984997484833,28.5791273415089,0.2));
#11315=CARTESIAN_POINT('',(37.0895299408585,28.43894995749,0.));
#11316=CARTESIAN_POINT('Ctrl Pts',(37.0895299408585,28.43894995749,0.));
#11317=CARTESIAN_POINT('Ctrl Pts',(37.1134332318392,28.457468493491,0.));
#11318=CARTESIAN_POINT('Ctrl Pts',(37.1617101985175,28.4948699854519,0.));
#11319=CARTESIAN_POINT('Ctrl Pts',(37.1861571658081,28.5508597115952,0.));
#11320=CARTESIAN_POINT('Ctrl Pts',(37.1984997484833,28.5791273415089,0.));
#11321=CARTESIAN_POINT('',(37.0895299408585,28.43894995749,0.2));
#11322=CARTESIAN_POINT('',(37.0895299408585,28.43894995749,0.));
#11323=CARTESIAN_POINT('Ctrl Pts',(37.0895299408585,28.43894995749,0.2));
#11324=CARTESIAN_POINT('Ctrl Pts',(37.1134332318392,28.457468493491,0.2));
#11325=CARTESIAN_POINT('Ctrl Pts',(37.1617101985175,28.4948699854519,0.2));
#11326=CARTESIAN_POINT('Ctrl Pts',(37.1861571658081,28.5508597115952,0.2));
#11327=CARTESIAN_POINT('Ctrl Pts',(37.1984997484833,28.5791273415089,0.2));
#11328=CARTESIAN_POINT('Ctrl Pts',(36.8915420863777,28.388813585043,0.));
#11329=CARTESIAN_POINT('Ctrl Pts',(36.8915420863777,28.388813585043,0.2));
#11330=CARTESIAN_POINT('Ctrl Pts',(36.9288924880772,28.3902355581087,0.));
#11331=CARTESIAN_POINT('Ctrl Pts',(36.9288924880772,28.3902355581087,0.2));
#11332=CARTESIAN_POINT('Ctrl Pts',(36.9986049355123,28.3928895917492,0.));
#11333=CARTESIAN_POINT('Ctrl Pts',(36.9986049355123,28.3928895917492,0.2));
#11334=CARTESIAN_POINT('Ctrl Pts',(37.0607027668003,28.4243468219132,0.));
#11335=CARTESIAN_POINT('Ctrl Pts',(37.0607027668003,28.4243468219132,0.2));
#11336=CARTESIAN_POINT('Ctrl Pts',(37.0895299408585,28.43894995749,0.));
#11337=CARTESIAN_POINT('Ctrl Pts',(37.0895299408585,28.43894995749,0.2));
#11338=CARTESIAN_POINT('',(36.8915420863777,28.388813585043,0.));
#11339=CARTESIAN_POINT('Ctrl Pts',(36.8915420863777,28.388813585043,0.));
#11340=CARTESIAN_POINT('Ctrl Pts',(36.9288924880772,28.3902355581087,0.));
#11341=CARTESIAN_POINT('Ctrl Pts',(36.9986049355123,28.3928895917492,0.));
#11342=CARTESIAN_POINT('Ctrl Pts',(37.0607027668003,28.4243468219132,0.));
#11343=CARTESIAN_POINT('Ctrl Pts',(37.0895299408585,28.43894995749,0.));
#11344=CARTESIAN_POINT('',(36.8915420863777,28.388813585043,0.2));
#11345=CARTESIAN_POINT('',(36.8915420863777,28.388813585043,0.));
#11346=CARTESIAN_POINT('Ctrl Pts',(36.8915420863777,28.388813585043,0.2));
#11347=CARTESIAN_POINT('Ctrl Pts',(36.9288924880772,28.3902355581087,0.2));
#11348=CARTESIAN_POINT('Ctrl Pts',(36.9986049355123,28.3928895917492,0.2));
#11349=CARTESIAN_POINT('Ctrl Pts',(37.0607027668003,28.4243468219132,0.2));
#11350=CARTESIAN_POINT('Ctrl Pts',(37.0895299408585,28.43894995749,0.2));
#11351=CARTESIAN_POINT('Ctrl Pts',(36.6981586907059,28.4374152123928,0.));
#11352=CARTESIAN_POINT('Ctrl Pts',(36.6981586907059,28.4374152123928,0.2));
#11353=CARTESIAN_POINT('Ctrl Pts',(36.7279121714409,28.4232426234438,0.));
#11354=CARTESIAN_POINT('Ctrl Pts',(36.7279121714409,28.4232426234438,0.2));
#11355=CARTESIAN_POINT('Ctrl Pts',(36.7890736232682,28.3941093558442,0.));
#11356=CARTESIAN_POINT('Ctrl Pts',(36.7890736232682,28.3941093558442,0.2));
#11357=CARTESIAN_POINT('Ctrl Pts',(36.8567754601452,28.3906103923579,0.));
#11358=CARTESIAN_POINT('Ctrl Pts',(36.8567754601452,28.3906103923579,0.2));
#11359=CARTESIAN_POINT('Ctrl Pts',(36.8915420863777,28.388813585043,0.));
#11360=CARTESIAN_POINT('Ctrl Pts',(36.8915420863777,28.388813585043,0.2));
#11361=CARTESIAN_POINT('',(36.6981586907059,28.4374152123928,0.));
#11362=CARTESIAN_POINT('Ctrl Pts',(36.6981586907059,28.4374152123928,0.));
#11363=CARTESIAN_POINT('Ctrl Pts',(36.7279121714409,28.4232426234438,0.));
#11364=CARTESIAN_POINT('Ctrl Pts',(36.7890736232682,28.3941093558442,0.));
#11365=CARTESIAN_POINT('Ctrl Pts',(36.8567754601452,28.3906103923579,0.));
#11366=CARTESIAN_POINT('Ctrl Pts',(36.8915420863777,28.388813585043,0.));
#11367=CARTESIAN_POINT('',(36.6981586907059,28.4374152123928,0.2));
#11368=CARTESIAN_POINT('',(36.6981586907059,28.4374152123928,0.));
#11369=CARTESIAN_POINT('Ctrl Pts',(36.6981586907059,28.4374152123928,0.2));
#11370=CARTESIAN_POINT('Ctrl Pts',(36.7279121714409,28.4232426234438,0.2));
#11371=CARTESIAN_POINT('Ctrl Pts',(36.7890736232682,28.3941093558442,0.2));
#11372=CARTESIAN_POINT('Ctrl Pts',(36.8567754601452,28.3906103923579,0.2));
#11373=CARTESIAN_POINT('Ctrl Pts',(36.8915420863777,28.388813585043,0.2));
#11374=CARTESIAN_POINT('Ctrl Pts',(36.5620741341263,28.5658258199692,0.));
#11375=CARTESIAN_POINT('Ctrl Pts',(36.5620741341263,28.5658258199692,0.2));
#11376=CARTESIAN_POINT('Ctrl Pts',(36.5806494581087,28.5404574418164,0.));
#11377=CARTESIAN_POINT('Ctrl Pts',(36.5806494581087,28.5404574418164,0.2));
#11378=CARTESIAN_POINT('Ctrl Pts',(36.6181098831869,28.4892976219364,0.));
#11379=CARTESIAN_POINT('Ctrl Pts',(36.6181098831869,28.4892976219364,0.2));
#11380=CARTESIAN_POINT('Ctrl Pts',(36.6713290570997,28.4548044288197,0.));
#11381=CARTESIAN_POINT('Ctrl Pts',(36.6713290570997,28.4548044288197,0.2));
#11382=CARTESIAN_POINT('Ctrl Pts',(36.6981586907059,28.4374152123928,0.));
#11383=CARTESIAN_POINT('Ctrl Pts',(36.6981586907059,28.4374152123928,0.2));
#11384=CARTESIAN_POINT('',(36.5620741341263,28.5658258199692,0.));
#11385=CARTESIAN_POINT('Ctrl Pts',(36.5620741341263,28.5658258199692,0.));
#11386=CARTESIAN_POINT('Ctrl Pts',(36.5806494581087,28.5404574418164,0.));
#11387=CARTESIAN_POINT('Ctrl Pts',(36.6181098831869,28.4892976219364,0.));
#11388=CARTESIAN_POINT('Ctrl Pts',(36.6713290570997,28.4548044288197,0.));
#11389=CARTESIAN_POINT('Ctrl Pts',(36.6981586907059,28.4374152123928,0.));
#11390=CARTESIAN_POINT('',(36.5620741341263,28.5658258199692,0.2));
#11391=CARTESIAN_POINT('',(36.5620741341263,28.5658258199692,0.));
#11392=CARTESIAN_POINT('Ctrl Pts',(36.5620741341263,28.5658258199692,0.2));
#11393=CARTESIAN_POINT('Ctrl Pts',(36.5806494581087,28.5404574418164,0.2));
#11394=CARTESIAN_POINT('Ctrl Pts',(36.6181098831869,28.4892976219364,0.2));
#11395=CARTESIAN_POINT('Ctrl Pts',(36.6713290570997,28.4548044288197,0.2));
#11396=CARTESIAN_POINT('Ctrl Pts',(36.6981586907059,28.4374152123928,0.2));
#11397=CARTESIAN_POINT('Origin',(36.5620741341263,28.4133701771498,0.));
#11398=CARTESIAN_POINT('',(36.5620741341263,28.4133701771498,0.));
#11399=CARTESIAN_POINT('',(36.5620741341263,15.0641850885749,0.));
#11400=CARTESIAN_POINT('',(36.5620741341263,28.4133701771498,0.2));
#11401=CARTESIAN_POINT('',(36.5620741341263,28.4133701771498,0.));
#11402=CARTESIAN_POINT('',(36.5620741341263,28.4133701771498,0.2));
#11403=CARTESIAN_POINT('Origin',(36.3973401580006,28.4133701771498,0.));
#11404=CARTESIAN_POINT('',(36.3973401580006,28.4133701771498,0.));
#11405=CARTESIAN_POINT('',(32.7411700790003,28.4133701771498,0.));
#11406=CARTESIAN_POINT('',(36.3973401580006,28.4133701771498,0.2));
#11407=CARTESIAN_POINT('',(36.3973401580006,28.4133701771498,0.));
#11408=CARTESIAN_POINT('',(36.3973401580006,28.4133701771498,0.2));
#11409=CARTESIAN_POINT('Origin',(36.3973401580006,29.5000004768372,0.));
#11410=CARTESIAN_POINT('',(36.3973401580006,29.5000004768372,0.));
#11411=CARTESIAN_POINT('',(36.3973401580006,15.6075002384186,0.));
#11412=CARTESIAN_POINT('',(36.3973401580006,29.5000004768372,0.2));
#11413=CARTESIAN_POINT('',(36.3973401580006,29.5000004768372,0.));
#11414=CARTESIAN_POINT('',(36.3973401580006,29.5000004768372,0.2));
#11415=CARTESIAN_POINT('Origin',(36.5815147850662,29.5000004768372,0.));
#11416=CARTESIAN_POINT('',(32.8332573925331,29.5000004768372,0.));
#11417=CARTESIAN_POINT('',(36.5815147850662,29.5000004768372,0.2));
#11418=CARTESIAN_POINT('Origin',(40.4440660076216,28.762278854847,0.2));
#11419=CARTESIAN_POINT('Ctrl Pts',(34.4768081698567,28.5412692278624,0.));
#11420=CARTESIAN_POINT('Ctrl Pts',(34.4768081698567,28.5412692278624,0.2));
#11421=CARTESIAN_POINT('Ctrl Pts',(34.4373523947829,28.5457085904817,0.));
#11422=CARTESIAN_POINT('Ctrl Pts',(34.4373523947829,28.5457085904817,0.2));
#11423=CARTESIAN_POINT('Ctrl Pts',(34.3571564641844,28.5547318276595,0.));
#11424=CARTESIAN_POINT('Ctrl Pts',(34.3571564641844,28.5547318276595,0.2));
#11425=CARTESIAN_POINT('Ctrl Pts',(34.300460209776,28.6122980392406,0.));
#11426=CARTESIAN_POINT('Ctrl Pts',(34.300460209776,28.6122980392406,0.2));
#11427=CARTESIAN_POINT('Ctrl Pts',(34.2716580722481,28.641542121768,0.));
#11428=CARTESIAN_POINT('Ctrl Pts',(34.2716580722481,28.641542121768,0.2));
#11429=CARTESIAN_POINT('',(34.4768081698567,28.5412692278624,0.));
#11430=CARTESIAN_POINT('',(34.2716580722481,28.641542121768,0.));
#11431=CARTESIAN_POINT('Ctrl Pts',(34.4768081698567,28.5412692278624,0.));
#11432=CARTESIAN_POINT('Ctrl Pts',(34.4373523947829,28.5457085904817,0.));
#11433=CARTESIAN_POINT('Ctrl Pts',(34.3571564641844,28.5547318276595,0.));
#11434=CARTESIAN_POINT('Ctrl Pts',(34.300460209776,28.6122980392406,0.));
#11435=CARTESIAN_POINT('Ctrl Pts',(34.2716580722481,28.641542121768,0.));
#11436=CARTESIAN_POINT('',(34.4768081698567,28.5412692278624,0.2));
#11437=CARTESIAN_POINT('',(34.4768081698567,28.5412692278624,0.));
#11438=CARTESIAN_POINT('',(34.2716580722481,28.641542121768,0.2));
#11439=CARTESIAN_POINT('Ctrl Pts',(34.4768081698567,28.5412692278624,0.2));
#11440=CARTESIAN_POINT('Ctrl Pts',(34.4373523947829,28.5457085904817,0.2));
#11441=CARTESIAN_POINT('Ctrl Pts',(34.3571564641844,28.5547318276595,0.2));
#11442=CARTESIAN_POINT('Ctrl Pts',(34.300460209776,28.6122980392406,0.2));
#11443=CARTESIAN_POINT('Ctrl Pts',(34.2716580722481,28.641542121768,0.2));
#11444=CARTESIAN_POINT('',(34.2716580722481,28.641542121768,0.));
#11445=CARTESIAN_POINT('Ctrl Pts',(34.6886089537293,28.6456348747015,0.));
#11446=CARTESIAN_POINT('Ctrl Pts',(34.6886089537293,28.6456348747015,0.2));
#11447=CARTESIAN_POINT('Ctrl Pts',(34.6587487573685,28.6151987127719,0.));
#11448=CARTESIAN_POINT('Ctrl Pts',(34.6587487573685,28.6151987127719,0.2));
#11449=CARTESIAN_POINT('Ctrl Pts',(34.6002415084175,28.5555629326982,0.));
#11450=CARTESIAN_POINT('Ctrl Pts',(34.6002415084175,28.5555629326982,0.2));
#11451=CARTESIAN_POINT('Ctrl Pts',(34.517379906175,28.5459674757618,0.));
#11452=CARTESIAN_POINT('Ctrl Pts',(34.517379906175,28.5459674757618,0.2));
#11453=CARTESIAN_POINT('Ctrl Pts',(34.4768081698567,28.5412692278624,0.));
#11454=CARTESIAN_POINT('Ctrl Pts',(34.4768081698567,28.5412692278624,0.2));
#11455=CARTESIAN_POINT('',(34.6886089537293,28.6456348747015,0.));
#11456=CARTESIAN_POINT('Ctrl Pts',(34.6886089537293,28.6456348747015,0.));
#11457=CARTESIAN_POINT('Ctrl Pts',(34.6587487573685,28.6151987127719,0.));
#11458=CARTESIAN_POINT('Ctrl Pts',(34.6002415084175,28.5555629326982,0.));
#11459=CARTESIAN_POINT('Ctrl Pts',(34.517379906175,28.5459674757618,0.));
#11460=CARTESIAN_POINT('Ctrl Pts',(34.4768081698567,28.5412692278624,0.));
#11461=CARTESIAN_POINT('',(34.6886089537293,28.6456348747015,0.2));
#11462=CARTESIAN_POINT('',(34.6886089537293,28.6456348747015,0.));
#11463=CARTESIAN_POINT('Ctrl Pts',(34.6886089537293,28.6456348747015,0.2));
#11464=CARTESIAN_POINT('Ctrl Pts',(34.6587487573685,28.6151987127719,0.2));
#11465=CARTESIAN_POINT('Ctrl Pts',(34.6002415084175,28.5555629326982,0.2));
#11466=CARTESIAN_POINT('Ctrl Pts',(34.517379906175,28.5459674757618,0.2));
#11467=CARTESIAN_POINT('Ctrl Pts',(34.4768081698567,28.5412692278624,0.2));
#11468=CARTESIAN_POINT('Ctrl Pts',(34.7745571378618,28.973056524992,0.));
#11469=CARTESIAN_POINT('Ctrl Pts',(34.7745571378618,28.973056524992,0.2));
#11470=CARTESIAN_POINT('Ctrl Pts',(34.7733308362688,28.9068919243066,0.));
#11471=CARTESIAN_POINT('Ctrl Pts',(34.7733308362688,28.9068919243066,0.2));
#11472=CARTESIAN_POINT('Ctrl Pts',(34.7711671433526,28.7901507583348,0.));
#11473=CARTESIAN_POINT('Ctrl Pts',(34.7711671433526,28.7901507583348,0.2));
#11474=CARTESIAN_POINT('Ctrl Pts',(34.7135645255985,28.6893189299928,0.));
#11475=CARTESIAN_POINT('Ctrl Pts',(34.7135645255985,28.6893189299928,0.2));
#11476=CARTESIAN_POINT('Ctrl Pts',(34.6886089537293,28.6456348747015,0.));
#11477=CARTESIAN_POINT('Ctrl Pts',(34.6886089537293,28.6456348747015,0.2));
#11478=CARTESIAN_POINT('',(34.7745571378618,28.973056524992,0.));
#11479=CARTESIAN_POINT('Ctrl Pts',(34.7745571378618,28.973056524992,0.));
#11480=CARTESIAN_POINT('Ctrl Pts',(34.7733308362688,28.9068919243066,0.));
#11481=CARTESIAN_POINT('Ctrl Pts',(34.7711671433526,28.7901507583348,0.));
#11482=CARTESIAN_POINT('Ctrl Pts',(34.7135645255985,28.6893189299928,0.));
#11483=CARTESIAN_POINT('Ctrl Pts',(34.6886089537293,28.6456348747015,0.));
#11484=CARTESIAN_POINT('',(34.7745571378618,28.973056524992,0.2));
#11485=CARTESIAN_POINT('',(34.7745571378618,28.973056524992,0.));
#11486=CARTESIAN_POINT('Ctrl Pts',(34.7745571378618,28.973056524992,0.2));
#11487=CARTESIAN_POINT('Ctrl Pts',(34.7733308362688,28.9068919243066,0.2));
#11488=CARTESIAN_POINT('Ctrl Pts',(34.7711671433526,28.7901507583348,0.2));
#11489=CARTESIAN_POINT('Ctrl Pts',(34.7135645255985,28.6893189299928,0.2));
#11490=CARTESIAN_POINT('Ctrl Pts',(34.6886089537293,28.6456348747015,0.2));
#11491=CARTESIAN_POINT('Ctrl Pts',(34.6901437733322,29.2743866145611,0.));
#11492=CARTESIAN_POINT('Ctrl Pts',(34.6901437733322,29.2743866145611,0.2));
#11493=CARTESIAN_POINT('Ctrl Pts',(34.7146743338116,29.2338584047358,0.));
#11494=CARTESIAN_POINT('Ctrl Pts',(34.7146743338116,29.2338584047358,0.2));
#11495=CARTESIAN_POINT('Ctrl Pts',(34.770406495563,29.1417804129845,0.));
#11496=CARTESIAN_POINT('Ctrl Pts',(34.770406495563,29.1417804129845,0.2));
#11497=CARTESIAN_POINT('Ctrl Pts',(34.773067421076,29.033613612309,0.));
#11498=CARTESIAN_POINT('Ctrl Pts',(34.773067421076,29.033613612309,0.2));
#11499=CARTESIAN_POINT('Ctrl Pts',(34.7745571378618,28.973056524992,0.));
#11500=CARTESIAN_POINT('Ctrl Pts',(34.7745571378618,28.973056524992,0.2));
#11501=CARTESIAN_POINT('',(34.6901437733322,29.2743866145611,0.));
#11502=CARTESIAN_POINT('Ctrl Pts',(34.6901437733322,29.2743866145611,0.));
#11503=CARTESIAN_POINT('Ctrl Pts',(34.7146743338116,29.2338584047358,0.));
#11504=CARTESIAN_POINT('Ctrl Pts',(34.770406495563,29.1417804129845,0.));
#11505=CARTESIAN_POINT('Ctrl Pts',(34.773067421076,29.033613612309,0.));
#11506=CARTESIAN_POINT('Ctrl Pts',(34.7745571378618,28.973056524992,0.));
#11507=CARTESIAN_POINT('',(34.6901437733322,29.2743866145611,0.2));
#11508=CARTESIAN_POINT('',(34.6901437733322,29.2743866145611,0.));
#11509=CARTESIAN_POINT('Ctrl Pts',(34.6901437733322,29.2743866145611,0.2));
#11510=CARTESIAN_POINT('Ctrl Pts',(34.7146743338116,29.2338584047358,0.2));
#11511=CARTESIAN_POINT('Ctrl Pts',(34.770406495563,29.1417804129845,0.2));
#11512=CARTESIAN_POINT('Ctrl Pts',(34.773067421076,29.033613612309,0.2));
#11513=CARTESIAN_POINT('Ctrl Pts',(34.7745571378618,28.973056524992,0.2));
#11514=CARTESIAN_POINT('Ctrl Pts',(34.4849937129766,29.3731246888638,0.));
#11515=CARTESIAN_POINT('Ctrl Pts',(34.4849937129766,29.3731246888638,0.2));
#11516=CARTESIAN_POINT('Ctrl Pts',(34.5240083873328,29.368674883357,0.));
#11517=CARTESIAN_POINT('Ctrl Pts',(34.5240083873328,29.368674883357,0.2));
#11518=CARTESIAN_POINT('Ctrl Pts',(34.603715318244,29.3595839362725,0.));
#11519=CARTESIAN_POINT('Ctrl Pts',(34.603715318244,29.3595839362725,0.2));
#11520=CARTESIAN_POINT('Ctrl Pts',(34.6609328713144,29.3031814207873,0.));
#11521=CARTESIAN_POINT('Ctrl Pts',(34.6609328713144,29.3031814207873,0.2));
#11522=CARTESIAN_POINT('Ctrl Pts',(34.6901437733322,29.2743866145611,0.));
#11523=CARTESIAN_POINT('Ctrl Pts',(34.6901437733322,29.2743866145611,0.2));
#11524=CARTESIAN_POINT('',(34.4849937129766,29.3731246888638,0.));
#11525=CARTESIAN_POINT('Ctrl Pts',(34.4849937129766,29.3731246888638,0.));
#11526=CARTESIAN_POINT('Ctrl Pts',(34.5240083873328,29.368674883357,0.));
#11527=CARTESIAN_POINT('Ctrl Pts',(34.603715318244,29.3595839362725,0.));
#11528=CARTESIAN_POINT('Ctrl Pts',(34.6609328713144,29.3031814207873,0.));
#11529=CARTESIAN_POINT('Ctrl Pts',(34.6901437733322,29.2743866145611,0.));
#11530=CARTESIAN_POINT('',(34.4849937129766,29.3731246888638,0.2));
#11531=CARTESIAN_POINT('',(34.4849937129766,29.3731246888638,0.));
#11532=CARTESIAN_POINT('Ctrl Pts',(34.4849937129766,29.3731246888638,0.2));
#11533=CARTESIAN_POINT('Ctrl Pts',(34.5240083873328,29.368674883357,0.2));
#11534=CARTESIAN_POINT('Ctrl Pts',(34.603715318244,29.3595839362725,0.2));
#11535=CARTESIAN_POINT('Ctrl Pts',(34.6609328713144,29.3031814207873,0.2));
#11536=CARTESIAN_POINT('Ctrl Pts',(34.6901437733322,29.2743866145611,0.2));
#11537=CARTESIAN_POINT('Ctrl Pts',(34.2772856447846,29.2697821557522,0.));
#11538=CARTESIAN_POINT('Ctrl Pts',(34.2772856447846,29.2697821557522,0.2));
#11539=CARTESIAN_POINT('Ctrl Pts',(34.3071681646172,29.2999120855285,0.));
#11540=CARTESIAN_POINT('Ctrl Pts',(34.3071681646172,29.2999120855285,0.2));
#11541=CARTESIAN_POINT('Ctrl Pts',(34.3648509463735,29.3580724472835,0.));
#11542=CARTESIAN_POINT('Ctrl Pts',(34.3648509463735,29.3580724472835,0.2));
#11543=CARTESIAN_POINT('Ctrl Pts',(34.4459216322923,29.3682294928055,0.));
#11544=CARTESIAN_POINT('Ctrl Pts',(34.4459216322923,29.3682294928055,0.2));
#11545=CARTESIAN_POINT('Ctrl Pts',(34.4849937129766,29.3731246888638,0.));
#11546=CARTESIAN_POINT('Ctrl Pts',(34.4849937129766,29.3731246888638,0.2));
#11547=CARTESIAN_POINT('',(34.2772856447846,29.2697821557522,0.));
#11548=CARTESIAN_POINT('Ctrl Pts',(34.2772856447846,29.2697821557522,0.));
#11549=CARTESIAN_POINT('Ctrl Pts',(34.3071681646172,29.2999120855285,0.));
#11550=CARTESIAN_POINT('Ctrl Pts',(34.3648509463735,29.3580724472835,0.));
#11551=CARTESIAN_POINT('Ctrl Pts',(34.4459216322923,29.3682294928055,0.));
#11552=CARTESIAN_POINT('Ctrl Pts',(34.4849937129766,29.3731246888638,0.));
#11553=CARTESIAN_POINT('',(34.2772856447846,29.2697821557522,0.2));
#11554=CARTESIAN_POINT('',(34.2772856447846,29.2697821557522,0.));
#11555=CARTESIAN_POINT('Ctrl Pts',(34.2772856447846,29.2697821557522,0.2));
#11556=CARTESIAN_POINT('Ctrl Pts',(34.3071681646172,29.2999120855285,0.2));
#11557=CARTESIAN_POINT('Ctrl Pts',(34.3648509463735,29.3580724472835,0.2));
#11558=CARTESIAN_POINT('Ctrl Pts',(34.4459216322923,29.3682294928055,0.2));
#11559=CARTESIAN_POINT('Ctrl Pts',(34.4849937129766,29.3731246888638,0.2));
#11560=CARTESIAN_POINT('Ctrl Pts',(34.1892910841852,28.9577086269855,0.));
#11561=CARTESIAN_POINT('Ctrl Pts',(34.1892910841852,28.9577086269855,0.2));
#11562=CARTESIAN_POINT('Ctrl Pts',(34.1909214161153,29.0202384592229,0.));
#11563=CARTESIAN_POINT('Ctrl Pts',(34.1909214161153,29.0202384592229,0.2));
#11564=CARTESIAN_POINT('Ctrl Pts',(34.1938431550588,29.1322989805264,0.));
#11565=CARTESIAN_POINT('Ctrl Pts',(34.1938431550588,29.1322989805264,0.2));
#11566=CARTESIAN_POINT('Ctrl Pts',(34.2517089812763,29.227641024509,0.));
#11567=CARTESIAN_POINT('Ctrl Pts',(34.2517089812763,29.227641024509,0.2));
#11568=CARTESIAN_POINT('Ctrl Pts',(34.2772856447846,29.2697821557522,0.));
#11569=CARTESIAN_POINT('Ctrl Pts',(34.2772856447846,29.2697821557522,0.2));
#11570=CARTESIAN_POINT('',(34.1892910841852,28.9577086269855,0.));
#11571=CARTESIAN_POINT('Ctrl Pts',(34.1892910841852,28.9577086269855,0.));
#11572=CARTESIAN_POINT('Ctrl Pts',(34.1909214161153,29.0202384592229,0.));
#11573=CARTESIAN_POINT('Ctrl Pts',(34.1938431550588,29.1322989805264,0.));
#11574=CARTESIAN_POINT('Ctrl Pts',(34.2517089812763,29.227641024509,0.));
#11575=CARTESIAN_POINT('Ctrl Pts',(34.2772856447846,29.2697821557522,0.));
#11576=CARTESIAN_POINT('',(34.1892910841852,28.9577086269855,0.2));
#11577=CARTESIAN_POINT('',(34.1892910841852,28.9577086269855,0.));
#11578=CARTESIAN_POINT('Ctrl Pts',(34.1892910841852,28.9577086269855,0.2));
#11579=CARTESIAN_POINT('Ctrl Pts',(34.1909214161153,29.0202384592229,0.2));
#11580=CARTESIAN_POINT('Ctrl Pts',(34.1938431550588,29.1322989805264,0.2));
#11581=CARTESIAN_POINT('Ctrl Pts',(34.2517089812763,29.227641024509,0.2));
#11582=CARTESIAN_POINT('Ctrl Pts',(34.2772856447846,29.2697821557522,0.2));
#11583=CARTESIAN_POINT('Ctrl Pts',(34.2716580722481,28.641542121768,0.));
#11584=CARTESIAN_POINT('Ctrl Pts',(34.2716580722481,28.641542121768,0.2));
#11585=CARTESIAN_POINT('Ctrl Pts',(34.2477455264172,28.6836541833024,0.));
#11586=CARTESIAN_POINT('Ctrl Pts',(34.2477455264172,28.6836541833024,0.2));
#11587=CARTESIAN_POINT('Ctrl Pts',(34.1924171884293,28.7810921721482,0.));
#11588=CARTESIAN_POINT('Ctrl Pts',(34.1924171884293,28.7810921721482,0.2));
#11589=CARTESIAN_POINT('Ctrl Pts',(34.1904232534863,28.8937441163332,0.));
#11590=CARTESIAN_POINT('Ctrl Pts',(34.1904232534863,28.8937441163332,0.2));
#11591=CARTESIAN_POINT('Ctrl Pts',(34.1892910841852,28.9577086269855,0.));
#11592=CARTESIAN_POINT('Ctrl Pts',(34.1892910841852,28.9577086269855,0.2));
#11593=CARTESIAN_POINT('Ctrl Pts',(34.2716580722481,28.641542121768,0.));
#11594=CARTESIAN_POINT('Ctrl Pts',(34.2477455264172,28.6836541833024,0.));
#11595=CARTESIAN_POINT('Ctrl Pts',(34.1924171884293,28.7810921721482,0.));
#11596=CARTESIAN_POINT('Ctrl Pts',(34.1904232534863,28.8937441163332,0.));
#11597=CARTESIAN_POINT('Ctrl Pts',(34.1892910841852,28.9577086269855,0.));
#11598=CARTESIAN_POINT('Ctrl Pts',(34.2716580722481,28.641542121768,0.2));
#11599=CARTESIAN_POINT('Ctrl Pts',(34.2477455264172,28.6836541833024,0.2));
#11600=CARTESIAN_POINT('Ctrl Pts',(34.1924171884293,28.7810921721482,0.2));
#11601=CARTESIAN_POINT('Ctrl Pts',(34.1904232534863,28.8937441163332,0.2));
#11602=CARTESIAN_POINT('Ctrl Pts',(34.1892910841852,28.9577086269855,0.2));
#11603=CARTESIAN_POINT('Origin',(34.9423606786877,28.0000005662441,0.));
#11604=CARTESIAN_POINT('',(34.9423606786877,28.0000005662441,0.));
#11605=CARTESIAN_POINT('',(34.9423606786877,29.5000004768372,0.));
#11606=CARTESIAN_POINT('',(34.9423606786877,14.8575002831221,0.));
#11607=CARTESIAN_POINT('',(34.9423606786877,28.0000005662441,0.2));
#11608=CARTESIAN_POINT('',(34.9423606786877,28.0000005662441,0.));
#11609=CARTESIAN_POINT('',(34.9423606786877,29.5000004768372,0.2));
#11610=CARTESIAN_POINT('',(34.9423606786877,28.0000005662441,0.2));
#11611=CARTESIAN_POINT('',(34.9423606786877,29.5000004768372,0.));
#11612=CARTESIAN_POINT('Origin',(34.7592092398554,28.0000005662441,0.));
#11613=CARTESIAN_POINT('',(34.7592092398554,28.0000005662441,0.));
#11614=CARTESIAN_POINT('',(31.9221046199277,28.0000005662441,0.));
#11615=CARTESIAN_POINT('',(34.7592092398554,28.0000005662441,0.2));
#11616=CARTESIAN_POINT('',(34.7592092398554,28.0000005662441,0.));
#11617=CARTESIAN_POINT('',(34.7592092398554,28.0000005662441,0.2));
#11618=CARTESIAN_POINT('Origin',(34.7592092398554,28.5381996631622,0.));
#11619=CARTESIAN_POINT('',(34.7592092398554,28.5381996631622,0.));
#11620=CARTESIAN_POINT('',(34.7592092398554,15.1265998315811,0.));
#11621=CARTESIAN_POINT('',(34.7592092398554,28.5381996631622,0.2));
#11622=CARTESIAN_POINT('',(34.7592092398554,28.5381996631622,0.));
#11623=CARTESIAN_POINT('',(34.7592092398554,28.5381996631622,0.2));
#11624=CARTESIAN_POINT('Ctrl Pts',(34.6343798283488,28.4302528947592,0.));
#11625=CARTESIAN_POINT('Ctrl Pts',(34.6343798283488,28.4302528947592,0.2));
#11626=CARTESIAN_POINT('Ctrl Pts',(34.6586348350938,28.4449305935242,0.));
#11627=CARTESIAN_POINT('Ctrl Pts',(34.6586348350938,28.4449305935242,0.2));
#11628=CARTESIAN_POINT('Ctrl Pts',(34.7063917029563,28.4738302317646,0.));
#11629=CARTESIAN_POINT('Ctrl Pts',(34.7063917029563,28.4738302317646,0.2));
#11630=CARTESIAN_POINT('Ctrl Pts',(34.7417894733996,28.5169699631862,0.));
#11631=CARTESIAN_POINT('Ctrl Pts',(34.7417894733996,28.5169699631862,0.2));
#11632=CARTESIAN_POINT('Ctrl Pts',(34.7592092398554,28.5381996631622,0.));
#11633=CARTESIAN_POINT('Ctrl Pts',(34.7592092398554,28.5381996631622,0.2));
#11634=CARTESIAN_POINT('',(34.6343798283488,28.4302528947592,0.));
#11635=CARTESIAN_POINT('Ctrl Pts',(34.6343798283488,28.4302528947592,0.));
#11636=CARTESIAN_POINT('Ctrl Pts',(34.6586348350938,28.4449305935242,0.));
#11637=CARTESIAN_POINT('Ctrl Pts',(34.7063917029563,28.4738302317646,0.));
#11638=CARTESIAN_POINT('Ctrl Pts',(34.7417894733996,28.5169699631862,0.));
#11639=CARTESIAN_POINT('Ctrl Pts',(34.7592092398554,28.5381996631622,0.));
#11640=CARTESIAN_POINT('',(34.6343798283488,28.4302528947592,0.2));
#11641=CARTESIAN_POINT('',(34.6343798283488,28.4302528947592,0.));
#11642=CARTESIAN_POINT('Ctrl Pts',(34.6343798283488,28.4302528947592,0.2));
#11643=CARTESIAN_POINT('Ctrl Pts',(34.6586348350938,28.4449305935242,0.2));
#11644=CARTESIAN_POINT('Ctrl Pts',(34.7063917029563,28.4738302317646,0.2));
#11645=CARTESIAN_POINT('Ctrl Pts',(34.7417894733996,28.5169699631862,0.2));
#11646=CARTESIAN_POINT('Ctrl Pts',(34.7592092398554,28.5381996631622,0.2));
#11647=CARTESIAN_POINT('Ctrl Pts',(34.4594138953835,28.388813585043,0.));
#11648=CARTESIAN_POINT('Ctrl Pts',(34.4594138953835,28.388813585043,0.2));
#11649=CARTESIAN_POINT('Ctrl Pts',(34.4908358010274,28.3903151441034,0.));
#11650=CARTESIAN_POINT('Ctrl Pts',(34.4908358010274,28.3903151441034,0.2));
#11651=CARTESIAN_POINT('Ctrl Pts',(34.5517846355505,28.3932277069422,0.));
#11652=CARTESIAN_POINT('Ctrl Pts',(34.5517846355505,28.3932277069422,0.2));
#11653=CARTESIAN_POINT('Ctrl Pts',(34.6074247379266,28.4181696578093,0.));
#11654=CARTESIAN_POINT('Ctrl Pts',(34.6074247379266,28.4181696578093,0.2));
#11655=CARTESIAN_POINT('Ctrl Pts',(34.6343798283488,28.4302528947592,0.));
#11656=CARTESIAN_POINT('Ctrl Pts',(34.6343798283488,28.4302528947592,0.2));
#11657=CARTESIAN_POINT('',(34.4594138953835,28.388813585043,0.));
#11658=CARTESIAN_POINT('Ctrl Pts',(34.4594138953835,28.388813585043,0.));
#11659=CARTESIAN_POINT('Ctrl Pts',(34.4908358010274,28.3903151441034,0.));
#11660=CARTESIAN_POINT('Ctrl Pts',(34.5517846355505,28.3932277069422,0.));
#11661=CARTESIAN_POINT('Ctrl Pts',(34.6074247379266,28.4181696578093,0.));
#11662=CARTESIAN_POINT('Ctrl Pts',(34.6343798283488,28.4302528947592,0.));
#11663=CARTESIAN_POINT('',(34.4594138953835,28.388813585043,0.2));
#11664=CARTESIAN_POINT('',(34.4594138953835,28.388813585043,0.));
#11665=CARTESIAN_POINT('Ctrl Pts',(34.4594138953835,28.388813585043,0.2));
#11666=CARTESIAN_POINT('Ctrl Pts',(34.4908358010274,28.3903151441034,0.2));
#11667=CARTESIAN_POINT('Ctrl Pts',(34.5517846355505,28.3932277069422,0.2));
#11668=CARTESIAN_POINT('Ctrl Pts',(34.6074247379266,28.4181696578093,0.2));
#11669=CARTESIAN_POINT('Ctrl Pts',(34.6343798283488,28.4302528947592,0.2));
#11670=CARTESIAN_POINT('Ctrl Pts',(34.2169172782451,28.4594138711691,0.));
#11671=CARTESIAN_POINT('Ctrl Pts',(34.2169172782451,28.4594138711691,0.2));
#11672=CARTESIAN_POINT('Ctrl Pts',(34.2543410098956,28.4388226209618,0.));
#11673=CARTESIAN_POINT('Ctrl Pts',(34.2543410098956,28.4388226209618,0.2));
#11674=CARTESIAN_POINT('Ctrl Pts',(34.3298946175245,28.3972515864835,0.));
#11675=CARTESIAN_POINT('Ctrl Pts',(34.3298946175245,28.3972515864835,0.2));
#11676=CARTESIAN_POINT('Ctrl Pts',(34.4159726333385,28.3916437230562,0.));
#11677=CARTESIAN_POINT('Ctrl Pts',(34.4159726333385,28.3916437230562,0.2));
#11678=CARTESIAN_POINT('Ctrl Pts',(34.4594138953835,28.388813585043,0.));
#11679=CARTESIAN_POINT('Ctrl Pts',(34.4594138953835,28.388813585043,0.2));
#11680=CARTESIAN_POINT('',(34.2169172782451,28.4594138711691,0.));
#11681=CARTESIAN_POINT('Ctrl Pts',(34.2169172782451,28.4594138711691,0.));
#11682=CARTESIAN_POINT('Ctrl Pts',(34.2543410098956,28.4388226209618,0.));
#11683=CARTESIAN_POINT('Ctrl Pts',(34.3298946175245,28.3972515864835,0.));
#11684=CARTESIAN_POINT('Ctrl Pts',(34.4159726333385,28.3916437230562,0.));
#11685=CARTESIAN_POINT('Ctrl Pts',(34.4594138953835,28.388813585043,0.));
#11686=CARTESIAN_POINT('',(34.2169172782451,28.4594138711691,0.2));
#11687=CARTESIAN_POINT('',(34.2169172782451,28.4594138711691,0.));
#11688=CARTESIAN_POINT('Ctrl Pts',(34.2169172782451,28.4594138711691,0.2));
#11689=CARTESIAN_POINT('Ctrl Pts',(34.2543410098956,28.4388226209618,0.2));
#11690=CARTESIAN_POINT('Ctrl Pts',(34.3298946175245,28.3972515864835,0.2));
#11691=CARTESIAN_POINT('Ctrl Pts',(34.4159726333385,28.3916437230562,0.2));
#11692=CARTESIAN_POINT('Ctrl Pts',(34.4594138953835,28.388813585043,0.2));
#11693=CARTESIAN_POINT('Ctrl Pts',(34.0542296972126,28.6625175178051,0.));
#11694=CARTESIAN_POINT('Ctrl Pts',(34.0542296972126,28.6625175178051,0.2));
#11695=CARTESIAN_POINT('Ctrl Pts',(34.0740531819747,28.6212686819278,0.));
#11696=CARTESIAN_POINT('Ctrl Pts',(34.0740531819747,28.6212686819278,0.2));
#11697=CARTESIAN_POINT('Ctrl Pts',(34.112656512998,28.5409426199461,0.));
#11698=CARTESIAN_POINT('Ctrl Pts',(34.112656512998,28.5409426199461,0.2));
#11699=CARTESIAN_POINT('Ctrl Pts',(34.1827957597955,28.4860958612636,0.));
#11700=CARTESIAN_POINT('Ctrl Pts',(34.1827957597955,28.4860958612636,0.2));
#11701=CARTESIAN_POINT('Ctrl Pts',(34.2169172782451,28.4594138711691,0.));
#11702=CARTESIAN_POINT('Ctrl Pts',(34.2169172782451,28.4594138711691,0.2));
#11703=CARTESIAN_POINT('',(34.0542296972126,28.6625175178051,0.));
#11704=CARTESIAN_POINT('Ctrl Pts',(34.0542296972126,28.6625175178051,0.));
#11705=CARTESIAN_POINT('Ctrl Pts',(34.0740531819747,28.6212686819278,0.));
#11706=CARTESIAN_POINT('Ctrl Pts',(34.112656512998,28.5409426199461,0.));
#11707=CARTESIAN_POINT('Ctrl Pts',(34.1827957597955,28.4860958612636,0.));
#11708=CARTESIAN_POINT('Ctrl Pts',(34.2169172782451,28.4594138711691,0.));
#11709=CARTESIAN_POINT('',(34.0542296972126,28.6625175178051,0.2));
#11710=CARTESIAN_POINT('',(34.0542296972126,28.6625175178051,0.));
#11711=CARTESIAN_POINT('Ctrl Pts',(34.0542296972126,28.6625175178051,0.2));
#11712=CARTESIAN_POINT('Ctrl Pts',(34.0740531819747,28.6212686819278,0.2));
#11713=CARTESIAN_POINT('Ctrl Pts',(34.112656512998,28.5409426199461,0.2));
#11714=CARTESIAN_POINT('Ctrl Pts',(34.1827957597955,28.4860958612636,0.2));
#11715=CARTESIAN_POINT('Ctrl Pts',(34.2169172782451,28.4594138711691,0.2));
#11716=CARTESIAN_POINT('Ctrl Pts',(34.0000005066395,28.9577086269855,0.));
#11717=CARTESIAN_POINT('Ctrl Pts',(34.0000005066395,28.9577086269855,0.2));
#11718=CARTESIAN_POINT('Ctrl Pts',(34.001948335021,28.9055138453231,0.));
#11719=CARTESIAN_POINT('Ctrl Pts',(34.001948335021,28.9055138453231,0.2));
#11720=CARTESIAN_POINT('Ctrl Pts',(34.0057202046344,28.8044413315449,0.));
#11721=CARTESIAN_POINT('Ctrl Pts',(34.0057202046344,28.8044413315449,0.2));
#11722=CARTESIAN_POINT('Ctrl Pts',(34.0384175591986,28.7087789567741,0.));
#11723=CARTESIAN_POINT('Ctrl Pts',(34.0384175591986,28.7087789567741,0.2));
#11724=CARTESIAN_POINT('Ctrl Pts',(34.0542296972126,28.6625175178051,0.));
#11725=CARTESIAN_POINT('Ctrl Pts',(34.0542296972126,28.6625175178051,0.2));
#11726=CARTESIAN_POINT('',(34.0000005066395,28.9577086269855,0.));
#11727=CARTESIAN_POINT('Ctrl Pts',(34.0000005066395,28.9577086269855,0.));
#11728=CARTESIAN_POINT('Ctrl Pts',(34.001948335021,28.9055138453231,0.));
#11729=CARTESIAN_POINT('Ctrl Pts',(34.0057202046344,28.8044413315449,0.));
#11730=CARTESIAN_POINT('Ctrl Pts',(34.0384175591986,28.7087789567741,0.));
#11731=CARTESIAN_POINT('Ctrl Pts',(34.0542296972126,28.6625175178051,0.));
#11732=CARTESIAN_POINT('',(34.0000005066395,28.9577086269855,0.2));
#11733=CARTESIAN_POINT('',(34.0000005066395,28.9577086269855,0.));
#11734=CARTESIAN_POINT('Ctrl Pts',(34.0000005066395,28.9577086269855,0.2));
#11735=CARTESIAN_POINT('Ctrl Pts',(34.001948335021,28.9055138453231,0.2));
#11736=CARTESIAN_POINT('Ctrl Pts',(34.0057202046344,28.8044413315449,0.2));
#11737=CARTESIAN_POINT('Ctrl Pts',(34.0384175591986,28.7087789567741,0.2));
#11738=CARTESIAN_POINT('Ctrl Pts',(34.0542296972126,28.6625175178051,0.2));
#11739=CARTESIAN_POINT('Ctrl Pts',(34.0598572604358,29.2528995871544,0.));
#11740=CARTESIAN_POINT('Ctrl Pts',(34.0598572604358,29.2528995871544,0.2));
#11741=CARTESIAN_POINT('Ctrl Pts',(34.0424075528172,29.2074145966242,0.));
#11742=CARTESIAN_POINT('Ctrl Pts',(34.0424075528172,29.2074145966242,0.2));
#11743=CARTESIAN_POINT('Ctrl Pts',(34.0059717713086,29.112439871941,0.));
#11744=CARTESIAN_POINT('Ctrl Pts',(34.0059717713086,29.112439871941,0.2));
#11745=CARTESIAN_POINT('Ctrl Pts',(34.002046105283,29.0107154927552,0.));
#11746=CARTESIAN_POINT('Ctrl Pts',(34.002046105283,29.0107154927552,0.2));
#11747=CARTESIAN_POINT('Ctrl Pts',(34.0000005066395,28.9577086269855,0.));
#11748=CARTESIAN_POINT('Ctrl Pts',(34.0000005066395,28.9577086269855,0.2));
#11749=CARTESIAN_POINT('',(34.0598572604358,29.2528995871544,0.));
#11750=CARTESIAN_POINT('Ctrl Pts',(34.0598572604358,29.2528995871544,0.));
#11751=CARTESIAN_POINT('Ctrl Pts',(34.0424075528172,29.2074145966242,0.));
#11752=CARTESIAN_POINT('Ctrl Pts',(34.0059717713086,29.112439871941,0.));
#11753=CARTESIAN_POINT('Ctrl Pts',(34.002046105283,29.0107154927552,0.));
#11754=CARTESIAN_POINT('Ctrl Pts',(34.0000005066395,28.9577086269855,0.));
#11755=CARTESIAN_POINT('',(34.0598572604358,29.2528995871544,0.2));
#11756=CARTESIAN_POINT('',(34.0598572604358,29.2528995871544,0.));
#11757=CARTESIAN_POINT('Ctrl Pts',(34.0598572604358,29.2528995871544,0.2));
#11758=CARTESIAN_POINT('Ctrl Pts',(34.0424075528172,29.2074145966242,0.2));
#11759=CARTESIAN_POINT('Ctrl Pts',(34.0059717713086,29.112439871941,0.2));
#11760=CARTESIAN_POINT('Ctrl Pts',(34.002046105283,29.0107154927552,0.2));
#11761=CARTESIAN_POINT('Ctrl Pts',(34.0000005066395,28.9577086269855,0.2));
#11762=CARTESIAN_POINT('Ctrl Pts',(34.2286840174347,29.4529336690903,0.));
#11763=CARTESIAN_POINT('Ctrl Pts',(34.2286840174347,29.4529336690903,0.2));
#11764=CARTESIAN_POINT('Ctrl Pts',(34.1941994666696,29.4262412985914,0.));
#11765=CARTESIAN_POINT('Ctrl Pts',(34.1941994666696,29.4262412985914,0.2));
#11766=CARTESIAN_POINT('Ctrl Pts',(34.1236827785164,29.3716586659406,0.));
#11767=CARTESIAN_POINT('Ctrl Pts',(34.1236827785164,29.3716586659406,0.2));
#11768=CARTESIAN_POINT('Ctrl Pts',(34.0814414480105,29.293060925594,0.));
#11769=CARTESIAN_POINT('Ctrl Pts',(34.0814414480105,29.293060925594,0.2));
#11770=CARTESIAN_POINT('Ctrl Pts',(34.0598572604358,29.2528995871544,0.));
#11771=CARTESIAN_POINT('Ctrl Pts',(34.0598572604358,29.2528995871544,0.2));
#11772=CARTESIAN_POINT('',(34.2286840174347,29.4529336690903,0.));
#11773=CARTESIAN_POINT('Ctrl Pts',(34.2286840174347,29.4529336690903,0.));
#11774=CARTESIAN_POINT('Ctrl Pts',(34.1941994666696,29.4262412985914,0.));
#11775=CARTESIAN_POINT('Ctrl Pts',(34.1236827785164,29.3716586659406,0.));
#11776=CARTESIAN_POINT('Ctrl Pts',(34.0814414480105,29.293060925594,0.));
#11777=CARTESIAN_POINT('Ctrl Pts',(34.0598572604358,29.2528995871544,0.));
#11778=CARTESIAN_POINT('',(34.2286840174347,29.4529336690903,0.2));
#11779=CARTESIAN_POINT('',(34.2286840174347,29.4529336690903,0.));
#11780=CARTESIAN_POINT('Ctrl Pts',(34.2286840174347,29.4529336690903,0.2));
#11781=CARTESIAN_POINT('Ctrl Pts',(34.1941994666696,29.4262412985914,0.2));
#11782=CARTESIAN_POINT('Ctrl Pts',(34.1236827785164,29.3716586659406,0.2));
#11783=CARTESIAN_POINT('Ctrl Pts',(34.0814414480105,29.293060925594,0.2));
#11784=CARTESIAN_POINT('Ctrl Pts',(34.0598572604358,29.2528995871544,0.2));
#11785=CARTESIAN_POINT('Ctrl Pts',(34.4675994385034,29.5245571434498,0.));
#11786=CARTESIAN_POINT('Ctrl Pts',(34.4675994385034,29.5245571434498,0.2));
#11787=CARTESIAN_POINT('Ctrl Pts',(34.4251413790622,29.5215617377274,0.));
#11788=CARTESIAN_POINT('Ctrl Pts',(34.4251413790622,29.5215617377274,0.2));
#11789=CARTESIAN_POINT('Ctrl Pts',(34.3401460235765,29.5155653361595,0.));
#11790=CARTESIAN_POINT('Ctrl Pts',(34.3401460235765,29.5155653361595,0.2));
#11791=CARTESIAN_POINT('Ctrl Pts',(34.2658611034286,29.4738238625578,0.));
#11792=CARTESIAN_POINT('Ctrl Pts',(34.2658611034286,29.4738238625578,0.2));
#11793=CARTESIAN_POINT('Ctrl Pts',(34.2286840174347,29.4529336690903,0.));
#11794=CARTESIAN_POINT('Ctrl Pts',(34.2286840174347,29.4529336690903,0.2));
#11795=CARTESIAN_POINT('',(34.4675994385034,29.5245571434498,0.));
#11796=CARTESIAN_POINT('Ctrl Pts',(34.4675994385034,29.5245571434498,0.));
#11797=CARTESIAN_POINT('Ctrl Pts',(34.4251413790622,29.5215617377274,0.));
#11798=CARTESIAN_POINT('Ctrl Pts',(34.3401460235765,29.5155653361595,0.));
#11799=CARTESIAN_POINT('Ctrl Pts',(34.2658611034286,29.4738238625578,0.));
#11800=CARTESIAN_POINT('Ctrl Pts',(34.2286840174347,29.4529336690903,0.));
#11801=CARTESIAN_POINT('',(34.4675994385034,29.5245571434498,0.2));
#11802=CARTESIAN_POINT('',(34.4675994385034,29.5245571434498,0.));
#11803=CARTESIAN_POINT('Ctrl Pts',(34.4675994385034,29.5245571434498,0.2));
#11804=CARTESIAN_POINT('Ctrl Pts',(34.4251413790622,29.5215617377274,0.2));
#11805=CARTESIAN_POINT('Ctrl Pts',(34.3401460235765,29.5155653361595,0.2));
#11806=CARTESIAN_POINT('Ctrl Pts',(34.2658611034286,29.4738238625578,0.2));
#11807=CARTESIAN_POINT('Ctrl Pts',(34.2286840174347,29.4529336690903,0.2));
#11808=CARTESIAN_POINT('Ctrl Pts',(34.7714875731617,29.3628926575184,0.));
#11809=CARTESIAN_POINT('Ctrl Pts',(34.7714875731617,29.3628926575184,0.2));
#11810=CARTESIAN_POINT('Ctrl Pts',(34.7325536827937,29.4100424256139,0.));
#11811=CARTESIAN_POINT('Ctrl Pts',(34.7325536827937,29.4100424256139,0.2));
#11812=CARTESIAN_POINT('Ctrl Pts',(34.6536313390751,29.5056190599731,0.));
#11813=CARTESIAN_POINT('Ctrl Pts',(34.6536313390751,29.5056190599731,0.2));
#11814=CARTESIAN_POINT('Ctrl Pts',(34.5301600146755,29.5181884646896,0.));
#11815=CARTESIAN_POINT('Ctrl Pts',(34.5301600146755,29.5181884646896,0.2));
#11816=CARTESIAN_POINT('Ctrl Pts',(34.4675994385034,29.5245571434498,0.));
#11817=CARTESIAN_POINT('Ctrl Pts',(34.4675994385034,29.5245571434498,0.2));
#11818=CARTESIAN_POINT('',(34.7714875731617,29.3628926575184,0.));
#11819=CARTESIAN_POINT('Ctrl Pts',(34.7714875731617,29.3628926575184,0.));
#11820=CARTESIAN_POINT('Ctrl Pts',(34.7325536827937,29.4100424256139,0.));
#11821=CARTESIAN_POINT('Ctrl Pts',(34.6536313390751,29.5056190599731,0.));
#11822=CARTESIAN_POINT('Ctrl Pts',(34.5301600146755,29.5181884646896,0.));
#11823=CARTESIAN_POINT('Ctrl Pts',(34.4675994385034,29.5245571434498,0.));
#11824=CARTESIAN_POINT('',(34.7714875731617,29.3628926575184,0.2));
#11825=CARTESIAN_POINT('',(34.7714875731617,29.3628926575184,0.));
#11826=CARTESIAN_POINT('Ctrl Pts',(34.7714875731617,29.3628926575184,0.2));
#11827=CARTESIAN_POINT('Ctrl Pts',(34.7325536827937,29.4100424256139,0.2));
#11828=CARTESIAN_POINT('Ctrl Pts',(34.6536313390751,29.5056190599731,0.2));
#11829=CARTESIAN_POINT('Ctrl Pts',(34.5301600146755,29.5181884646896,0.2));
#11830=CARTESIAN_POINT('Ctrl Pts',(34.4675994385034,29.5245571434498,0.2));
#11831=CARTESIAN_POINT('Origin',(34.7714875731617,29.5000004768372,0.));
#11832=CARTESIAN_POINT('',(34.7714875731617,29.5000004768372,0.));
#11833=CARTESIAN_POINT('',(34.7714875731617,15.6075002384186,0.));
#11834=CARTESIAN_POINT('',(34.7714875731617,29.5000004768372,0.2));
#11835=CARTESIAN_POINT('',(34.7714875731617,29.5000004768372,0.));
#11836=CARTESIAN_POINT('',(34.7714875731617,29.5000004768372,0.2));
#11837=CARTESIAN_POINT('Origin',(34.9423606786877,29.5000004768372,0.));
#11838=CARTESIAN_POINT('',(32.0136803393438,29.5000004768372,0.));
#11839=CARTESIAN_POINT('',(34.9423606786877,29.5000004768372,0.2));
#11840=CARTESIAN_POINT('Origin',(40.4440660076216,28.762278854847,0.2));
#11841=CARTESIAN_POINT('Origin',(29.085,1.715,0.));
#11842=CARTESIAN_POINT('',(-11.315,-25.035,0.));
#11843=CARTESIAN_POINT('',(-6.315,-30.035,0.));
#11844=CARTESIAN_POINT('Origin',(-6.315,-25.035,0.));
#11845=CARTESIAN_POINT('',(-11.315,28.465,0.));
#11846=CARTESIAN_POINT('',(-11.315,-30.035,0.));
#11847=CARTESIAN_POINT('',(-6.315,33.465,0.));
#11848=CARTESIAN_POINT('Origin',(-6.315,28.465,0.));
#11849=CARTESIAN_POINT('',(11.397,33.465,0.));
#11850=CARTESIAN_POINT('',(-11.315,33.465,0.));
#11851=CARTESIAN_POINT('',(11.397,2.465,0.));
#11852=CARTESIAN_POINT('',(11.397,2.465,0.));
#11853=CARTESIAN_POINT('',(29.897,2.465,0.));
#11854=CARTESIAN_POINT('',(29.897,2.465,0.));
#11855=CARTESIAN_POINT('',(29.897,33.465,0.));
#11856=CARTESIAN_POINT('',(29.897,33.465,0.));
#11857=CARTESIAN_POINT('',(64.485,33.465,0.));
#11858=CARTESIAN_POINT('',(-11.315,33.465,0.));
#11859=CARTESIAN_POINT('',(69.485,28.465,0.));
#11860=CARTESIAN_POINT('Origin',(64.485,28.465,0.));
#11861=CARTESIAN_POINT('',(69.485,-25.035,0.));
#11862=CARTESIAN_POINT('',(69.485,33.465,0.));
#11863=CARTESIAN_POINT('',(64.485,-30.035,0.));
#11864=CARTESIAN_POINT('Origin',(64.485,-25.035,0.));
#11865=CARTESIAN_POINT('',(69.485,-30.035,0.));
#11866=CARTESIAN_POINT('',(2.525,-3.026,0.));
#11867=CARTESIAN_POINT('',(3.025,-2.526,0.));
#11868=CARTESIAN_POINT('Origin',(3.025,-3.026,0.));
#11869=CARTESIAN_POINT('',(2.525,-16.026,0.));
#11870=CARTESIAN_POINT('',(2.525,-3.026,0.));
#11871=CARTESIAN_POINT('',(3.025,-16.526,0.));
#11872=CARTESIAN_POINT('Origin',(3.025,-16.026,0.));
#11873=CARTESIAN_POINT('',(16.025,-16.526,0.));
#11874=CARTESIAN_POINT('',(3.025,-16.526,0.));
#11875=CARTESIAN_POINT('',(16.525,-16.026,0.));
#11876=CARTESIAN_POINT('Origin',(16.025,-16.026,0.));
#11877=CARTESIAN_POINT('',(16.525,-3.026,0.));
#11878=CARTESIAN_POINT('',(16.525,-3.026,0.));
#11879=CARTESIAN_POINT('',(16.025,-2.526,0.));
#11880=CARTESIAN_POINT('Origin',(16.025,-3.026,0.));
#11881=CARTESIAN_POINT('',(3.025,-2.526,0.));
#11882=CARTESIAN_POINT('',(62.785,-25.035,0.));
#11883=CARTESIAN_POINT('Origin',(64.485,-25.035,0.));
#11884=CARTESIAN_POINT('',(40.625,-3.026,0.));
#11885=CARTESIAN_POINT('',(41.125,-2.526,0.));
#11886=CARTESIAN_POINT('Origin',(41.125,-3.026,0.));
#11887=CARTESIAN_POINT('',(40.625,-16.026,0.));
#11888=CARTESIAN_POINT('',(40.625,-3.026,0.));
#11889=CARTESIAN_POINT('',(41.125,-16.526,0.));
#11890=CARTESIAN_POINT('Origin',(41.125,-16.026,0.));
#11891=CARTESIAN_POINT('',(54.125,-16.526,0.));
#11892=CARTESIAN_POINT('',(41.125,-16.526,0.));
#11893=CARTESIAN_POINT('',(54.625,-16.026,0.));
#11894=CARTESIAN_POINT('Origin',(54.125,-16.026,0.));
#11895=CARTESIAN_POINT('',(54.625,-3.026,0.));
#11896=CARTESIAN_POINT('',(54.625,-3.026,0.));
#11897=CARTESIAN_POINT('',(54.125,-2.526,0.));
#11898=CARTESIAN_POINT('Origin',(54.125,-3.026,0.));
#11899=CARTESIAN_POINT('',(41.125,-2.526,0.));
#11900=CARTESIAN_POINT('',(21.575,-3.026,0.));
#11901=CARTESIAN_POINT('',(22.075,-2.526,0.));
#11902=CARTESIAN_POINT('Origin',(22.075,-3.026,0.));
#11903=CARTESIAN_POINT('',(21.575,-16.026,0.));
#11904=CARTESIAN_POINT('',(21.575,-3.026,0.));
#11905=CARTESIAN_POINT('',(22.075,-16.526,0.));
#11906=CARTESIAN_POINT('Origin',(22.075,-16.026,0.));
#11907=CARTESIAN_POINT('',(35.075,-16.526,0.));
#11908=CARTESIAN_POINT('',(22.075,-16.526,0.));
#11909=CARTESIAN_POINT('',(35.575,-16.026,0.));
#11910=CARTESIAN_POINT('Origin',(35.075,-16.026,0.));
#11911=CARTESIAN_POINT('',(35.575,-3.026,0.));
#11912=CARTESIAN_POINT('',(35.575,-3.026,0.));
#11913=CARTESIAN_POINT('',(35.075,-2.526,0.));
#11914=CARTESIAN_POINT('Origin',(35.075,-3.026,0.));
#11915=CARTESIAN_POINT('',(22.075,-2.526,0.));
#11916=CARTESIAN_POINT('',(-8.015,28.465,0.));
#11917=CARTESIAN_POINT('Origin',(-6.315,28.465,0.));
#11918=CARTESIAN_POINT('',(-8.015,-25.035,0.));
#11919=CARTESIAN_POINT('Origin',(-6.315,-25.035,0.));
#11920=CARTESIAN_POINT('',(62.785,28.465,0.));
#11921=CARTESIAN_POINT('Origin',(64.485,28.465,0.));
#11922=CARTESIAN_POINT('Origin',(29.085,1.715,0.));
#11923=CARTESIAN_POINT('Origin',(29.085,1.715,0.));
#11924=CARTESIAN_POINT('Origin',(29.085,1.715,0.));
#11925=CARTESIAN_POINT('Origin',(29.085,1.715,0.));
#11926=CARTESIAN_POINT('Origin',(29.085,1.715,0.));
#11927=CARTESIAN_POINT('Origin',(29.085,1.715,0.));
#11928=CARTESIAN_POINT('Origin',(-6.315,-25.035,0.));
#11929=CARTESIAN_POINT('',(-6.315,-30.035,1.5));
#11930=CARTESIAN_POINT('',(-11.315,-25.035,1.5));
#11931=CARTESIAN_POINT('Origin',(-6.315,-25.035,1.5));
#11932=CARTESIAN_POINT('',(-11.315,-25.035,0.));
#11933=CARTESIAN_POINT('',(-6.315,-30.035,0.));
#11934=CARTESIAN_POINT('Origin',(29.085,1.715,0.));
#11935=CARTESIAN_POINT('Origin',(-11.315,33.465,0.));
#11936=CARTESIAN_POINT('',(-11.315,28.465,1.5));
#11937=CARTESIAN_POINT('',(-11.315,-30.035,1.5));
#11938=CARTESIAN_POINT('',(-11.315,28.465,0.));
#11939=CARTESIAN_POINT('Origin',(-6.315,28.465,0.));
#11940=CARTESIAN_POINT('',(-6.315,33.465,1.5));
#11941=CARTESIAN_POINT('Origin',(-6.315,28.465,1.5));
#11942=CARTESIAN_POINT('',(-6.315,33.465,0.));
#11943=CARTESIAN_POINT('Origin',(64.485,28.465,0.));
#11944=CARTESIAN_POINT('',(64.485,33.465,1.5));
#11945=CARTESIAN_POINT('',(69.485,28.465,1.5));
#11946=CARTESIAN_POINT('Origin',(64.485,28.465,1.5));
#11947=CARTESIAN_POINT('',(69.485,28.465,0.));
#11948=CARTESIAN_POINT('',(64.485,33.465,0.));
#11949=CARTESIAN_POINT('Origin',(69.485,33.465,0.));
#11950=CARTESIAN_POINT('',(29.897,33.465,1.5));
#11951=CARTESIAN_POINT('',(29.897,33.465,0.));
#11952=CARTESIAN_POINT('',(-11.315,33.465,1.5));
#11953=CARTESIAN_POINT('Origin',(64.485,-25.035,0.));
#11954=CARTESIAN_POINT('',(69.485,-25.035,1.5));
#11955=CARTESIAN_POINT('',(64.485,-30.035,1.5));
#11956=CARTESIAN_POINT('Origin',(64.485,-25.035,1.5));
#11957=CARTESIAN_POINT('',(64.485,-30.035,0.));
#11958=CARTESIAN_POINT('',(69.485,-25.035,0.));
#11959=CARTESIAN_POINT('Origin',(-11.315,-30.035,0.));
#11960=CARTESIAN_POINT('',(69.485,-30.035,1.5));
#11961=CARTESIAN_POINT('Origin',(2.525,-16.026,0.));
#11962=CARTESIAN_POINT('',(2.525,-3.026,1.5));
#11963=CARTESIAN_POINT('',(2.525,-3.026,0.));
#11964=CARTESIAN_POINT('',(2.525,-16.026,1.5));
#11965=CARTESIAN_POINT('',(2.525,-3.026,1.5));
#11966=CARTESIAN_POINT('',(2.525,-16.026,0.));
#11967=CARTESIAN_POINT('Origin',(3.025,-16.026,0.));
#11968=CARTESIAN_POINT('',(3.025,-16.526,1.5));
#11969=CARTESIAN_POINT('Origin',(3.025,-16.026,1.5));
#11970=CARTESIAN_POINT('',(3.025,-16.526,0.));
#11971=CARTESIAN_POINT('Origin',(16.025,-16.526,0.));
#11972=CARTESIAN_POINT('',(16.025,-16.526,1.5));
#11973=CARTESIAN_POINT('',(3.025,-16.526,1.5));
#11974=CARTESIAN_POINT('',(16.025,-16.526,0.));
#11975=CARTESIAN_POINT('Origin',(16.025,-16.026,0.));
#11976=CARTESIAN_POINT('',(16.525,-16.026,1.5));
#11977=CARTESIAN_POINT('Origin',(16.025,-16.026,1.5));
#11978=CARTESIAN_POINT('',(16.525,-16.026,0.));
#11979=CARTESIAN_POINT('Origin',(16.525,-3.026,0.));
#11980=CARTESIAN_POINT('',(16.525,-3.026,1.5));
#11981=CARTESIAN_POINT('',(16.525,-3.026,1.5));
#11982=CARTESIAN_POINT('',(16.525,-3.026,0.));
#11983=CARTESIAN_POINT('Origin',(16.025,-3.026,0.));
#11984=CARTESIAN_POINT('',(16.025,-2.526,1.5));
#11985=CARTESIAN_POINT('Origin',(16.025,-3.026,1.5));
#11986=CARTESIAN_POINT('',(16.025,-2.526,0.));
#11987=CARTESIAN_POINT('Origin',(3.025,-2.526,0.));
#11988=CARTESIAN_POINT('',(3.025,-2.526,1.5));
#11989=CARTESIAN_POINT('',(3.025,-2.526,1.5));
#11990=CARTESIAN_POINT('',(3.025,-2.526,0.));
#11991=CARTESIAN_POINT('Origin',(3.025,-3.026,0.));
#11992=CARTESIAN_POINT('Origin',(3.025,-3.026,1.5));
#11993=CARTESIAN_POINT('Origin',(64.485,-25.035,0.));
#11994=CARTESIAN_POINT('',(62.785,-25.035,1.5));
#11995=CARTESIAN_POINT('Origin',(64.485,-25.035,1.5));
#11996=CARTESIAN_POINT('',(62.785,-25.035,0.));
#11997=CARTESIAN_POINT('Origin',(40.625,-16.026,0.));
#11998=CARTESIAN_POINT('',(40.625,-3.026,1.5));
#11999=CARTESIAN_POINT('',(40.625,-3.026,0.));
#12000=CARTESIAN_POINT('',(40.625,-16.026,1.5));
#12001=CARTESIAN_POINT('',(40.625,-3.026,1.5));
#12002=CARTESIAN_POINT('',(40.625,-16.026,0.));
#12003=CARTESIAN_POINT('Origin',(41.125,-16.026,0.));
#12004=CARTESIAN_POINT('',(41.125,-16.526,1.5));
#12005=CARTESIAN_POINT('Origin',(41.125,-16.026,1.5));
#12006=CARTESIAN_POINT('',(41.125,-16.526,0.));
#12007=CARTESIAN_POINT('Origin',(54.125,-16.526,0.));
#12008=CARTESIAN_POINT('',(54.125,-16.526,1.5));
#12009=CARTESIAN_POINT('',(41.125,-16.526,1.5));
#12010=CARTESIAN_POINT('',(54.125,-16.526,0.));
#12011=CARTESIAN_POINT('Origin',(54.125,-16.026,0.));
#12012=CARTESIAN_POINT('',(54.625,-16.026,1.5));
#12013=CARTESIAN_POINT('Origin',(54.125,-16.026,1.5));
#12014=CARTESIAN_POINT('',(54.625,-16.026,0.));
#12015=CARTESIAN_POINT('Origin',(54.625,-3.026,0.));
#12016=CARTESIAN_POINT('',(54.625,-3.026,1.5));
#12017=CARTESIAN_POINT('',(54.625,-3.026,1.5));
#12018=CARTESIAN_POINT('',(54.625,-3.026,0.));
#12019=CARTESIAN_POINT('Origin',(54.125,-3.026,0.));
#12020=CARTESIAN_POINT('',(54.125,-2.526,1.5));
#12021=CARTESIAN_POINT('Origin',(54.125,-3.026,1.5));
#12022=CARTESIAN_POINT('',(54.125,-2.526,0.));
#12023=CARTESIAN_POINT('Origin',(41.125,-2.526,0.));
#12024=CARTESIAN_POINT('',(41.125,-2.526,1.5));
#12025=CARTESIAN_POINT('',(41.125,-2.526,1.5));
#12026=CARTESIAN_POINT('',(41.125,-2.526,0.));
#12027=CARTESIAN_POINT('Origin',(41.125,-3.026,0.));
#12028=CARTESIAN_POINT('Origin',(41.125,-3.026,1.5));
#12029=CARTESIAN_POINT('Origin',(21.575,-16.026,0.));
#12030=CARTESIAN_POINT('',(21.575,-3.026,1.5));
#12031=CARTESIAN_POINT('',(21.575,-3.026,0.));
#12032=CARTESIAN_POINT('',(21.575,-16.026,1.5));
#12033=CARTESIAN_POINT('',(21.575,-3.026,1.5));
#12034=CARTESIAN_POINT('',(21.575,-16.026,0.));
#12035=CARTESIAN_POINT('Origin',(22.075,-16.026,0.));
#12036=CARTESIAN_POINT('',(22.075,-16.526,1.5));
#12037=CARTESIAN_POINT('Origin',(22.075,-16.026,1.5));
#12038=CARTESIAN_POINT('',(22.075,-16.526,0.));
#12039=CARTESIAN_POINT('Origin',(35.075,-16.526,0.));
#12040=CARTESIAN_POINT('',(35.075,-16.526,1.5));
#12041=CARTESIAN_POINT('',(22.075,-16.526,1.5));
#12042=CARTESIAN_POINT('',(35.075,-16.526,0.));
#12043=CARTESIAN_POINT('Origin',(35.075,-16.026,0.));
#12044=CARTESIAN_POINT('',(35.575,-16.026,1.5));
#12045=CARTESIAN_POINT('Origin',(35.075,-16.026,1.5));
#12046=CARTESIAN_POINT('',(35.575,-16.026,0.));
#12047=CARTESIAN_POINT('Origin',(35.575,-3.026,0.));
#12048=CARTESIAN_POINT('',(35.575,-3.026,1.5));
#12049=CARTESIAN_POINT('',(35.575,-3.026,1.5));
#12050=CARTESIAN_POINT('',(35.575,-3.026,0.));
#12051=CARTESIAN_POINT('Origin',(35.075,-3.026,0.));
#12052=CARTESIAN_POINT('',(35.075,-2.526,1.5));
#12053=CARTESIAN_POINT('Origin',(35.075,-3.026,1.5));
#12054=CARTESIAN_POINT('',(35.075,-2.526,0.));
#12055=CARTESIAN_POINT('Origin',(22.075,-2.526,0.));
#12056=CARTESIAN_POINT('',(22.075,-2.526,1.5));
#12057=CARTESIAN_POINT('',(22.075,-2.526,1.5));
#12058=CARTESIAN_POINT('',(22.075,-2.526,0.));
#12059=CARTESIAN_POINT('Origin',(22.075,-3.026,0.));
#12060=CARTESIAN_POINT('Origin',(22.075,-3.026,1.5));
#12061=CARTESIAN_POINT('Origin',(-6.315,28.465,0.));
#12062=CARTESIAN_POINT('',(-8.015,28.465,1.5));
#12063=CARTESIAN_POINT('Origin',(-6.315,28.465,1.5));
#12064=CARTESIAN_POINT('',(-8.015,28.465,0.));
#12065=CARTESIAN_POINT('Origin',(-6.315,-25.035,0.));
#12066=CARTESIAN_POINT('',(-8.015,-25.035,1.5));
#12067=CARTESIAN_POINT('Origin',(-6.315,-25.035,1.5));
#12068=CARTESIAN_POINT('',(-8.015,-25.035,0.));
#12069=CARTESIAN_POINT('Origin',(64.485,28.465,0.));
#12070=CARTESIAN_POINT('',(62.785,28.465,1.5));
#12071=CARTESIAN_POINT('Origin',(64.485,28.465,1.5));
#12072=CARTESIAN_POINT('',(62.785,28.465,0.));
#12073=CARTESIAN_POINT('Origin',(69.485,-30.035,0.));
#12074=CARTESIAN_POINT('',(69.485,33.465,1.5));
#12075=CARTESIAN_POINT('Origin',(11.397,33.465,0.));
#12076=CARTESIAN_POINT('',(11.397,33.465,1.5));
#12077=CARTESIAN_POINT('',(-11.315,33.465,1.5));
#12078=CARTESIAN_POINT('',(11.397,33.465,0.));
#12079=CARTESIAN_POINT('Origin',(11.397,2.465,0.));
#12080=CARTESIAN_POINT('',(11.397,2.465,1.5));
#12081=CARTESIAN_POINT('',(11.397,2.465,1.5));
#12082=CARTESIAN_POINT('',(11.397,2.465,0.));
#12083=CARTESIAN_POINT('Origin',(29.897,2.465,0.));
#12084=CARTESIAN_POINT('',(29.897,2.465,1.5));
#12085=CARTESIAN_POINT('',(29.897,2.465,1.5));
#12086=CARTESIAN_POINT('',(29.897,2.465,0.));
#12087=CARTESIAN_POINT('Origin',(29.897,33.465,0.));
#12088=CARTESIAN_POINT('',(29.897,33.465,1.5));
#12089=CARTESIAN_POINT('Origin',(29.085,1.715,1.5));
#12090=CARTESIAN_POINT('',(2.94976713165916,31.6073067320601,-7.47665818146003E-15));
#12091=CARTESIAN_POINT('',(61.8242185170066,14.3703056643474,3.96449453156265));
#12092=UNCERTAINTY_MEASURE_WITH_UNIT(LENGTH_MEASURE(0.01),#12100,
'DISTANCE_ACCURACY_VALUE',
'Maximum model space distance between geometric entities at asserted c
onnectivities');
#12093=UNCERTAINTY_MEASURE_WITH_UNIT(LENGTH_MEASURE(0.01),#12100,
'DISTANCE_ACCURACY_VALUE',
'Maximum model space distance between geometric entities at asserted c
onnectivities');
#12094=UNCERTAINTY_MEASURE_WITH_UNIT(LENGTH_MEASURE(0.01),#12100,
'DISTANCE_ACCURACY_VALUE',
'Maximum model space distance between geometric entities at asserted c
onnectivities');
#12095=UNCERTAINTY_MEASURE_WITH_UNIT(LENGTH_MEASURE(0.01),#12100,
'DISTANCE_ACCURACY_VALUE',
'Maximum model space distance between geometric entities at asserted c
onnectivities');
#12096=(
GEOMETRIC_REPRESENTATION_CONTEXT(3)
GLOBAL_UNCERTAINTY_ASSIGNED_CONTEXT((#12092))
GLOBAL_UNIT_ASSIGNED_CONTEXT((#12100,#12102,#12103))
REPRESENTATION_CONTEXT('','3D')
);
#12097=(
GEOMETRIC_REPRESENTATION_CONTEXT(3)
GLOBAL_UNCERTAINTY_ASSIGNED_CONTEXT((#12093))
GLOBAL_UNIT_ASSIGNED_CONTEXT((#12100,#12102,#12103))
REPRESENTATION_CONTEXT('','3D')
);
#12098=(
GEOMETRIC_REPRESENTATION_CONTEXT(3)
GLOBAL_UNCERTAINTY_ASSIGNED_CONTEXT((#12094))
GLOBAL_UNIT_ASSIGNED_CONTEXT((#12100,#12102,#12103))
REPRESENTATION_CONTEXT('','3D')
);
#12099=(
GEOMETRIC_REPRESENTATION_CONTEXT(3)
GLOBAL_UNCERTAINTY_ASSIGNED_CONTEXT((#12095))
GLOBAL_UNIT_ASSIGNED_CONTEXT((#12100,#12102,#12103))
REPRESENTATION_CONTEXT('','3D')
);
#12100=(
LENGTH_UNIT()
NAMED_UNIT(*)
SI_UNIT(.MILLI.,.METRE.)
);
#12101=(
LENGTH_UNIT()
NAMED_UNIT(*)
SI_UNIT($,.METRE.)
);
#12102=(
NAMED_UNIT(*)
PLANE_ANGLE_UNIT()
SI_UNIT($,.RADIAN.)
);
#12103=(
NAMED_UNIT(*)
SI_UNIT($,.STERADIAN.)
SOLID_ANGLE_UNIT()
);
#12104=SHAPE_DEFINITION_REPRESENTATION(#12107,#12112);
#12105=SHAPE_DEFINITION_REPRESENTATION(#12108,#12113);
#12106=SHAPE_DEFINITION_REPRESENTATION(#12109,#12114);
#12107=PRODUCT_DEFINITION_SHAPE('',$,#12116);
#12108=PRODUCT_DEFINITION_SHAPE('',$,#12117);
#12109=PRODUCT_DEFINITION_SHAPE('',$,#12118);
#12110=PRODUCT_DEFINITION_SHAPE($,$,#17);
#12111=PRODUCT_DEFINITION_SHAPE($,$,#18);
#12112=SHAPE_REPRESENTATION('',(#6128,#6345,#6346),#12096);
#12113=SHAPE_REPRESENTATION('',(#6129),#12097);
#12114=SHAPE_REPRESENTATION('',(#6184),#12098);
#12115=PRODUCT_DEFINITION_CONTEXT('part definition',#12126,'design');
#12116=PRODUCT_DEFINITION('2025-11-24-20-55-29-691','demonbeater case',
#12119,#12115);
#12117=PRODUCT_DEFINITION('2025-11-20-20-14-30-869','demon beater',#12120,
#12115);
#12118=PRODUCT_DEFINITION('2025-11-20-20-56-19-693','demonbeater top',#12121,
#12115);
#12119=PRODUCT_DEFINITION_FORMATION('',$,#12128);
#12120=PRODUCT_DEFINITION_FORMATION('',$,#12129);
#12121=PRODUCT_DEFINITION_FORMATION('',$,#12130);
#12122=PRODUCT_RELATED_PRODUCT_CATEGORY('demonbeater case',
'demonbeater case',(#12128));
#12123=PRODUCT_RELATED_PRODUCT_CATEGORY('demon beater','demon beater',(#12129));
#12124=PRODUCT_RELATED_PRODUCT_CATEGORY('demonbeater top',
'demonbeater top',(#12130));
#12125=APPLICATION_PROTOCOL_DEFINITION('international standard',
'automotive_design',2009,#12126);
#12126=APPLICATION_CONTEXT(
'Core Data for Automotive Mechanical Design Process');
#12127=PRODUCT_CONTEXT('part definition',#12126,'mechanical');
#12128=PRODUCT('2025-11-24-20-55-29-691','demonbeater case',$,(#12127));
#12129=PRODUCT('2025-11-20-20-14-30-869','demon beater',$,(#12127));
#12130=PRODUCT('2025-11-20-20-56-19-693','demonbeater top',$,(#12127));
#12131=PRESENTATION_STYLE_ASSIGNMENT((#12132));
#12132=SURFACE_STYLE_USAGE(.BOTH.,#12133);
#12133=SURFACE_SIDE_STYLE('',(#12134));
#12134=SURFACE_STYLE_FILL_AREA(#12135);
#12135=FILL_AREA_STYLE('Steel - Satin',(#12136));
#12136=FILL_AREA_STYLE_COLOUR('Steel - Satin',#12137);
#12137=COLOUR_RGB('Steel - Satin',0.627450980392157,0.627450980392157,0.627450980392157);
ENDSEC;
END-ISO-10303-21;
